game_id,league,date,home,away,home_score,away_score,neutral,home_ml,away_ml,spread,home_spread_price,away_spread_price,total,over_price,under_price,extras
NBA-20241022-NY-BOS-19,NBA,2024-10-22T23:30:00,BOS,NY,132,109,0,,,,,,,,,"{""indoor"": true}"
NBA-20241022-MIN-LAL-22,NBA,2024-10-23T02:00:00,LAL,MIN,110,103,0,,,,,,,,,"{""indoor"": true}"
NBA-20241023-IND-DET-19,NBA,2024-10-23T23:00:00,DET,IND,109,115,0,,,,,,,,,"{""indoor"": true}"
NBA-20241023-BKN-ATL-19,NBA,2024-10-23T23:30:00,ATL,BKN,120,116,0,,,,,,,,,"{""indoor"": true}"
NBA-20241023-ORL-MIA-19,NBA,2024-10-23T23:30:00,MIA,ORL,97,116,0,,,,,,,,,"{""indoor"": true}"
NBA-20241023-MIL-PHI-19,NBA,2024-10-23T23:30:00,PHI,MIL,109,124,0,,,,,,,,,"{""indoor"": true}"
NBA-20241023-CLE-TOR-19,NBA,2024-10-23T23:30:00,TOR,CLE,106,136,0,,,,,,,,,"{""indoor"": true}"
NBA-20241023-CHA-HOU-20,NBA,2024-10-24T00:00:00,HOU,CHA,105,110,0,,,,,,,,,"{""indoor"": true}"
NBA-20241023-CHI-NO-20,NBA,2024-10-24T00:00:00,NO,CHI,123,111,0,,,,,,,,,"{""indoor"": true}"
NBA-20241023-MEM-UTAH-21,NBA,2024-10-24T01:00:00,UTAH,MEM,124,126,0,,,,,,,,,"{""indoor"": true}"
NBA-20241023-PHX-LAC-22,NBA,2024-10-24T02:00:00,LAC,PHX,113,116,0,,,,,,,,,"{""indoor"": true}"
NBA-20241023-GS-POR-22,NBA,2024-10-24T02:00:00,POR,GS,104,140,0,,,,,,,,,"{""indoor"": true}"
NBA-20241024-BOS-WSH-19,NBA,2024-10-24T23:00:00,WSH,BOS,102,122,0,,,,,,,,,"{""indoor"": true}"
NBA-20241024-SA-DAL-19,NBA,2024-10-24T23:30:00,DAL,SA,120,109,0,,,,,,,,,"{""indoor"": true}"
NBA-20241024-OKC-DEN-22,NBA,2024-10-25T02:00:00,DEN,OKC,87,102,0,,,,,,,,,"{""indoor"": true}"
NBA-20241024-MIN-SAC-22,NBA,2024-10-25T02:00:00,SAC,MIN,115,117,0,,,,,,,,,"{""indoor"": true}"
NBA-20241025-BKN-ORL-19,NBA,2024-10-25T23:00:00,ORL,BKN,116,101,0,,,,,,,,,"{""indoor"": true}"
NBA-20241025-PHI-TOR-19,NBA,2024-10-25T23:00:00,TOR,PHI,115,107,0,,,,,,,,,"{""indoor"": true}"
NBA-20241025-CHA-ATL-19,NBA,2024-10-25T23:30:00,ATL,CHA,125,120,0,,,,,,,,,"{""indoor"": true}"
NBA-20241025-DET-CLE-19,NBA,2024-10-25T23:30:00,CLE,DET,113,101,0,,,,,,,,,"{""indoor"": true}"
NBA-20241025-IND-NY-19,NBA,2024-10-25T23:30:00,NY,IND,123,98,0,,,,,,,,,"{""indoor"": true}"
NBA-20241025-MEM-HOU-20,NBA,2024-10-26T00:00:00,HOU,MEM,128,108,0,,,,,,,,,"{""indoor"": true}"
NBA-20241025-CHI-MIL-20,NBA,2024-10-26T00:00:00,MIL,CHI,122,133,0,,,,,,,,,"{""indoor"": true}"
NBA-20241025-GS-UTAH-21,NBA,2024-10-26T01:30:00,UTAH,GS,86,127,0,,,,,,,,,"{""indoor"": true}"
NBA-20241025-PHX-LAL-22,NBA,2024-10-26T02:00:00,LAL,PHX,123,116,0,,,,,,,,,"{""indoor"": true}"
NBA-20241025-NO-POR-22,NBA,2024-10-26T02:00:00,POR,NO,103,105,0,,,,,,,,,"{""indoor"": true}"
NBA-20241026-LAC-DEN-17,NBA,2024-10-26T21:00:00,DEN,LAC,104,109,0,,,,,,,,,"{""indoor"": true}"
NBA-20241026-MIA-CHA-19,NBA,2024-10-26T23:00:00,CHA,MIA,106,114,0,,,,,,,,,"{""indoor"": true}"
NBA-20241026-BOS-DET-19,NBA,2024-10-26T23:00:00,DET,BOS,118,124,0,,,,,,,,,"{""indoor"": true}"
NBA-20241026-CLE-WSH-19,NBA,2024-10-26T23:00:00,WSH,CLE,116,135,0,,,,,,,,,"{""indoor"": true}"
NBA-20241026-OKC-CHI-20,NBA,2024-10-27T00:00:00,CHI,OKC,95,114,0,,,,,,,,,"{""indoor"": true}"
NBA-20241026-ORL-MEM-20,NBA,2024-10-27T00:00:00,MEM,ORL,124,111,0,,,,,,,,,"{""indoor"": true}"
NBA-20241026-TOR-MIN-20,NBA,2024-10-27T00:00:00,MIN,TOR,112,101,0,,,,,,,,,"{""indoor"": true}"
NBA-20241026-HOU-SA-20,NBA,2024-10-27T00:30:00,SA,HOU,109,106,0,,,,,,,,,"{""indoor"": true}"
NBA-20241026-DAL-PHX-22,NBA,2024-10-27T02:00:00,PHX,DAL,114,102,0,,,,,,,,,"{""indoor"": true}"
NBA-20241026-SAC-LAL-22,NBA,2024-10-27T02:30:00,LAL,SAC,131,127,0,,,,,,,,,"{""indoor"": true}"
NBA-20241027-PHI-IND-15,NBA,2024-10-27T19:30:00,IND,PHI,114,118,0,,,,,,,,,"{""indoor"": true}"
NBA-20241027-MIL-BKN-18,NBA,2024-10-27T22:00:00,BKN,MIL,115,102,0,,,,,,,,,"{""indoor"": true}"
NBA-20241027-NO-POR-18,NBA,2024-10-27T22:00:00,POR,NO,125,103,0,,,,,,,,,"{""indoor"": true}"
NBA-20241027-ATL-OKC-19,NBA,2024-10-27T23:00:00,OKC,ATL,128,104,0,,,,,,,,,"{""indoor"": true}"
NBA-20241027-LAC-GS-20,NBA,2024-10-28T00:30:00,GS,LAC,104,112,0,,,,,,,,,"{""indoor"": true}"
NBA-20241028-IND-ORL-19,NBA,2024-10-28T23:00:00,ORL,IND,119,115,0,,,,,,,,,"{""indoor"": true}"
NBA-20241028-WSH-ATL-19,NBA,2024-10-28T23:30:00,ATL,WSH,119,121,0,,,,,,,,,"{""indoor"": true}"
NBA-20241028-MIL-BOS-19,NBA,2024-10-28T23:30:00,BOS,MIL,119,108,0,,,,,,,,,"{""indoor"": true}"
NBA-20241028-DET-MIA-19,NBA,2024-10-28T23:30:00,MIA,DET,106,98,0,,,,,,,,,"{""indoor"": true}"
NBA-20241028-CLE-NY-19,NBA,2024-10-28T23:30:00,NY,CLE,104,110,0,,,,,,,,,"{""indoor"": true}"
NBA-20241028-DEN-TOR-19,NBA,2024-10-28T23:30:00,TOR,DEN,125,127,0,,,,,,,,,"{""indoor"": true}"
NBA-20241028-CHI-MEM-20,NBA,2024-10-29T00:00:00,MEM,CHI,123,126,0,,,,,,,,,"{""indoor"": true}"
NBA-20241028-HOU-SA-20,NBA,2024-10-29T00:00:00,SA,HOU,101,106,0,,,,,,,,,"{""indoor"": true}"
NBA-20241028-UTAH-DAL-20,NBA,2024-10-29T00:30:00,DAL,UTAH,110,102,0,,,,,,,,,"{""indoor"": true}"
NBA-20241028-LAL-PHX-22,NBA,2024-10-29T02:00:00,PHX,LAL,109,105,0,,,,,,,,,"{""indoor"": true}"
NBA-20241028-POR-SAC-22,NBA,2024-10-29T02:00:00,SAC,POR,111,98,0,,,,,,,,,"{""indoor"": true}"
NBA-20241029-DEN-BKN-19,NBA,2024-10-29T23:30:00,BKN,DEN,139,144,0,,,,,,,,,"{""indoor"": true}"
NBA-20241029-DAL-MIN-19,NBA,2024-10-29T23:30:00,MIN,DAL,114,120,0,,,,,,,,,"{""indoor"": true}"
NBA-20241029-SAC-UTAH-21,NBA,2024-10-30T01:00:00,UTAH,SAC,96,113,0,,,,,,,,,"{""indoor"": true}"
NBA-20241029-NO-GS-22,NBA,2024-10-30T02:00:00,GS,NO,124,106,0,,,,,,,,,"{""indoor"": true}"
NBA-20241030-TOR-CHA-19,NBA,2024-10-30T23:00:00,CHA,TOR,138,133,0,,,,,,,,,"{""indoor"": true}"
NBA-20241030-LAL-CLE-19,NBA,2024-10-30T23:00:00,CLE,LAL,134,110,0,,,,,,,,,"{""indoor"": true}"
NBA-20241030-BOS-IND-19,NBA,2024-10-30T23:00:00,IND,BOS,135,132,0,,,,,,,,,"{""indoor"": true}"
NBA-20241030-DET-PHI-19,NBA,2024-10-30T23:00:00,PHI,DET,95,105,0,,,,,,,,,"{""indoor"": true}"
NBA-20241030-ATL-WSH-19,NBA,2024-10-30T23:00:00,WSH,ATL,133,120,0,,,,,,,,,"{""indoor"": true}"
NBA-20241030-NY-MIA-19,NBA,2024-10-30T23:30:00,MIA,NY,107,116,0,,,,,,,,,"{""indoor"": true}"
NBA-20241030-ORL-CHI-20,NBA,2024-10-31T00:00:00,CHI,ORL,102,99,0,,,,,,,,,"{""indoor"": true}"
NBA-20241030-BKN-MEM-20,NBA,2024-10-31T00:00:00,MEM,BKN,106,119,0,,,,,,,,,"{""indoor"": true}"
NBA-20241030-SA-OKC-21,NBA,2024-10-31T01:30:00,OKC,SA,105,93,0,,,,,,,,,"{""indoor"": true}"
NBA-20241030-NO-GS-22,NBA,2024-10-31T02:00:00,GS,NO,104,89,0,,,,,,,,,"{""indoor"": true}"
NBA-20241030-POR-LAC-22,NBA,2024-10-31T02:30:00,LAC,POR,105,106,0,,,,,,,,,"{""indoor"": true}"
NBA-20241031-MIL-MEM-20,NBA,2024-11-01T00:00:00,MEM,MIL,122,99,0,,,,,,,,,"{""indoor"": true}"
NBA-20241031-HOU-DAL-20,NBA,2024-11-01T00:30:00,DAL,HOU,102,108,0,,,,,,,,,"{""indoor"": true}"
NBA-20241031-SA-UTAH-21,NBA,2024-11-01T01:00:00,UTAH,SA,88,106,0,,,,,,,,,"{""indoor"": true}"
NBA-20241031-PHX-LAC-22,NBA,2024-11-01T02:30:00,LAC,PHX,119,125,0,,,,,,,,,"{""indoor"": true}"
NBA-20241101-BOS-CHA-19,NBA,2024-11-01T23:00:00,CHA,BOS,109,124,0,,,,,,,,,"{""indoor"": true}"
NBA-20241101-ORL-CLE-19,NBA,2024-11-01T23:00:00,CLE,ORL,120,109,0,,,,,,,,,"{""indoor"": true}"
NBA-20241101-NY-DET-19,NBA,2024-11-01T23:00:00,DET,NY,98,128,0,,,,,,,,,"{""indoor"": true}"
NBA-20241101-SAC-ATL-19,NBA,2024-11-01T23:30:00,ATL,SAC,115,123,0,,,,,,,,,"{""indoor"": true}"
NBA-20241101-CHI-BKN-19,NBA,2024-11-01T23:30:00,BKN,CHI,120,112,0,,,,,,,,,"{""indoor"": true}"
NBA-20241101-LAL-TOR-19,NBA,2024-11-01T23:30:00,TOR,LAL,125,131,0,,,,,,,,,"{""indoor"": true}"
NBA-20241101-IND-NO-20,NBA,2024-11-02T00:00:00,NO,IND,125,118,0,,,,,,,,,"{""indoor"": true}"
NBA-20241101-DEN-MIN-21,NBA,2024-11-02T01:30:00,MIN,DEN,119,116,0,,,,,,,,,"{""indoor"": true}"
NBA-20241101-OKC-POR-22,NBA,2024-11-02T02:00:00,POR,OKC,114,137,0,,,,,,,,,"{""indoor"": true}"
NBA-20241102-BOS-CHA-18,NBA,2024-11-02T22:00:00,CHA,BOS,103,113,0,,,,,,,,,"{""indoor"": true}"
NBA-20241102-MEM-PHI-19,NBA,2024-11-02T23:30:00,PHI,MEM,107,124,0,,,,,,,,,"{""indoor"": true}"
NBA-20241102-SAC-TOR-19,NBA,2024-11-02T23:30:00,TOR,SAC,131,128,0,,,,,,,,,"{""indoor"": true}"
NBA-20241102-GS-HOU-20,NBA,2024-11-03T00:00:00,HOU,GS,121,127,0,,,,,,,,,"{""indoor"": true}"
NBA-20241102-CLE-MIL-20,NBA,2024-11-03T00:00:00,MIL,CLE,113,114,0,,,,,,,,,"{""indoor"": true}"
NBA-20241102-MIN-SA-20,NBA,2024-11-03T00:00:00,SA,MIN,113,103,0,,,,,,,,,"{""indoor"": true}"
NBA-20241102-MIA-WSH-21,NBA,2024-11-03T01:30:00,WSH,MIA,98,118,1,,,,,,,,,"{""indoor"": true}"
NBA-20241102-UTAH-DEN-22,NBA,2024-11-03T02:00:00,DEN,UTAH,129,103,0,,,,,,,,,"{""indoor"": true}"
NBA-20241102-POR-PHX-22,NBA,2024-11-03T02:00:00,PHX,POR,103,97,0,,,,,,,,,"{""indoor"": true}"
NBA-20241102-OKC-LAC-22,NBA,2024-11-03T02:30:00,LAC,OKC,92,105,0,,,,,,,,,"{""indoor"": true}"
NBA-20241103-DET-BKN-15,NBA,2024-11-03T20:30:00,BKN,DET,92,106,0,,,,,,,,,"{""indoor"": true}"
NBA-20241103-ATL-NO-19,NBA,2024-11-04T00:00:00,NO,ATL,111,126,0,,,,,,,,,"{""indoor"": true}"
NBA-20241103-ORL-DAL-19,NBA,2024-11-04T00:30:00,DAL,ORL,108,85,0,,,,,,,,,"{""indoor"": true}"
NBA-20241104-MIL-CLE-19,NBA,2024-11-05T00:00:00,CLE,MIL,116,114,0,,,,,,,,,"{""indoor"": true}"
NBA-20241104-GS-WSH-19,NBA,2024-11-05T00:15:00,WSH,GS,112,125,0,,,,,,,,,"{""indoor"": true}"
NBA-20241104-LAL-DET-19,NBA,2024-11-05T00:30:00,DET,LAL,115,103,0,,,,,,,,,"{""indoor"": true}"
NBA-20241104-BOS-ATL-19,NBA,2024-11-05T00:45:00,ATL,BOS,93,123,0,,,,,,,,,"{""indoor"": true}"
NBA-20241104-MEM-BKN-20,NBA,2024-11-05T01:00:00,BKN,MEM,106,104,0,,,,,,,,,"{""indoor"": true}"
NBA-20241104-SAC-MIA-20,NBA,2024-11-05T01:15:00,MIA,SAC,110,111,0,,,,,,,,,"{""indoor"": true}"
NBA-20241104-UTAH-CHI-20,NBA,2024-11-05T01:30:00,CHI,UTAH,126,135,0,,,,,,,,,"{""indoor"": true}"
NBA-20241104-NY-HOU-20,NBA,2024-11-05T01:45:00,HOU,NY,109,97,0,,,,,,,,,"{""indoor"": true}"
NBA-20241104-CHA-MIN-21,NBA,2024-11-05T02:00:00,MIN,CHA,114,93,0,,,,,,,,,"{""indoor"": true}"
NBA-20241104-ORL-OKC-21,NBA,2024-11-05T02:15:00,OKC,ORL,102,86,0,,,,,,,,,"{""indoor"": true}"
NBA-20241104-POR-NO-21,NBA,2024-11-05T02:30:00,NO,POR,100,118,0,,,,,,,,,"{""indoor"": true}"
NBA-20241104-IND-DAL-21,NBA,2024-11-05T02:45:00,DAL,IND,127,134,0,,,,,,,,,"{""indoor"": true}"
NBA-20241104-TOR-DEN-22,NBA,2024-11-05T03:00:00,DEN,TOR,121,119,0,,,,,,,,,"{""indoor"": true}"
NBA-20241104-PHI-PHX-22,NBA,2024-11-05T03:15:00,PHX,PHI,118,116,0,,,,,,,,,"{""indoor"": true}"
NBA-20241104-SA-LAC-22,NBA,2024-11-05T03:30:00,LAC,SA,113,104,0,,,,,,,,,"{""indoor"": true}"
NBA-20241106-DET-CHA-19,NBA,2024-11-07T00:00:00,CHA,DET,108,107,0,,,,,,,,,"{""indoor"": true}"
NBA-20241106-ORL-IND-19,NBA,2024-11-07T00:00:00,IND,ORL,118,111,0,,,,,,,,,"{""indoor"": true}"
NBA-20241106-NY-ATL-19,NBA,2024-11-07T00:30:00,ATL,NY,121,116,0,,,,,,,,,"{""indoor"": true}"
NBA-20241106-GS-BOS-19,NBA,2024-11-07T00:30:00,BOS,GS,112,118,0,,,,,,,,,"{""indoor"": true}"
NBA-20241106-SA-HOU-20,NBA,2024-11-07T01:00:00,HOU,SA,127,100,0,,,,,,,,,"{""indoor"": true}"
NBA-20241106-LAL-MEM-20,NBA,2024-11-07T01:00:00,MEM,LAL,131,114,0,,,,,,,,,"{""indoor"": true}"
NBA-20241106-CLE-NO-20,NBA,2024-11-07T01:00:00,NO,CLE,122,131,0,,,,,,,,,"{""indoor"": true}"
NBA-20241106-CHI-DAL-20,NBA,2024-11-07T01:30:00,DAL,CHI,119,99,0,,,,,,,,,"{""indoor"": true}"
NBA-20241106-OKC-DEN-21,NBA,2024-11-07T02:00:00,DEN,OKC,124,122,0,,,,,,,,,"{""indoor"": true}"
NBA-20241106-MIA-PHX-21,NBA,2024-11-07T02:00:00,PHX,MIA,115,112,0,,,,,,,,,"{""indoor"": true}"
NBA-20241106-PHI-LAC-22,NBA,2024-11-07T03:00:00,LAC,PHI,110,98,0,,,,,,,,,"{""indoor"": true}"
NBA-20241106-TOR-SAC-22,NBA,2024-11-07T03:00:00,SAC,TOR,122,107,0,,,,,,,,,"{""indoor"": true}"
NBA-20241107-MIN-CHI-20,NBA,2024-11-08T01:00:00,CHI,MIN,119,135,0,,,,,,,,,"{""indoor"": true}"
NBA-20241107-UTAH-MIL-20,NBA,2024-11-08T01:00:00,MIL,UTAH,123,100,0,,,,,,,,,"{""indoor"": true}"
NBA-20241107-POR-SA-20,NBA,2024-11-08T01:00:00,SA,POR,118,105,0,,,,,,,,,"{""indoor"": true}"
NBA-20241108-IND-CHA-19,NBA,2024-11-09T00:00:00,CHA,IND,103,83,0,,,,,,,,,"{""indoor"": true}"
NBA-20241108-ATL-DET-19,NBA,2024-11-09T00:00:00,DET,ATL,122,121,0,,,,,,,,,"{""indoor"": true}"
NBA-20241108-NO-ORL-19,NBA,2024-11-09T00:00:00,ORL,NO,115,88,0,,,,,,,,,"{""indoor"": true}"
NBA-20241108-BKN-BOS-19,NBA,2024-11-09T00:30:00,BOS,BKN,108,104,0,,,,,,,,,"{""indoor"": true}"
NBA-20241108-GS-CLE-19,NBA,2024-11-09T00:30:00,CLE,GS,136,117,0,,,,,,,,,"{""indoor"": true}"
NBA-20241108-MIL-NY-19,NBA,2024-11-09T00:30:00,NY,MIL,116,94,0,,,,,,,,,"{""indoor"": true}"
NBA-20241108-PHX-DAL-19,NBA,2024-11-09T00:30:00,DAL,PHX,113,114,0,,,,,,,,,"{""indoor"": true}"
NBA-20241108-WSH-MEM-20,NBA,2024-11-09T01:00:00,MEM,WSH,128,104,0,,,,,,,,,"{""indoor"": true}"
NBA-20241108-HOU-OKC-20,NBA,2024-11-09T01:00:00,OKC,HOU,126,107,0,,,,,,,,,"{""indoor"": true}"
NBA-20241108-POR-MIN-21,NBA,2024-11-09T02:00:00,MIN,POR,127,102,0,,,,,,,,,"{""indoor"": true}"
NBA-20241108-MIA-DEN-21,NBA,2024-11-09T02:00:00,DEN,MIA,135,122,0,,,,,,,,,"{""indoor"": true}"
NBA-20241108-PHI-LAL-22,NBA,2024-11-09T03:00:00,LAL,PHI,116,106,0,,,,,,,,,"{""indoor"": true}"
NBA-20241108-LAC-SAC-22,NBA,2024-11-09T03:00:00,SAC,LAC,98,107,0,,,,,,,,,"{""indoor"": true}"
NBA-20241109-UTAH-SA-17,NBA,2024-11-09T22:00:00,SA,UTAH,110,111,0,,,,,,,,,"{""indoor"": true}"
NBA-20241109-CHI-ATL-19,NBA,2024-11-10T00:30:00,ATL,CHI,113,125,0,,,,,,,,,"{""indoor"": true}"
NBA-20241109-BKN-CLE-19,NBA,2024-11-10T00:30:00,CLE,BKN,105,100,0,,,,,,,,,"{""indoor"": true}"
NBA-20241109-TOR-LAC-22,NBA,2024-11-10T03:30:00,LAC,TOR,105,103,0,,,,,,,,,"{""indoor"": true}"
NBA-20241110-HOU-DET-15,NBA,2024-11-10T20:00:00,DET,HOU,99,101,0,,,,,,,,,"{""indoor"": true}"
NBA-20241110-BOS-MIL-15,NBA,2024-11-10T20:30:00,MIL,BOS,107,113,0,,,,,,,,,"{""indoor"": true}"
NBA-20241110-NY-IND-17,NBA,2024-11-10T22:00:00,IND,NY,132,121,0,,,,,,,,,"{""indoor"": true}"
NBA-20241110-WSH-ORL-18,NBA,2024-11-10T23:00:00,ORL,WSH,121,94,0,,,,,,,,,"{""indoor"": true}"
NBA-20241110-CHA-PHI-19,NBA,2024-11-11T00:00:00,PHI,CHA,107,105,0,,,,,,,,,"{""indoor"": true}"
NBA-20241110-MIA-MIN-19,NBA,2024-11-11T00:00:00,MIN,MIA,94,95,0,,,,,,,,,"{""indoor"": true}"
NBA-20241110-GS-OKC-19,NBA,2024-11-11T00:00:00,OKC,GS,116,127,0,,,,,,,,,"{""indoor"": true}"
NBA-20241110-DAL-DEN-20,NBA,2024-11-11T01:00:00,DEN,DAL,122,120,0,,,,,,,,,"{""indoor"": true}"
NBA-20241110-SAC-PHX-20,NBA,2024-11-11T01:00:00,PHX,SAC,118,127,0,,,,,,,,,"{""indoor"": true}"
NBA-20241110-MEM-POR-21,NBA,2024-11-11T02:00:00,POR,MEM,89,134,0,,,,,,,,,"{""indoor"": true}"
NBA-20241110-TOR-LAL-21,NBA,2024-11-11T02:30:00,LAL,TOR,123,103,0,,,,,,,,,"{""indoor"": true}"
NBA-20241111-CLE-CHI-20,NBA,2024-11-12T01:00:00,CHI,CLE,113,119,0,,,,,,,,,"{""indoor"": true}"
NBA-20241111-WSH-HOU-20,NBA,2024-11-12T01:00:00,HOU,WSH,107,92,0,,,,,,,,,"{""indoor"": true}"
NBA-20241111-BKN-NO-20,NBA,2024-11-12T01:00:00,NO,BKN,105,107,0,,,,,,,,,"{""indoor"": true}"
NBA-20241111-LAC-OKC-20,NBA,2024-11-12T01:00:00,OKC,LAC,134,128,0,,,,,,,,,"{""indoor"": true}"
NBA-20241111-SAC-SA-20,NBA,2024-11-12T01:00:00,SA,SAC,116,96,0,,,,,,,,,"{""indoor"": true}"
NBA-20241112-ATL-BOS-19,NBA,2024-11-13T00:00:00,BOS,ATL,116,117,0,,,,,,,,,"{""indoor"": true}"
NBA-20241112-MIA-DET-19,NBA,2024-11-13T00:00:00,DET,MIA,123,121,0,,,,,,,,,"{""indoor"": true}"
NBA-20241112-CHA-ORL-19,NBA,2024-11-13T00:00:00,ORL,CHA,114,89,0,,,,,,,,,"{""indoor"": true}"
NBA-20241112-NY-PHI-19,NBA,2024-11-13T00:30:00,PHI,NY,99,111,0,,,,,,,,,"{""indoor"": true}"
NBA-20241112-TOR-MIL-20,NBA,2024-11-13T01:00:00,MIL,TOR,99,85,0,,,,,,,,,"{""indoor"": true}"
NBA-20241112-PHX-UTAH-21,NBA,2024-11-13T02:00:00,UTAH,PHX,112,120,0,,,,,,,,,"{""indoor"": true}"
NBA-20241112-DAL-GS-22,NBA,2024-11-13T03:00:00,GS,DAL,120,117,0,,,,,,,,,"{""indoor"": true}"
NBA-20241112-MIN-POR-22,NBA,2024-11-13T03:00:00,POR,MIN,122,108,0,,,,,,,,,"{""indoor"": true}"
NBA-20241113-IND-ORL-19,NBA,2024-11-14T00:00:00,ORL,IND,94,90,0,,,,,,,,,"{""indoor"": true}"
NBA-20241113-BOS-BKN-19,NBA,2024-11-14T00:30:00,BKN,BOS,114,139,0,,,,,,,,,"{""indoor"": true}"
NBA-20241113-CHI-NY-19,NBA,2024-11-14T00:30:00,NY,CHI,123,124,0,,,,,,,,,"{""indoor"": true}"
NBA-20241113-CLE-PHI-19,NBA,2024-11-14T00:30:00,PHI,CLE,106,114,0,,,,,,,,,"{""indoor"": true}"
NBA-20241113-NO-OKC-19,NBA,2024-11-14T00:30:00,OKC,NO,106,88,0,,,,,,,,,"{""indoor"": true}"
NBA-20241113-LAC-HOU-20,NBA,2024-11-14T01:00:00,HOU,LAC,111,103,0,,,,,,,,,"{""indoor"": true}"
NBA-20241113-DET-MIL-20,NBA,2024-11-14T01:00:00,MIL,DET,127,120,0,,,,,,,,,"{""indoor"": true}"
NBA-20241113-WSH-SA-20,NBA,2024-11-14T01:00:00,SA,WSH,139,130,0,,,,,,,,,"{""indoor"": true}"
NBA-20241113-MEM-LAL-22,NBA,2024-11-14T03:00:00,LAL,MEM,128,123,0,,,,,,,,,"{""indoor"": true}"
NBA-20241113-MIN-POR-22,NBA,2024-11-14T03:00:00,POR,MIN,106,98,0,,,,,,,,,"{""indoor"": true}"
NBA-20241113-PHX-SAC-22,NBA,2024-11-14T03:00:00,SAC,PHX,127,104,0,,,,,,,,,"{""indoor"": true}"
NBA-20241114-DAL-UTAH-21,NBA,2024-11-15T02:00:00,UTAH,DAL,115,113,0,,,,,,,,,"{""indoor"": true}"
NBA-20241115-MIA-IND-19,NBA,2024-11-16T00:00:00,IND,MIA,111,124,0,,,,,,,,,"{""indoor"": true}"
NBA-20241115-PHI-ORL-19,NBA,2024-11-16T00:00:00,ORL,PHI,98,86,0,,,,,,,,,"{""indoor"": true}"
NBA-20241115-DET-TOR-19,NBA,2024-11-16T00:00:00,TOR,DET,95,99,0,,,,,,,,,"{""indoor"": true}"
NBA-20241115-WSH-ATL-19,NBA,2024-11-16T00:30:00,ATL,WSH,129,117,0,,,,,,,,,"{""indoor"": true}"
NBA-20241115-CHI-CLE-19,NBA,2024-11-16T00:30:00,CLE,CHI,144,126,0,,,,,,,,,"{""indoor"": true}"
NBA-20241115-BKN-NY-19,NBA,2024-11-16T00:30:00,NY,BKN,124,122,0,,,,,,,,,"{""indoor"": true}"
NBA-20241115-LAL-SA-19,NBA,2024-11-16T00:30:00,SA,LAL,115,120,0,,,,,,,,,"{""indoor"": true}"
NBA-20241115-LAC-HOU-20,NBA,2024-11-16T01:00:00,HOU,LAC,125,104,0,,,,,,,,,"{""indoor"": true}"
NBA-20241115-DEN-NO-20,NBA,2024-11-16T01:00:00,NO,DEN,101,94,0,,,,,,,,,"{""indoor"": true}"
NBA-20241115-PHX-OKC-20,NBA,2024-11-16T01:00:00,OKC,PHX,99,83,0,,,,,,,,,"{""indoor"": true}"
NBA-20241115-MEM-GS-22,NBA,2024-11-16T03:00:00,GS,MEM,123,118,0,,,,,,,,,"{""indoor"": true}"
NBA-20241115-MIN-SAC-22,NBA,2024-11-16T03:00:00,SAC,MIN,126,130,0,,,,,,,,,"{""indoor"": true}"
NBA-20241116-MIL-CHA-15,NBA,2024-11-16T20:00:00,CHA,MIL,115,114,0,,,,,,,,,"{""indoor"": true}"
NBA-20241116-TOR-BOS-20,NBA,2024-11-17T01:00:00,BOS,TOR,126,123,0,,,,,,,,,"{""indoor"": true}"
NBA-20241116-LAL-NO-20,NBA,2024-11-17T01:00:00,NO,LAL,99,104,0,,,,,,,,,"{""indoor"": true}"
NBA-20241116-SA-DAL-20,NBA,2024-11-17T01:30:00,DAL,SA,110,93,0,,,,,,,,,"{""indoor"": true}"
NBA-20241116-UTAH-SAC-22,NBA,2024-11-17T03:00:00,SAC,UTAH,121,117,0,,,,,,,,,"{""indoor"": true}"
NBA-20241117-PHX-MIN-15,NBA,2024-11-17T20:30:00,MIN,PHX,120,117,0,,,,,,,,,"{""indoor"": true}"
NBA-20241117-MIA-IND-17,NBA,2024-11-17T22:00:00,IND,MIA,119,110,0,,,,,,,,,"{""indoor"": true}"
NBA-20241117-CHA-CLE-18,NBA,2024-11-17T23:00:00,CLE,CHA,128,114,0,,,,,,,,,"{""indoor"": true}"
NBA-20241117-DET-WSH-18,NBA,2024-11-17T23:00:00,WSH,DET,104,124,0,,,,,,,,,"{""indoor"": true}"
NBA-20241117-DEN-MEM-18,NBA,2024-11-17T23:00:00,MEM,DEN,105,90,0,,,,,,,,,"{""indoor"": true}"
NBA-20241117-ATL-POR-18,NBA,2024-11-17T23:00:00,POR,ATL,114,110,0,,,,,,,,,"{""indoor"": true}"
NBA-20241117-BKN-NY-19,NBA,2024-11-18T00:00:00,NY,BKN,114,104,0,,,,,,,,,"{""indoor"": true}"
NBA-20241117-HOU-CHI-19,NBA,2024-11-18T00:00:00,CHI,HOU,107,143,0,,,,,,,,,"{""indoor"": true}"
NBA-20241117-DAL-OKC-19,NBA,2024-11-18T00:00:00,OKC,DAL,119,121,0,,,,,,,,,"{""indoor"": true}"
NBA-20241117-UTAH-LAC-21,NBA,2024-11-18T02:00:00,LAC,UTAH,116,105,0,,,,,,,,,"{""indoor"": true}"
NBA-20241118-CHI-DET-19,NBA,2024-11-19T00:00:00,DET,CHI,112,122,0,,,,,,,,,"{""indoor"": true}"
NBA-20241118-PHI-MIA-19,NBA,2024-11-19T00:30:00,MIA,PHI,106,89,0,,,,,,,,,"{""indoor"": true}"
NBA-20241118-WSH-NY-19,NBA,2024-11-19T00:30:00,NY,WSH,134,106,0,,,,,,,,,"{""indoor"": true}"
NBA-20241118-IND-TOR-19,NBA,2024-11-19T00:30:00,TOR,IND,130,119,0,,,,,,,,,"{""indoor"": true}"
NBA-20241118-HOU-MIL-20,NBA,2024-11-19T01:00:00,MIL,HOU,101,100,0,,,,,,,,,"{""indoor"": true}"
NBA-20241118-ORL-PHX-21,NBA,2024-11-19T02:00:00,PHX,ORL,99,109,0,,,,,,,,,"{""indoor"": true}"
NBA-20241118-ATL-SAC-22,NBA,2024-11-19T03:00:00,SAC,ATL,108,109,0,,,,,,,,,"{""indoor"": true}"
NBA-20241118-GS-LAC-22,NBA,2024-11-19T03:30:00,LAC,GS,102,99,0,,,,,,,,,"{""indoor"": true}"
NBA-20241119-CLE-BOS-19,NBA,2024-11-20T00:00:00,BOS,CLE,120,117,0,,,,,,,,,"{""indoor"": true}"
NBA-20241119-CHA-BKN-19,NBA,2024-11-20T00:30:00,BKN,CHA,116,115,0,,,,,,,,,"{""indoor"": true}"
NBA-20241119-DEN-MEM-20,NBA,2024-11-20T01:00:00,MEM,DEN,110,122,0,,,,,,,,,"{""indoor"": true}"
NBA-20241119-NO-DAL-20,NBA,2024-11-20T01:30:00,DAL,NO,132,91,0,,,,,,,,,"{""indoor"": true}"
NBA-20241119-OKC-SA-21,NBA,2024-11-20T02:30:00,SA,OKC,110,104,0,,,,,,,,,"{""indoor"": true}"
NBA-20241119-UTAH-LAL-22,NBA,2024-11-20T03:30:00,LAL,UTAH,124,118,0,,,,,,,,,"{""indoor"": true}"
NBA-20241120-NO-CLE-19,NBA,2024-11-21T00:30:00,CLE,NO,128,100,0,,,,,,,,,"{""indoor"": true}"
NBA-20241120-CHI-MIL-19,NBA,2024-11-21T00:30:00,MIL,CHI,122,106,0,,,,,,,,,"{""indoor"": true}"
NBA-20241120-IND-HOU-20,NBA,2024-11-21T01:00:00,HOU,IND,130,113,0,,,,,,,,,"{""indoor"": true}"
NBA-20241120-PHI-MEM-20,NBA,2024-11-21T01:00:00,MEM,PHI,117,111,0,,,,,,,,,"{""indoor"": true}"
NBA-20241120-POR-OKC-20,NBA,2024-11-21T01:00:00,OKC,POR,109,99,0,,,,,,,,,"{""indoor"": true}"
NBA-20241120-NY-PHX-22,NBA,2024-11-21T03:00:00,PHX,NY,122,138,0,,,,,,,,,"{""indoor"": true}"
NBA-20241120-ATL-GS-22,NBA,2024-11-21T03:00:00,GS,ATL,120,97,0,,,,,,,,,"{""indoor"": true}"
NBA-20241120-ORL-LAC-22,NBA,2024-11-21T03:30:00,LAC,ORL,104,93,0,,,,,,,,,"{""indoor"": true}"
NBA-20241121-DET-CHA-19,NBA,2024-11-22T00:00:00,CHA,DET,123,121,0,,,,,,,,,"{""indoor"": true}"
NBA-20241121-MIN-TOR-19,NBA,2024-11-22T00:30:00,TOR,MIN,110,105,0,,,,,,,,,"{""indoor"": true}"
NBA-20241121-UTAH-SA-20,NBA,2024-11-22T01:00:00,SA,UTAH,126,118,0,,,,,,,,,"{""indoor"": true}"
NBA-20241121-ORL-LAL-22,NBA,2024-11-22T03:30:00,LAL,ORL,118,119,0,,,,,,,,,"{""indoor"": true}"
NBA-20241122-BKN-PHI-19,NBA,2024-11-23T00:00:00,PHI,BKN,113,98,0,,,,,,,,,"{""indoor"": true}"
NBA-20241122-BOS-WSH-19,NBA,2024-11-23T00:00:00,WSH,BOS,96,108,0,,,,,,,,,"{""indoor"": true}"
NBA-20241122-GS-NO-19,NBA,2024-11-23T00:30:00,NO,GS,108,112,0,,,,,,,,,"{""indoor"": true}"
NBA-20241122-IND-MIL-20,NBA,2024-11-23T01:00:00,MIL,IND,129,117,0,,,,,,,,,"{""indoor"": true}"
NBA-20241122-ATL-CHI-20,NBA,2024-11-23T01:00:00,CHI,ATL,136,122,0,,,,,,,,,"{""indoor"": true}"
NBA-20241122-POR-HOU-20,NBA,2024-11-23T01:00:00,HOU,POR,116,88,0,,,,,,,,,"{""indoor"": true}"
NBA-20241122-DAL-DEN-22,NBA,2024-11-23T03:00:00,DEN,DAL,120,123,0,,,,,,,,,"{""indoor"": true}"
NBA-20241122-SAC-LAC-22,NBA,2024-11-23T03:30:00,LAC,SAC,104,88,0,,,,,,,,,"{""indoor"": true}"
NBA-20241123-NY-UTAH-17,NBA,2024-11-23T22:00:00,UTAH,NY,121,106,0,,,,,,,,,"{""indoor"": true}"
NBA-20241123-DET-ORL-19,NBA,2024-11-24T00:00:00,ORL,DET,111,100,0,,,,,,,,,"{""indoor"": true}"
NBA-20241123-MEM-CHI-20,NBA,2024-11-24T01:00:00,CHI,MEM,131,142,0,,,,,,,,,"{""indoor"": true}"
NBA-20241123-POR-HOU-20,NBA,2024-11-24T01:00:00,HOU,POR,98,104,0,,,,,,,,,"{""indoor"": true}"
NBA-20241123-CHA-MIL-20,NBA,2024-11-24T01:00:00,MIL,CHA,125,119,0,,,,,,,,,"{""indoor"": true}"
NBA-20241123-GS-SA-20,NBA,2024-11-24T01:30:00,SA,GS,104,94,0,,,,,,,,,"{""indoor"": true}"
NBA-20241123-DEN-LAL-22,NBA,2024-11-24T03:30:00,LAL,DEN,102,127,0,,,,,,,,,"{""indoor"": true}"
NBA-20241124-MIN-BOS-15,NBA,2024-11-24T20:30:00,BOS,MIN,107,105,0,,,,,,,,,"{""indoor"": true}"
NBA-20241124-WSH-IND-17,NBA,2024-11-24T22:00:00,IND,WSH,115,103,0,,,,,,,,,"{""indoor"": true}"
NBA-20241124-DAL-MIA-18,NBA,2024-11-24T23:00:00,MIA,DAL,123,118,0,,,,,,,,,"{""indoor"": true}"
NBA-20241124-LAC-PHI-18,NBA,2024-11-24T23:00:00,PHI,LAC,99,125,0,,,,,,,,,"{""indoor"": true}"
NBA-20241124-TOR-CLE-19,NBA,2024-11-25T00:30:00,CLE,TOR,122,108,0,,,,,,,,,"{""indoor"": true}"
NBA-20241124-BKN-SAC-21,NBA,2024-11-25T02:00:00,SAC,BKN,103,108,0,,,,,,,,,"{""indoor"": true}"
NBA-20241125-ORL-CHA-19,NBA,2024-11-26T00:00:00,CHA,ORL,84,95,0,,,,,,,,,"{""indoor"": true}"
NBA-20241125-TOR-DET-19,NBA,2024-11-26T00:00:00,DET,TOR,102,100,0,,,,,,,,,"{""indoor"": true}"
NBA-20241125-NO-IND-19,NBA,2024-11-26T00:00:00,IND,NO,114,110,0,,,,,,,,,"{""indoor"": true}"
NBA-20241125-DAL-ATL-19,NBA,2024-11-26T00:30:00,ATL,DAL,119,129,0,,,,,,,,,"{""indoor"": true}"
NBA-20241125-LAC-BOS-19,NBA,2024-11-26T00:30:00,BOS,LAC,126,94,0,,,,,,,,,"{""indoor"": true}"
NBA-20241125-POR-MEM-20,NBA,2024-11-26T01:00:00,MEM,POR,123,98,0,,,,,,,,,"{""indoor"": true}"
NBA-20241125-NY-DEN-21,NBA,2024-11-26T02:00:00,DEN,NY,118,145,0,,,,,,,,,"{""indoor"": true}"
NBA-20241125-BKN-GS-22,NBA,2024-11-26T03:00:00,GS,BKN,120,128,0,,,,,,,,,"{""indoor"": true}"
NBA-20241125-OKC-SAC-22,NBA,2024-11-26T03:00:00,SAC,OKC,109,130,0,,,,,,,,,"{""indoor"": true}"
NBA-20241126-CHI-WSH-19,NBA,2024-11-27T00:00:00,WSH,CHI,108,127,0,,,,,,,,,"{""indoor"": true}"
NBA-20241126-MIL-MIA-19,NBA,2024-11-27T00:30:00,MIA,MIL,103,106,0,,,,,,,,,"{""indoor"": true}"
NBA-20241126-HOU-MIN-20,NBA,2024-11-27T01:00:00,MIN,HOU,111,117,0,,,,,,,,,"{""indoor"": true}"
NBA-20241126-SA-UTAH-21,NBA,2024-11-27T02:00:00,UTAH,SA,115,128,0,,,,,,,,,"{""indoor"": true}"
NBA-20241126-LAL-PHX-22,NBA,2024-11-27T03:00:00,PHX,LAL,127,100,0,,,,,,,,,"{""indoor"": true}"
NBA-20241127-MIA-CHA-19,NBA,2024-11-28T00:00:00,CHA,MIA,94,98,0,,,,,,,,,"{""indoor"": true}"
NBA-20241127-ATL-CLE-19,NBA,2024-11-28T00:00:00,CLE,ATL,124,135,0,,,,,,,,,"{""indoor"": true}"
NBA-20241127-POR-IND-19,NBA,2024-11-28T00:00:00,IND,POR,121,114,0,,,,,,,,,"{""indoor"": true}"
NBA-20241127-CHI-ORL-19,NBA,2024-11-28T00:00:00,ORL,CHI,133,119,0,,,,,,,,,"{""indoor"": true}"
NBA-20241127-HOU-PHI-19,NBA,2024-11-28T00:00:00,PHI,HOU,115,122,0,,,,,,,,,"{""indoor"": true}"
NBA-20241127-LAC-WSH-19,NBA,2024-11-28T00:00:00,WSH,LAC,96,121,0,,,,,,,,,"{""indoor"": true}"
NBA-20241127-NY-DAL-19,NBA,2024-11-28T00:30:00,DAL,NY,129,114,0,,,,,,,,,"{""indoor"": true}"
NBA-20241127-DET-MEM-20,NBA,2024-11-28T01:00:00,MEM,DET,131,111,0,,,,,,,,,"{""indoor"": true}"
NBA-20241127-SAC-MIN-20,NBA,2024-11-28T01:00:00,MIN,SAC,104,115,0,,,,,,,,,"{""indoor"": true}"
NBA-20241127-TOR-NO-20,NBA,2024-11-28T01:00:00,NO,TOR,93,119,0,,,,,,,,,"{""indoor"": true}"
NBA-20241127-LAL-SA-20,NBA,2024-11-28T01:30:00,SA,LAL,101,119,0,,,,,,,,,"{""indoor"": true}"
NBA-20241127-BKN-PHX-21,NBA,2024-11-28T02:00:00,PHX,BKN,117,127,0,,,,,,,,,"{""indoor"": true}"
NBA-20241127-DEN-UTAH-21,NBA,2024-11-28T02:00:00,UTAH,DEN,103,122,0,,,,,,,,,"{""indoor"": true}"
NBA-20241127-OKC-GS-22,NBA,2024-11-28T03:00:00,GS,OKC,101,105,0,,,,,,,,,"{""indoor"": true}"
NBA-20241129-NY-CHA-12,NBA,2024-11-29T17:00:00,CHA,NY,98,99,0,,,,,,,,,"{""indoor"": true}"
NBA-20241129-CLE-ATL-14,NBA,2024-11-29T19:30:00,ATL,CLE,117,101,0,,,,,,,,,"{""indoor"": true}"
NBA-20241129-NO-MEM-17,NBA,2024-11-29T22:00:00,MEM,NO,120,109,0,,,,,,,,,"{""indoor"": true}"
NBA-20241129-ORL-BKN-19,NBA,2024-11-30T00:30:00,BKN,ORL,100,123,0,,,,,,,,,"{""indoor"": true}"
NBA-20241129-LAC-MIN-19,NBA,2024-11-30T00:30:00,MIN,LAC,93,92,0,,,,,,,,,"{""indoor"": true}"
NBA-20241129-DET-IND-20,NBA,2024-11-30T01:00:00,IND,DET,106,130,0,,,,,,,,,"{""indoor"": true}"
NBA-20241129-TOR-MIA-20,NBA,2024-11-30T01:00:00,MIA,TOR,121,111,0,,,,,,,,,"{""indoor"": true}"
NBA-20241129-BOS-CHI-20,NBA,2024-11-30T01:00:00,CHI,BOS,129,138,0,,,,,,,,,"{""indoor"": true}"
NBA-20241129-OKC-LAL-22,NBA,2024-11-30T03:00:00,LAL,OKC,93,101,0,,,,,,,,,"{""indoor"": true}"
NBA-20241129-SAC-POR-22,NBA,2024-11-30T03:00:00,POR,SAC,115,106,0,,,,,,,,,"{""indoor"": true}"
NBA-20241130-ATL-CHA-18,NBA,2024-11-30T23:00:00,CHA,ATL,104,107,0,,,,,,,,,"{""indoor"": true}"
NBA-20241130-PHI-DET-19,NBA,2024-12-01T00:00:00,DET,PHI,96,111,0,,,,,,,,,"{""indoor"": true}"
NBA-20241130-WSH-MIL-20,NBA,2024-12-01T01:00:00,MIL,WSH,124,114,0,,,,,,,,,"{""indoor"": true}"
NBA-20241130-GS-PHX-21,NBA,2024-12-01T02:00:00,PHX,GS,113,105,0,,,,,,,,,"{""indoor"": true}"
NBA-20241130-DAL-UTAH-21,NBA,2024-12-01T02:30:00,UTAH,DAL,94,106,0,,,,,,,,,"{""indoor"": true}"
NBA-20241201-ORL-BKN-15,NBA,2024-12-01T20:30:00,BKN,ORL,92,100,0,,,,,,,,,"{""indoor"": true}"
NBA-20241201-IND-MEM-15,NBA,2024-12-01T20:30:00,MEM,IND,136,121,0,,,,,,,,,"{""indoor"": true}"
NBA-20241201-BOS-CLE-18,NBA,2024-12-01T23:00:00,CLE,BOS,115,111,0,,,,,,,,,"{""indoor"": true}"
NBA-20241201-NO-NY-18,NBA,2024-12-01T23:00:00,NY,NO,118,85,0,,,,,,,,,"{""indoor"": true}"
NBA-20241201-MIA-TOR-18,NBA,2024-12-01T23:00:00,TOR,MIA,119,116,0,,,,,,,,,"{""indoor"": true}"
NBA-20241201-OKC-HOU-19,NBA,2024-12-02T00:00:00,HOU,OKC,119,116,0,,,,,,,,,"{""indoor"": true}"
NBA-20241201-LAL-UTAH-20,NBA,2024-12-02T01:00:00,UTAH,LAL,104,105,0,,,,,,,,,"{""indoor"": true}"
NBA-20241201-DAL-POR-21,NBA,2024-12-02T02:00:00,POR,DAL,131,137,0,,,,,,,,,"{""indoor"": true}"
NBA-20241201-SA-SAC-21,NBA,2024-12-02T02:00:00,SAC,SA,125,127,0,,,,,,,,,"{""indoor"": true}"
NBA-20241201-DEN-LAC-22,NBA,2024-12-02T03:00:00,LAC,DEN,126,122,0,,,,,,,,,"{""indoor"": true}"
NBA-20241202-NO-ATL-19,NBA,2024-12-03T00:30:00,ATL,NO,124,112,0,,,,,,,,,"{""indoor"": true}"
NBA-20241202-MIA-BOS-19,NBA,2024-12-03T00:30:00,BOS,MIA,108,89,0,,,,,,,,,"{""indoor"": true}"
NBA-20241202-BKN-CHI-20,NBA,2024-12-03T01:00:00,CHI,BKN,128,102,0,,,,,,,,,"{""indoor"": true}"
NBA-20241202-LAL-MIN-20,NBA,2024-12-03T01:00:00,MIN,LAL,109,80,0,,,,,,,,,"{""indoor"": true}"
NBA-20241203-PHI-CHA-19,NBA,2024-12-04T00:00:00,CHA,PHI,104,110,0,,,,,,,,,"{""indoor"": true}"
NBA-20241203-WSH-CLE-19,NBA,2024-12-04T00:00:00,CLE,WSH,118,87,0,,,,,,,,,"{""indoor"": true}"
NBA-20241203-MIL-DET-19,NBA,2024-12-04T00:00:00,DET,MIL,107,128,0,,,,,,,,,"{""indoor"": true}"
NBA-20241203-ORL-NY-19,NBA,2024-12-04T00:30:00,NY,ORL,121,106,0,,,,,,,,,"{""indoor"": true}"
NBA-20241203-IND-TOR-19,NBA,2024-12-04T00:30:00,TOR,IND,122,111,0,,,,,,,,,"{""indoor"": true}"
NBA-20241203-UTAH-OKC-20,NBA,2024-12-04T01:00:00,OKC,UTAH,133,106,0,,,,,,,,,"{""indoor"": true}"
NBA-20241203-MEM-DAL-20,NBA,2024-12-04T01:30:00,DAL,MEM,121,116,0,,,,,,,,,"{""indoor"": true}"
NBA-20241203-SA-PHX-21,NBA,2024-12-04T02:00:00,PHX,SA,104,93,0,,,,,,,,,"{""indoor"": true}"
NBA-20241203-GS-DEN-22,NBA,2024-12-04T03:00:00,DEN,GS,119,115,0,,,,,,,,,"{""indoor"": true}"
NBA-20241203-HOU-SAC-22,NBA,2024-12-04T03:00:00,SAC,HOU,120,111,0,,,,,,,,,"{""indoor"": true}"
NBA-20241203-POR-LAC-22,NBA,2024-12-04T03:30:00,LAC,POR,127,105,0,,,,,,,,,"{""indoor"": true}"
NBA-20241204-DET-BOS-19,NBA,2024-12-05T00:30:00,BOS,DET,130,120,0,,,,,,,,,"{""indoor"": true}"
NBA-20241204-IND-BKN-19,NBA,2024-12-05T00:30:00,BKN,IND,99,90,0,,,,,,,,,"{""indoor"": true}"
NBA-20241204-LAL-MIA-19,NBA,2024-12-05T00:30:00,MIA,LAL,134,93,0,,,,,,,,,"{""indoor"": true}"
NBA-20241204-ORL-PHI-19,NBA,2024-12-05T00:30:00,PHI,ORL,102,106,0,,,,,,,,,"{""indoor"": true}"
NBA-20241204-ATL-MIL-20,NBA,2024-12-05T01:00:00,MIL,ATL,104,119,0,,,,,,,,,"{""indoor"": true}"
NBA-20241204-MIN-LAC-22,NBA,2024-12-05T03:30:00,LAC,MIN,80,108,0,,,,,,,,,"{""indoor"": true}"
NBA-20241205-DEN-CLE-19,NBA,2024-12-06T00:00:00,CLE,DEN,126,114,0,,,,,,,,,"{""indoor"": true}"
NBA-20241205-DAL-WSH-19,NBA,2024-12-06T00:00:00,WSH,DAL,101,137,0,,,,,,,,,"{""indoor"": true}"
NBA-20241205-CHA-NY-19,NBA,2024-12-06T00:30:00,NY,CHA,125,101,0,,,,,,,,,"{""indoor"": true}"
NBA-20241205-OKC-TOR-19,NBA,2024-12-06T00:30:00,TOR,OKC,92,129,0,,,,,,,,,"{""indoor"": true}"
NBA-20241205-SAC-MEM-20,NBA,2024-12-06T01:00:00,MEM,SAC,115,110,0,,,,,,,,,"{""indoor"": true}"
NBA-20241205-PHX-NO-20,NBA,2024-12-06T01:00:00,NO,PHX,126,124,0,,,,,,,,,"{""indoor"": true}"
NBA-20241205-CHI-SA-20,NBA,2024-12-06T01:00:00,SA,CHI,124,139,0,,,,,,,,,"{""indoor"": true}"
NBA-20241205-HOU-GS-22,NBA,2024-12-06T03:00:00,GS,HOU,99,93,0,,,,,,,,,"{""indoor"": true}"
NBA-20241206-ORL-PHI-19,NBA,2024-12-07T00:00:00,PHI,ORL,102,94,0,,,,,,,,,"{""indoor"": true}"
NBA-20241206-LAL-ATL-19,NBA,2024-12-07T00:30:00,ATL,LAL,134,132,0,,,,,,,,,"{""indoor"": true}"
NBA-20241206-MIL-BOS-19,NBA,2024-12-07T00:30:00,BOS,MIL,111,105,0,,,,,,,,,"{""indoor"": true}"
NBA-20241206-IND-CHI-20,NBA,2024-12-07T01:00:00,CHI,IND,123,132,0,,,,,,,,,"{""indoor"": true}"
NBA-20241206-SAC-SA-20,NBA,2024-12-07T01:00:00,SA,SAC,113,140,0,,,,,,,,,"{""indoor"": true}"
NBA-20241206-MIN-GS-22,NBA,2024-12-07T03:00:00,GS,MIN,90,107,0,,,,,,,,,"{""indoor"": true}"
NBA-20241206-UTAH-POR-22,NBA,2024-12-07T03:00:00,POR,UTAH,99,141,0,,,,,,,,,"{""indoor"": true}"
NBA-20241207-CLE-CHA-13,NBA,2024-12-07T18:00:00,CHA,CLE,102,116,0,,,,,,,,,"{""indoor"": true}"
NBA-20241207-DEN-WSH-19,NBA,2024-12-08T00:00:00,WSH,DEN,122,113,0,,,,,,,,,"{""indoor"": true}"
NBA-20241207-OKC-NO-19,NBA,2024-12-08T00:00:00,NO,OKC,109,119,0,,,,,,,,,"{""indoor"": true}"
NBA-20241207-DET-NY-19,NBA,2024-12-08T00:30:00,NY,DET,111,120,0,,,,,,,,,"{""indoor"": true}"
NBA-20241207-DAL-TOR-19,NBA,2024-12-08T00:30:00,TOR,DAL,118,125,0,,,,,,,,,"{""indoor"": true}"
NBA-20241207-MEM-BOS-20,NBA,2024-12-08T01:00:00,BOS,MEM,121,127,0,,,,,,,,,"{""indoor"": true}"
NBA-20241207-PHX-MIA-20,NBA,2024-12-08T01:00:00,MIA,PHX,121,111,0,,,,,,,,,"{""indoor"": true}"
NBA-20241208-PHI-CHI-13,NBA,2024-12-08T18:00:00,CHI,PHI,100,108,0,,,,,,,,,"{""indoor"": true}"
NBA-20241208-MIL-BKN-15,NBA,2024-12-08T20:30:00,BKN,MIL,113,118,0,,,,,,,,,"{""indoor"": true}"
NBA-20241208-CHA-IND-17,NBA,2024-12-08T22:00:00,IND,CHA,109,113,0,,,,,,,,,"{""indoor"": true}"
NBA-20241208-DEN-ATL-18,NBA,2024-12-08T23:00:00,ATL,DEN,111,141,0,,,,,,,,,"{""indoor"": true}"
NBA-20241208-CLE-MIA-18,NBA,2024-12-08T23:00:00,MIA,CLE,122,113,0,,,,,,,,,"{""indoor"": true}"
NBA-20241208-PHX-ORL-18,NBA,2024-12-08T23:30:00,ORL,PHX,115,110,0,,,,,,,,,"{""indoor"": true}"
NBA-20241208-MEM-WSH-19,NBA,2024-12-09T00:00:00,WSH,MEM,112,140,0,,,,,,,,,"{""indoor"": true}"
NBA-20241208-NO-SA-19,NBA,2024-12-09T00:00:00,SA,NO,121,116,0,,,,,,,,,"{""indoor"": true}"
NBA-20241208-MIN-GS-20,NBA,2024-12-09T01:30:00,GS,MIN,114,106,0,,,,,,,,,"{""indoor"": true}"
NBA-20241208-HOU-LAC-21,NBA,2024-12-09T02:00:00,LAC,HOU,106,117,0,,,,,,,,,"{""indoor"": true}"
NBA-20241208-UTAH-SAC-21,NBA,2024-12-09T02:00:00,SAC,UTAH,141,97,0,,,,,,,,,"{""indoor"": true}"
NBA-20241208-POR-LAL-21,NBA,2024-12-09T02:30:00,LAL,POR,107,98,0,,,,,,,,,"{""indoor"": true}"
NBA-20241209-NY-TOR-19,NBA,2024-12-10T00:30:00,TOR,NY,108,113,0,,,,,,,,,"{""indoor"": true}"
NBA-20241210-ORL-MIL-19,NBA,2024-12-11T00:00:00,MIL,ORL,114,109,0,,,,,,,,,"{""indoor"": true}"
NBA-20241210-DAL-OKC-21,NBA,2024-12-11T02:30:00,OKC,DAL,118,104,0,,,,,,,,,"{""indoor"": true}"
NBA-20241211-ATL-NY-19,NBA,2024-12-12T00:00:00,NY,ATL,100,108,0,,,,,,,,,"{""indoor"": true}"
NBA-20241211-GS-HOU-21,NBA,2024-12-12T02:30:00,HOU,GS,91,90,0,,,,,,,,,"{""indoor"": true}"
NBA-20241212-DET-BOS-19,NBA,2024-12-13T00:30:00,BOS,DET,123,99,0,,,,,,,,,"{""indoor"": true}"
NBA-20241212-TOR-MIA-19,NBA,2024-12-13T00:30:00,MIA,TOR,114,104,0,,,,,,,,,"{""indoor"": true}"
NBA-20241212-SAC-NO-20,NBA,2024-12-13T01:00:00,NO,SAC,109,111,0,,,,,,,,,"{""indoor"": true}"
NBA-20241213-WSH-CLE-19,NBA,2024-12-14T00:00:00,CLE,WSH,115,105,0,,,,,,,,,"{""indoor"": true}"
NBA-20241213-IND-PHI-19,NBA,2024-12-14T00:00:00,PHI,IND,107,121,0,,,,,,,,,"{""indoor"": true}"
NBA-20241213-LAL-MIN-20,NBA,2024-12-14T01:00:00,MIN,LAL,97,87,0,,,,,,,,,"{""indoor"": true}"
NBA-20241213-BKN-MEM-20,NBA,2024-12-14T01:00:00,MEM,BKN,135,119,0,,,,,,,,,"{""indoor"": true}"
NBA-20241213-CHA-CHI-20,NBA,2024-12-14T01:00:00,CHI,CHA,109,95,0,,,,,,,,,"{""indoor"": true}"
NBA-20241213-LAC-DEN-21,NBA,2024-12-14T02:00:00,DEN,LAC,120,98,0,,,,,,,,,"{""indoor"": true}"
NBA-20241213-PHX-UTAH-21,NBA,2024-12-14T02:30:00,UTAH,PHX,126,134,0,,,,,,,,,"{""indoor"": true}"
NBA-20241213-SA-POR-22,NBA,2024-12-14T03:00:00,POR,SA,116,118,0,,,,,,,,,"{""indoor"": true}"
NBA-20241214-ATL-MIL-16,NBA,2024-12-14T21:30:00,MIL,ATL,110,102,1,,,,,,,,,"{""indoor"": true}"
NBA-20241214-HOU-OKC-20,NBA,2024-12-15T01:30:00,OKC,HOU,111,96,1,,,,,,,,,"{""indoor"": true}"
NBA-20241215-NO-IND-17,NBA,2024-12-15T22:00:00,IND,NO,119,104,0,,,,,,,,,"{""indoor"": true}"
NBA-20241215-BOS-WSH-18,NBA,2024-12-15T23:00:00,WSH,BOS,98,112,0,,,,,,,,,"{""indoor"": true}"
NBA-20241215-NY-ORL-18,NBA,2024-12-15T23:00:00,ORL,NY,91,100,0,,,,,,,,,"{""indoor"": true}"
NBA-20241215-MIN-SA-19,NBA,2024-12-16T00:00:00,SA,MIN,92,106,0,,,,,,,,,"{""indoor"": true}"
NBA-20241215-POR-PHX-20,NBA,2024-12-16T01:00:00,PHX,POR,116,109,0,,,,,,,,,"{""indoor"": true}"
NBA-20241215-DAL-GS-20,NBA,2024-12-16T01:30:00,GS,DAL,133,143,0,,,,,,,,,"{""indoor"": true}"
NBA-20241215-MEM-LAL-21,NBA,2024-12-16T02:30:00,LAL,MEM,116,110,0,,,,,,,,,"{""indoor"": true}"
NBA-20241216-PHI-CHA-19,NBA,2024-12-17T00:00:00,CHA,PHI,108,121,0,,,,,,,,,"{""indoor"": true}"
NBA-20241216-MIA-DET-19,NBA,2024-12-17T00:00:00,DET,MIA,125,124,0,,,,,,,,,"{""indoor"": true}"
NBA-20241216-CHI-TOR-19,NBA,2024-12-17T00:30:00,TOR,CHI,121,122,0,,,,,,,,,"{""indoor"": true}"
NBA-20241216-CLE-BKN-19,NBA,2024-12-17T00:30:00,BKN,CLE,101,130,0,,,,,,,,,"{""indoor"": true}"
NBA-20241216-DEN-SAC-22,NBA,2024-12-17T03:00:00,SAC,DEN,129,130,0,,,,,,,,,"{""indoor"": true}"
NBA-20241216-UTAH-LAC-22,NBA,2024-12-17T03:30:00,LAC,UTAH,144,107,0,,,,,,,,,"{""indoor"": true}"
NBA-20241217-MIL-OKC-20,NBA,2024-12-18T01:30:00,OKC,MIL,81,97,1,,,,,,,,,"{""indoor"": true}"
NBA-20241219-UTAH-DET-19,NBA,2024-12-20T00:00:00,DET,UTAH,119,126,0,,,,,,,,,"{""indoor"": true}"
NBA-20241219-OKC-ORL-19,NBA,2024-12-20T00:00:00,ORL,OKC,99,105,0,,,,,,,,,"{""indoor"": true}"
NBA-20241219-CHA-WSH-19,NBA,2024-12-20T00:00:00,WSH,CHA,123,114,0,,,,,,,,,"{""indoor"": true}"
NBA-20241219-CHI-BOS-19,NBA,2024-12-20T00:30:00,BOS,CHI,108,117,0,,,,,,,,,"{""indoor"": true}"
NBA-20241219-BKN-TOR-19,NBA,2024-12-20T00:30:00,TOR,BKN,94,101,0,,,,,,,,,"{""indoor"": true}"
NBA-20241219-NO-HOU-20,NBA,2024-12-20T01:00:00,HOU,NO,133,113,0,,,,,,,,,"{""indoor"": true}"
NBA-20241219-GS-MEM-20,NBA,2024-12-20T01:00:00,MEM,GS,144,93,0,,,,,,,,,"{""indoor"": true}"
NBA-20241219-ATL-SA-20,NBA,2024-12-20T01:00:00,SA,ATL,133,126,0,,,,,,,,,"{""indoor"": true}"
NBA-20241219-LAC-DAL-20,NBA,2024-12-20T01:30:00,DAL,LAC,95,118,0,,,,,,,,,"{""indoor"": true}"
NBA-20241219-IND-PHX-21,NBA,2024-12-20T02:00:00,PHX,IND,111,120,0,,,,,,,,,"{""indoor"": true}"
NBA-20241219-NY-MIN-21,NBA,2024-12-20T02:30:00,MIN,NY,107,133,0,,,,,,,,,"{""indoor"": true}"
NBA-20241219-DEN-POR-22,NBA,2024-12-20T03:00:00,POR,DEN,126,124,0,,,,,,,,,"{""indoor"": true}"
NBA-20241219-LAL-SAC-22,NBA,2024-12-20T03:00:00,SAC,LAL,100,113,0,,,,,,,,,"{""indoor"": true}"
NBA-20241220-CHA-PHI-19,NBA,2024-12-21T00:00:00,PHI,CHA,108,98,0,,,,,,,,,"{""indoor"": true}"
NBA-20241220-MIL-CLE-19,NBA,2024-12-21T00:30:00,CLE,MIL,124,101,0,,,,,,,,,"{""indoor"": true}"
NBA-20241220-OKC-MIA-20,NBA,2024-12-21T01:00:00,MIA,OKC,97,104,0,,,,,,,,,"{""indoor"": true}"
NBA-20241221-LAL-SAC-18,NBA,2024-12-21T23:00:00,SAC,LAL,99,103,0,,,,,,,,,"{""indoor"": true}"
NBA-20241221-MIA-ORL-19,NBA,2024-12-22T00:00:00,ORL,MIA,121,114,0,,,,,,,,,"{""indoor"": true}"
NBA-20241221-MEM-ATL-19,NBA,2024-12-22T00:30:00,ATL,MEM,112,128,0,,,,,,,,,"{""indoor"": true}"
NBA-20241221-UTAH-BKN-19,NBA,2024-12-22T00:30:00,BKN,UTAH,94,105,0,,,,,,,,,"{""indoor"": true}"
NBA-20241221-PHI-CLE-20,NBA,2024-12-22T01:00:00,CLE,PHI,126,99,0,,,,,,,,,"{""indoor"": true}"
NBA-20241221-BOS-CHI-20,NBA,2024-12-22T01:00:00,CHI,BOS,98,123,0,,,,,,,,,"{""indoor"": true}"
NBA-20241221-WSH-MIL-20,NBA,2024-12-22T01:00:00,MIL,WSH,112,101,0,,,,,,,,,"{""indoor"": true}"
NBA-20241221-GS-MIN-20,NBA,2024-12-22T01:00:00,MIN,GS,103,113,0,,,,,,,,,"{""indoor"": true}"
NBA-20241221-NY-NO-20,NBA,2024-12-22T01:00:00,NO,NY,93,104,0,,,,,,,,,"{""indoor"": true}"
NBA-20241221-LAC-DAL-20,NBA,2024-12-22T01:30:00,DAL,LAC,113,97,0,,,,,,,,,"{""indoor"": true}"
NBA-20241221-POR-SA-20,NBA,2024-12-22T01:30:00,SA,POR,114,94,0,,,,,,,,,"{""indoor"": true}"
NBA-20241221-DET-PHX-21,NBA,2024-12-22T02:00:00,PHX,DET,125,133,0,,,,,,,,,"{""indoor"": true}"
NBA-20241222-HOU-TOR-18,NBA,2024-12-22T23:00:00,TOR,HOU,110,114,0,,,,,,,,,"{""indoor"": true}"
NBA-20241222-IND-SAC-18,NBA,2024-12-22T23:00:00,SAC,IND,95,122,0,,,,,,,,,"{""indoor"": true}"
NBA-20241222-DEN-NO-19,NBA,2024-12-23T00:00:00,NO,DEN,129,132,0,,,,,,,,,"{""indoor"": true}"
NBA-20241223-HOU-CHA-19,NBA,2024-12-24T00:00:00,CHA,HOU,101,114,0,,,,,,,,,"{""indoor"": true}"
NBA-20241223-UTAH-CLE-19,NBA,2024-12-24T00:00:00,CLE,UTAH,124,113,0,,,,,,,,,"{""indoor"": true}"
NBA-20241223-BOS-ORL-19,NBA,2024-12-24T00:00:00,ORL,BOS,108,104,0,,,,,,,,,"{""indoor"": true}"
NBA-20241223-SA-PHI-19,NBA,2024-12-24T00:00:00,PHI,SA,111,106,0,,,,,,,,,"{""indoor"": true}"
NBA-20241223-MIN-ATL-19,NBA,2024-12-24T00:30:00,ATL,MIN,117,104,0,,,,,,,,,"{""indoor"": true}"
NBA-20241223-BKN-MIA-19,NBA,2024-12-24T00:30:00,MIA,BKN,110,95,0,,,,,,,,,"{""indoor"": true}"
NBA-20241223-TOR-NY-19,NBA,2024-12-24T00:30:00,NY,TOR,139,125,0,,,,,,,,,"{""indoor"": true}"
NBA-20241223-MIL-CHI-20,NBA,2024-12-24T01:00:00,CHI,MIL,91,112,0,,,,,,,,,"{""indoor"": true}"
NBA-20241223-LAC-MEM-20,NBA,2024-12-24T01:00:00,MEM,LAC,110,114,0,,,,,,,,,"{""indoor"": true}"
NBA-20241223-WSH-OKC-20,NBA,2024-12-24T01:00:00,OKC,WSH,123,105,0,,,,,,,,,"{""indoor"": true}"
NBA-20241223-POR-DAL-20,NBA,2024-12-24T01:30:00,DAL,POR,132,108,0,,,,,,,,,"{""indoor"": true}"
NBA-20241223-PHX-DEN-22,NBA,2024-12-24T03:00:00,DEN,PHX,117,90,0,,,,,,,,,"{""indoor"": true}"
NBA-20241223-IND-GS-22,NBA,2024-12-24T03:00:00,GS,IND,105,111,0,,,,,,,,,"{""indoor"": true}"
NBA-20241223-DET-LAL-22,NBA,2024-12-24T03:30:00,LAL,DET,114,117,0,,,,,,,,,"{""indoor"": true}"
NBA-20241225-SA-NY-12,NBA,2024-12-25T17:00:00,NY,SA,117,114,0,,,,,,,,,"{""indoor"": true}"
NBA-20241225-MIN-DAL-14,NBA,2024-12-25T19:30:00,DAL,MIN,99,105,0,,,,,,,,,"{""indoor"": true}"
NBA-20241225-PHI-BOS-17,NBA,2024-12-25T22:00:00,BOS,PHI,114,118,0,,,,,,,,,"{""indoor"": true}"
NBA-20241225-LAL-GS-20,NBA,2024-12-26T01:00:00,GS,LAL,113,115,0,,,,,,,,,"{""indoor"": true}"
NBA-20241225-DEN-PHX-22,NBA,2024-12-26T03:30:00,PHX,DEN,110,100,0,,,,,,,,,"{""indoor"": true}"
NBA-20241226-OKC-IND-19,NBA,2024-12-27T00:00:00,IND,OKC,114,120,0,,,,,,,,,"{""indoor"": true}"
NBA-20241226-MIA-ORL-19,NBA,2024-12-27T00:00:00,ORL,MIA,88,89,0,,,,,,,,,"{""indoor"": true}"
NBA-20241226-CHA-WSH-19,NBA,2024-12-27T00:00:00,WSH,CHA,113,110,0,,,,,,,,,"{""indoor"": true}"
NBA-20241226-CHI-ATL-19,NBA,2024-12-27T00:30:00,ATL,CHI,141,133,0,,,,,,,,,"{""indoor"": true}"
NBA-20241226-TOR-MEM-20,NBA,2024-12-27T01:00:00,MEM,TOR,155,126,0,,,,,,,,,"{""indoor"": true}"
NBA-20241226-BKN-MIL-20,NBA,2024-12-27T01:00:00,MIL,BKN,105,111,0,,,,,,,,,"{""indoor"": true}"
NBA-20241226-HOU-NO-20,NBA,2024-12-27T01:00:00,NO,HOU,111,128,0,,,,,,,,,"{""indoor"": true}"
NBA-20241226-UTAH-POR-22,NBA,2024-12-27T03:00:00,POR,UTAH,122,120,0,,,,,,,,,"{""indoor"": true}"
NBA-20241226-DET-SAC-22,NBA,2024-12-27T03:00:00,SAC,DET,113,114,0,,,,,,,,,"{""indoor"": true}"
NBA-20241227-NY-ORL-19,NBA,2024-12-28T00:00:00,ORL,NY,85,108,0,,,,,,,,,"{""indoor"": true}"
NBA-20241227-IND-BOS-19,NBA,2024-12-28T00:30:00,BOS,IND,142,105,0,,,,,,,,,"{""indoor"": true}"
NBA-20241227-SA-BKN-19,NBA,2024-12-28T00:30:00,BKN,SA,87,96,0,,,,,,,,,"{""indoor"": true}"
NBA-20241227-MIN-HOU-20,NBA,2024-12-28T01:00:00,HOU,MIN,112,113,0,,,,,,,,,"{""indoor"": true}"
NBA-20241227-MEM-NO-20,NBA,2024-12-28T01:00:00,NO,MEM,124,132,0,,,,,,,,,"{""indoor"": true}"
NBA-20241227-CLE-DEN-21,NBA,2024-12-28T02:00:00,DEN,CLE,135,149,0,,,,,,,,,"{""indoor"": true}"
NBA-20241227-DAL-PHX-21,NBA,2024-12-28T02:00:00,PHX,DAL,89,98,0,,,,,,,,,"{""indoor"": true}"
NBA-20241227-GS-LAC-22,NBA,2024-12-28T03:00:00,LAC,GS,102,92,0,,,,,,,,,"{""indoor"": true}"
NBA-20241228-MIA-ATL-15,NBA,2024-12-28T20:00:00,ATL,MIA,120,110,0,,,,,,,,,"{""indoor"": true}"
NBA-20241228-OKC-CHA-18,NBA,2024-12-28T23:00:00,CHA,OKC,94,106,0,,,,,,,,,"{""indoor"": true}"
NBA-20241228-NY-WSH-19,NBA,2024-12-29T00:00:00,WSH,NY,132,136,0,,,,,,,,,"{""indoor"": true}"
NBA-20241228-MIL-CHI-20,NBA,2024-12-29T01:00:00,CHI,MIL,116,111,0,,,,,,,,,"{""indoor"": true}"
NBA-20241228-PHX-GS-20,NBA,2024-12-29T01:30:00,GS,PHX,109,105,0,,,,,,,,,"{""indoor"": true}"
NBA-20241228-DET-DEN-21,NBA,2024-12-29T02:00:00,DEN,DET,134,121,0,,,,,,,,,"{""indoor"": true}"
NBA-20241228-PHI-UTAH-21,NBA,2024-12-29T02:30:00,UTAH,PHI,111,114,0,,,,,,,,,"{""indoor"": true}"
NBA-20241228-DAL-POR-22,NBA,2024-12-29T03:00:00,POR,DAL,126,122,0,,,,,,,,,"{""indoor"": true}"
NBA-20241228-SAC-LAL-22,NBA,2024-12-29T03:30:00,LAL,SAC,132,122,0,,,,,,,,,"{""indoor"": true}"
NBA-20241229-BKN-ORL-15,NBA,2024-12-29T20:30:00,ORL,BKN,102,101,0,,,,,,,,,"{""indoor"": true}"
NBA-20241229-IND-BOS-18,NBA,2024-12-29T23:00:00,BOS,IND,114,123,0,,,,,,,,,"{""indoor"": true}"
NBA-20241229-ATL-TOR-18,NBA,2024-12-29T23:00:00,TOR,ATL,107,136,0,,,,,,,,,"{""indoor"": true}"
NBA-20241229-MIA-HOU-19,NBA,2024-12-30T00:00:00,HOU,MIA,100,104,0,,,,,,,,,"{""indoor"": true}"
NBA-20241229-MEM-OKC-19,NBA,2024-12-30T00:00:00,OKC,MEM,130,106,0,,,,,,,,,"{""indoor"": true}"
NBA-20241229-SA-MIN-21,NBA,2024-12-30T02:00:00,MIN,SA,112,110,0,,,,,,,,,"{""indoor"": true}"
NBA-20241230-CHI-CHA-19,NBA,2024-12-31T00:00:00,CHA,CHI,108,115,0,,,,,,,,,"{""indoor"": true}"
NBA-20241230-NY-WSH-19,NBA,2024-12-31T00:00:00,WSH,NY,106,126,0,,,,,,,,,"{""indoor"": true}"
NBA-20241230-LAC-NO-20,NBA,2024-12-31T01:00:00,NO,LAC,113,116,0,,,,,,,,,"{""indoor"": true}"
NBA-20241230-DEN-UTAH-21,NBA,2024-12-31T02:00:00,UTAH,DEN,121,132,0,,,,,,,,,"{""indoor"": true}"
NBA-20241230-CLE-GS-22,NBA,2024-12-31T03:00:00,GS,CLE,95,113,0,,,,,,,,,"{""indoor"": true}"
NBA-20241230-PHI-POR-22,NBA,2024-12-31T03:00:00,POR,PHI,103,125,0,,,,,,,,,"{""indoor"": true}"
NBA-20241230-DAL-SAC-22,NBA,2024-12-31T03:00:00,SAC,DAL,110,100,0,,,,,,,,,"{""indoor"": true}"
NBA-20241231-TOR-BOS-15,NBA,2024-12-31T20:00:00,BOS,TOR,125,71,0,,,,,,,,,"{""indoor"": true}"
NBA-20241231-MIL-IND-15,NBA,2024-12-31T20:00:00,IND,MIL,112,120,0,,,,,,,,,"{""indoor"": true}"
NBA-20241231-LAC-SA-19,NBA,2025-01-01T00:00:00,SA,LAC,122,86,0,,,,,,,,,"{""indoor"": true}"
NBA-20241231-MIN-OKC-20,NBA,2025-01-01T01:00:00,OKC,MIN,113,105,0,,,,,,,,,"{""indoor"": true}"
NBA-20241231-MEM-PHX-21,NBA,2025-01-01T02:00:00,PHX,MEM,112,117,0,,,,,,,,,"{""indoor"": true}"
NBA-20241231-CLE-LAL-21,NBA,2025-01-01T02:00:00,LAL,CLE,110,122,0,,,,,,,,,"{""indoor"": true}"
NBA-20250101-ORL-DET-19,NBA,2025-01-02T00:00:00,DET,ORL,105,96,0,,,,,,,,,"{""indoor"": true}"
NBA-20250101-CHI-WSH-19,NBA,2025-01-02T00:00:00,WSH,CHI,125,107,0,,,,,,,,,"{""indoor"": true}"
NBA-20250101-NO-MIA-19,NBA,2025-01-02T00:30:00,MIA,NO,119,108,0,,,,,,,,,"{""indoor"": true}"
NBA-20250101-UTAH-NY-19,NBA,2025-01-02T00:30:00,NY,UTAH,119,103,0,,,,,,,,,"{""indoor"": true}"
NBA-20250101-BKN-TOR-19,NBA,2025-01-02T00:30:00,TOR,BKN,130,113,0,,,,,,,,,"{""indoor"": true}"
NBA-20250101-DAL-HOU-20,NBA,2025-01-02T01:00:00,HOU,DAL,110,99,0,,,,,,,,,"{""indoor"": true}"
NBA-20250101-ATL-DEN-21,NBA,2025-01-02T02:00:00,DEN,ATL,139,120,0,,,,,,,,,"{""indoor"": true}"
NBA-20250101-PHI-SAC-22,NBA,2025-01-02T03:00:00,SAC,PHI,113,107,0,,,,,,,,,"{""indoor"": true}"
NBA-20250102-IND-MIA-19,NBA,2025-01-03T00:30:00,MIA,IND,115,128,0,,,,,,,,,"{""indoor"": true}"
NBA-20250102-BOS-MIN-19,NBA,2025-01-03T00:30:00,MIN,BOS,115,118,0,,,,,,,,,"{""indoor"": true}"
NBA-20250102-BKN-MIL-20,NBA,2025-01-03T01:00:00,MIL,BKN,110,113,0,,,,,,,,,"{""indoor"": true}"
NBA-20250102-LAC-OKC-20,NBA,2025-01-03T01:00:00,OKC,LAC,116,98,0,,,,,,,,,"{""indoor"": true}"
NBA-20250102-PHI-GS-22,NBA,2025-01-03T03:00:00,GS,PHI,139,105,0,,,,,,,,,"{""indoor"": true}"
NBA-20250102-POR-LAL-22,NBA,2025-01-03T03:30:00,LAL,POR,114,106,0,,,,,,,,,"{""indoor"": true}"
NBA-20250103-CHA-DET-19,NBA,2025-01-04T00:00:00,DET,CHA,98,94,0,,,,,,,,,"{""indoor"": true}"
NBA-20250103-ORL-TOR-19,NBA,2025-01-04T00:30:00,TOR,ORL,97,106,0,,,,,,,,,"{""indoor"": true}"
NBA-20250103-BOS-HOU-20,NBA,2025-01-04T01:00:00,HOU,BOS,86,109,0,,,,,,,,,"{""indoor"": true}"
NBA-20250103-WSH-NO-20,NBA,2025-01-04T01:00:00,NO,WSH,132,120,0,,,,,,,,,"{""indoor"": true}"
NBA-20250103-NY-OKC-20,NBA,2025-01-04T01:00:00,OKC,NY,117,107,0,,,,,,,,,"{""indoor"": true}"
NBA-20250103-CLE-DAL-20,NBA,2025-01-04T01:30:00,DAL,CLE,122,134,0,,,,,,,,,"{""indoor"": true}"
NBA-20250103-SA-DEN-21,NBA,2025-01-04T02:00:00,DEN,SA,110,113,0,,,,,,,,,"{""indoor"": true}"
NBA-20250103-MEM-SAC-22,NBA,2025-01-04T03:00:00,SAC,MEM,138,133,0,,,,,,,,,"{""indoor"": true}"
NBA-20250103-ATL-LAL-22,NBA,2025-01-04T03:30:00,LAL,ATL,119,102,0,,,,,,,,,"{""indoor"": true}"
NBA-20250104-PHI-BKN-18,NBA,2025-01-04T23:00:00,BKN,PHI,94,123,0,,,,,,,,,"{""indoor"": true}"
NBA-20250104-MIN-DET-19,NBA,2025-01-05T00:00:00,DET,MIN,119,105,0,,,,,,,,,"{""indoor"": true}"
NBA-20250104-PHX-IND-19,NBA,2025-01-05T00:00:00,IND,PHX,126,108,0,,,,,,,,,"{""indoor"": true}"
NBA-20250104-UTAH-MIA-20,NBA,2025-01-05T01:00:00,MIA,UTAH,100,136,0,,,,,,,,,"{""indoor"": true}"
NBA-20250104-NY-CHI-20,NBA,2025-01-05T01:00:00,CHI,NY,139,126,0,,,,,,,,,"{""indoor"": true}"
NBA-20250104-POR-MIL-20,NBA,2025-01-05T01:00:00,MIL,POR,102,105,0,,,,,,,,,"{""indoor"": true}"
NBA-20250104-DEN-SA-20,NBA,2025-01-05T01:00:00,SA,DEN,111,122,0,,,,,,,,,"{""indoor"": true}"
NBA-20250104-MEM-GS-20,NBA,2025-01-05T01:30:00,GS,MEM,121,113,0,,,,,,,,,"{""indoor"": true}"
NBA-20250104-ATL-LAC-22,NBA,2025-01-05T03:30:00,LAC,ATL,131,105,0,,,,,,,,,"{""indoor"": true}"
NBA-20250105-BOS-OKC-15,NBA,2025-01-05T20:30:00,OKC,BOS,105,92,0,,,,,,,,,"{""indoor"": true}"
NBA-20250105-CHA-CLE-18,NBA,2025-01-05T23:00:00,CLE,CHA,115,105,0,,,,,,,,,"{""indoor"": true}"
NBA-20250105-NO-WSH-18,NBA,2025-01-05T23:00:00,WSH,NO,98,110,0,,,,,,,,,"{""indoor"": true}"
NBA-20250105-UTAH-ORL-18,NBA,2025-01-05T23:30:00,ORL,UTAH,92,105,0,,,,,,,,,"{""indoor"": true}"
NBA-20250105-LAL-HOU-19,NBA,2025-01-06T00:00:00,HOU,LAL,119,115,0,,,,,,,,,"{""indoor"": true}"
NBA-20250105-SAC-GS-20,NBA,2025-01-06T01:30:00,GS,SAC,99,129,0,,,,,,,,,"{""indoor"": true}"
NBA-20250106-POR-DET-19,NBA,2025-01-07T00:00:00,DET,POR,118,115,0,,,,,,,,,"{""indoor"": true}"
NBA-20250106-PHX-PHI-19,NBA,2025-01-07T00:00:00,PHI,PHX,99,109,0,,,,,,,,,"{""indoor"": true}"
NBA-20250106-IND-BKN-19,NBA,2025-01-07T00:30:00,BKN,IND,99,113,0,,,,,,,,,"{""indoor"": true}"
NBA-20250106-ORL-NY-19,NBA,2025-01-07T00:30:00,NY,ORL,94,103,0,,,,,,,,,"{""indoor"": true}"
NBA-20250106-MIL-TOR-19,NBA,2025-01-07T00:30:00,TOR,MIL,104,128,0,,,,,,,,,"{""indoor"": true}"
NBA-20250106-SA-CHI-20,NBA,2025-01-07T01:00:00,CHI,SA,114,110,0,,,,,,,,,"{""indoor"": true}"
NBA-20250106-DAL-MEM-20,NBA,2025-01-07T01:00:00,MEM,DAL,119,104,0,,,,,,,,,"{""indoor"": true}"
NBA-20250106-LAC-MIN-20,NBA,2025-01-07T01:00:00,MIN,LAC,108,106,0,,,,,,,,,"{""indoor"": true}"
NBA-20250106-MIA-SAC-22,NBA,2025-01-07T03:00:00,SAC,MIA,123,118,0,,,,,,,,,"{""indoor"": true}"
NBA-20250107-PHX-CHA-19,NBA,2025-01-08T00:00:00,CHA,PHX,115,104,0,,,,,,,,,"{""indoor"": true}"
NBA-20250107-HOU-WSH-19,NBA,2025-01-08T00:00:00,WSH,HOU,112,135,0,,,,,,,,,"{""indoor"": true}"
NBA-20250107-LAL-DAL-19,NBA,2025-01-08T00:30:00,DAL,LAL,118,97,0,,,,,,,,,"{""indoor"": true}"
NBA-20250107-MIN-NO-20,NBA,2025-01-08T01:00:00,NO,MIN,97,104,0,,,,,,,,,"{""indoor"": true}"
NBA-20250107-ATL-UTAH-21,NBA,2025-01-08T02:00:00,UTAH,ATL,121,124,0,,,,,,,,,"{""indoor"": true}"
NBA-20250107-BOS-DEN-22,NBA,2025-01-08T03:00:00,DEN,BOS,106,118,0,,,,,,,,,"{""indoor"": true}"
NBA-20250107-MIA-GS-22,NBA,2025-01-08T03:00:00,GS,MIA,98,114,0,,,,,,,,,"{""indoor"": true}"
NBA-20250108-OKC-CLE-19,NBA,2025-01-09T00:00:00,CLE,OKC,129,122,0,,,,,,,,,"{""indoor"": true}"
NBA-20250108-CHI-IND-19,NBA,2025-01-09T00:00:00,IND,CHI,129,113,0,,,,,,,,,"{""indoor"": true}"
NBA-20250108-WSH-PHI-19,NBA,2025-01-09T00:00:00,PHI,WSH,109,103,0,,,,,,,,,"{""indoor"": true}"
NBA-20250108-TOR-NY-19,NBA,2025-01-09T00:30:00,NY,TOR,112,98,0,,,,,,,,,"{""indoor"": true}"
NBA-20250108-DET-BKN-19,NBA,2025-01-09T00:30:00,BKN,DET,98,113,0,,,,,,,,,"{""indoor"": true}"
NBA-20250108-POR-NO-20,NBA,2025-01-09T01:00:00,NO,POR,100,119,0,,,,,,,,,"{""indoor"": true}"
NBA-20250108-LAC-DEN-21,NBA,2025-01-09T02:00:00,DEN,LAC,126,103,0,,,,,,,,,"{""indoor"": true}"
NBA-20250108-SA-MIL-21,NBA,2025-01-09T02:30:00,MIL,SA,121,105,0,,,,,,,,,"{""indoor"": true}"
NBA-20250109-TOR-CLE-19,NBA,2025-01-10T00:00:00,CLE,TOR,132,126,0,,,,,,,,,"{""indoor"": true}"
NBA-20250109-GS-DET-19,NBA,2025-01-10T00:00:00,DET,GS,104,107,0,,,,,,,,,"{""indoor"": true}"
NBA-20250109-MIN-ORL-19,NBA,2025-01-10T00:00:00,ORL,MIN,89,104,0,,,,,,,,,"{""indoor"": true}"
NBA-20250109-POR-DAL-19,NBA,2025-01-10T00:30:00,DAL,POR,117,111,0,,,,,,,,,"{""indoor"": true}"
NBA-20250109-HOU-MEM-20,NBA,2025-01-10T01:00:00,MEM,HOU,115,119,0,,,,,,,,,"{""indoor"": true}"
NBA-20250109-ATL-PHX-21,NBA,2025-01-10T02:00:00,PHX,ATL,123,115,0,,,,,,,,,"{""indoor"": true}"
NBA-20250109-MIA-UTAH-21,NBA,2025-01-10T02:00:00,UTAH,MIA,92,97,0,,,,,,,,,"{""indoor"": true}"
NBA-20250110-GS-IND-19,NBA,2025-01-11T00:00:00,IND,GS,108,96,0,,,,,,,,,"{""indoor"": true}"
NBA-20250110-MIL-ORL-19,NBA,2025-01-11T00:00:00,ORL,MIL,106,109,0,,,,,,,,,"{""indoor"": true}"
NBA-20250110-NO-PHI-19,NBA,2025-01-11T00:00:00,PHI,NO,115,123,0,,,,,,,,,"{""indoor"": true}"
NBA-20250110-SAC-BOS-19,NBA,2025-01-11T00:30:00,BOS,SAC,97,114,0,,,,,,,,,"{""indoor"": true}"
NBA-20250110-OKC-NY-19,NBA,2025-01-11T00:30:00,NY,OKC,101,126,0,,,,,,,,,"{""indoor"": true}"
NBA-20250110-WSH-CHI-20,NBA,2025-01-11T01:00:00,CHI,WSH,138,105,0,,,,,,,,,"{""indoor"": true}"
NBA-20250110-BKN-DEN-21,NBA,2025-01-11T02:00:00,DEN,BKN,124,105,0,,,,,,,,,"{""indoor"": true}"
NBA-20250111-UTAH-PHX-17,NBA,2025-01-11T22:00:00,PHX,UTAH,114,106,0,,,,,,,,,"{""indoor"": true}"
NBA-20250111-TOR-DET-19,NBA,2025-01-12T00:00:00,DET,TOR,123,114,0,,,,,,,,,"{""indoor"": true}"
NBA-20250111-MEM-MIN-20,NBA,2025-01-12T01:00:00,MIN,MEM,125,127,0,,,,,,,,,"{""indoor"": true}"
NBA-20250111-MIA-POR-22,NBA,2025-01-12T03:00:00,POR,MIA,98,119,0,,,,,,,,,"{""indoor"": true}"
NBA-20250112-MIL-NY-15,NBA,2025-01-12T20:00:00,NY,MIL,140,106,0,,,,,,,,,"{""indoor"": true}"
NBA-20250112-DEN-DAL-15,NBA,2025-01-12T20:00:00,DAL,DEN,101,112,0,,,,,,,,,"{""indoor"": true}"
NBA-20250112-SAC-CHI-15,NBA,2025-01-12T20:30:00,CHI,SAC,119,124,0,,,,,,,,,"{""indoor"": true}"
NBA-20250112-NO-BOS-18,NBA,2025-01-12T23:00:00,BOS,NO,120,119,0,,,,,,,,,"{""indoor"": true}"
NBA-20250112-IND-CLE-18,NBA,2025-01-12T23:00:00,CLE,IND,93,108,0,,,,,,,,,"{""indoor"": true}"
NBA-20250112-PHI-ORL-18,NBA,2025-01-12T23:00:00,ORL,PHI,104,99,0,,,,,,,,,"{""indoor"": true}"
NBA-20250112-OKC-WSH-18,NBA,2025-01-12T23:00:00,WSH,OKC,95,136,0,,,,,,,,,"{""indoor"": true}"
NBA-20250112-BKN-UTAH-20,NBA,2025-01-13T01:00:00,UTAH,BKN,112,111,0,,,,,,,,,"{""indoor"": true}"
NBA-20250112-CHA-PHX-21,NBA,2025-01-13T02:00:00,PHX,CHA,120,113,0,,,,,,,,,"{""indoor"": true}"
NBA-20250113-MIN-WSH-19,NBA,2025-01-14T00:00:00,WSH,MIN,106,120,0,,,,,,,,,"{""indoor"": true}"
NBA-20250113-DET-NY-19,NBA,2025-01-14T00:30:00,NY,DET,119,124,0,,,,,,,,,"{""indoor"": true}"
NBA-20250113-GS-TOR-19,NBA,2025-01-14T00:30:00,TOR,GS,104,101,0,,,,,,,,,"{""indoor"": true}"
NBA-20250113-MEM-HOU-20,NBA,2025-01-14T01:00:00,HOU,MEM,120,118,0,,,,,,,,,"{""indoor"": true}"
NBA-20250113-SA-LAL-22,NBA,2025-01-14T03:30:00,LAL,SA,102,126,0,,,,,,,,,"{""indoor"": true}"
NBA-20250113-MIA-LAC-22,NBA,2025-01-14T03:30:00,LAC,MIA,109,98,0,,,,,,,,,"{""indoor"": true}"
NBA-20250114-CLE-IND-19,NBA,2025-01-15T00:00:00,IND,CLE,117,127,0,,,,,,,,,"{""indoor"": true}"
NBA-20250114-OKC-PHI-19,NBA,2025-01-15T00:00:00,PHI,OKC,102,118,0,,,,,,,,,"{""indoor"": true}"
NBA-20250114-PHX-ATL-19,NBA,2025-01-15T00:30:00,ATL,PHX,122,117,0,,,,,,,,,"{""indoor"": true}"
NBA-20250114-NO-CHI-20,NBA,2025-01-15T01:00:00,CHI,NO,113,119,0,,,,,,,,,"{""indoor"": true}"
NBA-20250114-SAC-MIL-20,NBA,2025-01-15T01:00:00,MIL,SAC,130,115,0,,,,,,,,,"{""indoor"": true}"
NBA-20250114-DEN-DAL-21,NBA,2025-01-15T02:30:00,DAL,DEN,99,118,0,,,,,,,,,"{""indoor"": true}"
NBA-20250114-BKN-POR-22,NBA,2025-01-15T03:00:00,POR,BKN,114,132,0,,,,,,,,,"{""indoor"": true}"
NBA-20250115-NY-PHI-19,NBA,2025-01-16T00:00:00,PHI,NY,119,125,0,,,,,,,,,"{""indoor"": true}"
NBA-20250115-BOS-TOR-19,NBA,2025-01-16T00:30:00,TOR,BOS,110,97,0,,,,,,,,,"{""indoor"": true}"
NBA-20250115-ATL-CHI-20,NBA,2025-01-16T01:00:00,CHI,ATL,94,110,0,,,,,,,,,"{""indoor"": true}"
NBA-20250115-ORL-MIL-20,NBA,2025-01-16T01:00:00,MIL,ORL,122,93,0,,,,,,,,,"{""indoor"": true}"
NBA-20250115-DAL-NO-20,NBA,2025-01-16T01:00:00,NO,DAL,119,116,0,,,,,,,,,"{""indoor"": true}"
NBA-20250115-MEM-SA-20,NBA,2025-01-16T01:00:00,SA,MEM,115,129,0,,,,,,,,,"{""indoor"": true}"
NBA-20250115-HOU-DEN-21,NBA,2025-01-16T02:00:00,DEN,HOU,108,128,0,,,,,,,,,"{""indoor"": true}"
NBA-20250115-CHA-UTAH-21,NBA,2025-01-16T02:00:00,UTAH,CHA,112,117,0,,,,,,,,,"{""indoor"": true}"
NBA-20250115-GS-MIN-21,NBA,2025-01-16T02:30:00,MIN,GS,115,116,0,,,,,,,,,"{""indoor"": true}"
NBA-20250115-MIA-LAL-22,NBA,2025-01-16T03:00:00,LAL,MIA,117,108,0,,,,,,,,,"{""indoor"": true}"
NBA-20250115-BKN-LAC-22,NBA,2025-01-16T03:30:00,LAC,BKN,126,67,0,,,,,,,,,"{""indoor"": true}"
NBA-20250116-IND-DET-19,NBA,2025-01-17T00:00:00,DET,IND,100,111,0,,,,,,,,,"{""indoor"": true}"
NBA-20250116-PHX-WSH-19,NBA,2025-01-17T00:00:00,WSH,PHX,123,130,0,,,,,,,,,"{""indoor"": true}"
NBA-20250116-CLE-OKC-19,NBA,2025-01-17T00:30:00,OKC,CLE,134,114,0,,,,,,,,,"{""indoor"": true}"
NBA-20250116-LAC-POR-22,NBA,2025-01-17T03:00:00,POR,LAC,89,118,0,,,,,,,,,"{""indoor"": true}"
NBA-20250116-HOU-SAC-22,NBA,2025-01-17T03:00:00,SAC,HOU,132,127,0,,,,,,,,,"{""indoor"": true}"
NBA-20250117-ORL-BOS-19,NBA,2025-01-18T00:00:00,BOS,ORL,121,94,0,,,,,,,,,"{""indoor"": true}"
NBA-20250117-MIN-NY-19,NBA,2025-01-18T00:30:00,NY,MIN,99,116,0,,,,,,,,,"{""indoor"": true}"
NBA-20250117-DEN-MIA-20,NBA,2025-01-18T01:00:00,MIA,DEN,113,133,0,,,,,,,,,"{""indoor"": true}"
NBA-20250117-TOR-MIL-20,NBA,2025-01-18T01:00:00,MIL,TOR,130,112,0,,,,,,,,,"{""indoor"": true}"
NBA-20250117-UTAH-NO-20,NBA,2025-01-18T01:00:00,NO,UTAH,136,123,0,,,,,,,,,"{""indoor"": true}"
NBA-20250117-CHA-CHI-20,NBA,2025-01-18T01:00:00,CHI,CHA,123,125,0,,,,,,,,,"{""indoor"": true}"
NBA-20250117-OKC-DAL-20,NBA,2025-01-18T01:30:00,DAL,OKC,106,98,0,,,,,,,,,"{""indoor"": true}"
NBA-20250117-MEM-SA-21,NBA,2025-01-18T02:30:00,SA,MEM,112,140,0,,,,,,,,,"{""indoor"": true}"
NBA-20250117-BKN-LAL-22,NBA,2025-01-18T03:30:00,LAL,BKN,102,101,0,,,,,,,,,"{""indoor"": true}"
NBA-20250118-PHX-DET-16,NBA,2025-01-18T21:00:00,DET,PHX,121,125,0,,,,,,,,,"{""indoor"": true}"
NBA-20250118-ATL-BOS-19,NBA,2025-01-19T00:00:00,BOS,ATL,115,119,0,,,,,,,,,"{""indoor"": true}"
NBA-20250118-PHI-IND-19,NBA,2025-01-19T00:00:00,IND,PHI,115,102,0,,,,,,,,,"{""indoor"": true}"
NBA-20250118-WSH-GS-20,NBA,2025-01-19T01:30:00,GS,WSH,122,114,0,,,,,,,,,"{""indoor"": true}"
NBA-20250118-CLE-MIN-21,NBA,2025-01-19T02:00:00,MIN,CLE,117,124,0,,,,,,,,,"{""indoor"": true}"
NBA-20250118-HOU-POR-22,NBA,2025-01-19T03:00:00,POR,HOU,103,125,0,,,,,,,,,"{""indoor"": true}"
NBA-20250119-SA-MIA-15,NBA,2025-01-19T20:00:00,MIA,SA,128,107,0,,,,,,,,,"{""indoor"": true}"
NBA-20250119-DEN-ORL-18,NBA,2025-01-19T23:00:00,ORL,DEN,100,113,0,,,,,,,,,"{""indoor"": true}"
NBA-20250119-PHI-MIL-19,NBA,2025-01-20T00:00:00,MIL,PHI,123,109,0,,,,,,,,,"{""indoor"": true}"
NBA-20250119-BKN-OKC-19,NBA,2025-01-20T00:00:00,OKC,BKN,127,101,0,,,,,,,,,"{""indoor"": true}"
NBA-20250119-LAL-LAC-21,NBA,2025-01-20T02:00:00,LAC,LAL,116,102,0,,,,,,,,,"{""indoor"": true}"
NBA-20250119-CHI-POR-21,NBA,2025-01-20T02:00:00,POR,CHI,113,102,0,,,,,,,,,"{""indoor"": true}"
NBA-20250119-WSH-SAC-21,NBA,2025-01-20T02:00:00,SAC,WSH,123,100,0,,,,,,,,,"{""indoor"": true}"
NBA-20250120-DAL-CHA-12,NBA,2025-01-20T17:00:00,CHA,DAL,110,105,0,,,,,,,,,"{""indoor"": true}"
NBA-20250120-DET-HOU-14,NBA,2025-01-20T19:00:00,HOU,DET,96,107,0,,,,,,,,,"{""indoor"": true}"
NBA-20250120-MIN-MEM-14,NBA,2025-01-20T19:30:00,MEM,MIN,108,106,0,,,,,,,,,"{""indoor"": true}"
NBA-20250120-ATL-NY-15,NBA,2025-01-20T20:00:00,NY,ATL,119,110,0,,,,,,,,,"{""indoor"": true}"
NBA-20250120-PHX-CLE-15,NBA,2025-01-20T20:30:00,CLE,PHX,118,92,0,,,,,,,,,"{""indoor"": true}"
NBA-20250120-BOS-GS-17,NBA,2025-01-20T22:00:00,GS,BOS,85,125,0,,,,,,,,,"{""indoor"": true}"
NBA-20250120-UTAH-NO-20,NBA,2025-01-21T01:00:00,NO,UTAH,123,119,0,,,,,,,,,"{""indoor"": true}"
NBA-20250120-CHI-LAC-22,NBA,2025-01-21T03:30:00,LAC,CHI,99,112,0,,,,,,,,,"{""indoor"": true}"
NBA-20250121-NY-BKN-19,NBA,2025-01-22T00:30:00,BKN,NY,95,99,0,,,,,,,,,"{""indoor"": true}"
NBA-20250121-POR-MIA-19,NBA,2025-01-22T00:30:00,MIA,POR,107,116,0,,,,,,,,,"{""indoor"": true}"
NBA-20250121-ORL-TOR-19,NBA,2025-01-22T00:30:00,TOR,ORL,109,93,0,,,,,,,,,"{""indoor"": true}"
NBA-20250121-PHI-DEN-22,NBA,2025-01-22T03:00:00,DEN,PHI,144,109,0,,,,,,,,,"{""indoor"": true}"
NBA-20250121-WSH-LAL-22,NBA,2025-01-22T03:30:00,LAL,WSH,111,88,0,,,,,,,,,"{""indoor"": true}"
NBA-20250122-DET-ATL-19,NBA,2025-01-23T00:30:00,ATL,DET,104,114,0,,,,,,,,,"{""indoor"": true}"
NBA-20250122-PHX-BKN-19,NBA,2025-01-23T00:30:00,BKN,PHX,84,108,0,,,,,,,,,"{""indoor"": true}"
NBA-20250122-MIN-DAL-19,NBA,2025-01-23T00:30:00,DAL,MIN,114,115,0,,,,,,,,,"{""indoor"": true}"
NBA-20250122-CLE-HOU-20,NBA,2025-01-23T01:00:00,HOU,CLE,109,108,0,,,,,,,,,"{""indoor"": true}"
NBA-20250122-CHA-MEM-20,NBA,2025-01-23T01:00:00,MEM,CHA,132,120,0,,,,,,,,,"{""indoor"": true}"
NBA-20250122-UTAH-OKC-20,NBA,2025-01-23T01:00:00,OKC,UTAH,123,114,0,,,,,,,,,"{""indoor"": true}"
NBA-20250122-GS-SAC-22,NBA,2025-01-23T03:00:00,SAC,GS,123,117,0,,,,,,,,,"{""indoor"": true}"
NBA-20250122-BOS-LAC-22,NBA,2025-01-23T03:30:00,LAC,BOS,113,117,0,,,,,,,,,"{""indoor"": true}"
NBA-20250123-SA-IND-14,NBA,2025-01-23T19:00:00,IND,SA,110,140,1,,,,,,,,,"{""indoor"": true}"
NBA-20250123-POR-ORL-19,NBA,2025-01-24T00:00:00,ORL,POR,79,101,0,,,,,,,,,"{""indoor"": true}"
NBA-20250123-TOR-ATL-19,NBA,2025-01-24T00:30:00,ATL,TOR,119,122,0,,,,,,,,,"{""indoor"": true}"
NBA-20250123-DAL-OKC-20,NBA,2025-01-24T01:00:00,OKC,DAL,115,121,0,,,,,,,,,"{""indoor"": true}"
NBA-20250123-MIA-MIL-20,NBA,2025-01-24T01:30:00,MIL,MIA,125,96,0,,,,,,,,,"{""indoor"": true}"
NBA-20250123-SAC-DEN-21,NBA,2025-01-24T02:00:00,DEN,SAC,132,123,0,,,,,,,,,"{""indoor"": true}"
NBA-20250123-CHI-GS-22,NBA,2025-01-24T03:00:00,GS,CHI,131,106,0,,,,,,,,,"{""indoor"": true}"
NBA-20250123-BOS-LAL-22,NBA,2025-01-24T03:00:00,LAL,BOS,117,96,0,,,,,,,,,"{""indoor"": true}"
NBA-20250123-WSH-LAC-22,NBA,2025-01-24T03:30:00,LAC,WSH,110,93,0,,,,,,,,,"{""indoor"": true}"
NBA-20250124-POR-CHA-19,NBA,2025-01-25T00:00:00,CHA,POR,97,102,0,,,,,,,,,"{""indoor"": true}"
NBA-20250124-CLE-PHI-19,NBA,2025-01-25T00:00:00,PHI,CLE,132,129,0,,,,,,,,,"{""indoor"": true}"
NBA-20250124-NO-MEM-20,NBA,2025-01-25T01:00:00,MEM,NO,139,126,0,,,,,,,,,"{""indoor"": true}"
NBA-20250125-IND-SA-12,NBA,2025-01-25T17:00:00,SA,IND,98,136,1,,,,,,,,,"{""indoor"": true}"
NBA-20250125-DEN-MIN-15,NBA,2025-01-25T20:00:00,MIN,DEN,133,104,0,,,,,,,,,"{""indoor"": true}"
NBA-20250125-BOS-DAL-17,NBA,2025-01-25T22:30:00,DAL,BOS,107,122,0,,,,,,,,,"{""indoor"": true}"
NBA-20250125-MIA-BKN-18,NBA,2025-01-25T23:00:00,BKN,MIA,97,106,0,,,,,,,,,"{""indoor"": true}"
NBA-20250125-NO-CHA-19,NBA,2025-01-26T00:00:00,CHA,NO,123,92,0,,,,,,,,,"{""indoor"": true}"
NBA-20250125-DET-ORL-19,NBA,2025-01-26T00:00:00,ORL,DET,121,113,0,,,,,,,,,"{""indoor"": true}"
NBA-20250125-TOR-ATL-19,NBA,2025-01-26T00:30:00,ATL,TOR,94,117,0,,,,,,,,,"{""indoor"": true}"
NBA-20250125-HOU-CLE-19,NBA,2025-01-26T00:30:00,CLE,HOU,131,135,0,,,,,,,,,"{""indoor"": true}"
NBA-20250125-SAC-NY-19,NBA,2025-01-26T00:30:00,NY,SAC,143,120,0,,,,,,,,,"{""indoor"": true}"
NBA-20250125-PHI-CHI-20,NBA,2025-01-26T01:00:00,CHI,PHI,97,109,0,,,,,,,,,"{""indoor"": true}"
NBA-20250125-UTAH-MEM-20,NBA,2025-01-26T01:00:00,MEM,UTAH,125,103,0,,,,,,,,,"{""indoor"": true}"
NBA-20250125-LAL-GS-20,NBA,2025-01-26T01:30:00,GS,LAL,108,118,0,,,,,,,,,"{""indoor"": true}"
NBA-20250125-WSH-PHX-21,NBA,2025-01-26T02:00:00,PHX,WSH,119,109,0,,,,,,,,,"{""indoor"": true}"
NBA-20250125-MIL-LAC-22,NBA,2025-01-26T03:30:00,LAC,MIL,127,117,0,,,,,,,,,"{""indoor"": true}"
NBA-20250126-OKC-POR-18,NBA,2025-01-26T23:00:00,POR,OKC,108,118,0,,,,,,,,,"{""indoor"": true}"
NBA-20250127-LAL-CHA-19,NBA,2025-01-28T00:00:00,CHA,LAL,107,112,0,,,,,,,,,"{""indoor"": true}"
NBA-20250127-DET-CLE-19,NBA,2025-01-28T00:00:00,CLE,DET,110,91,0,,,,,,,,,"{""indoor"": true}"
NBA-20250127-HOU-BOS-19,NBA,2025-01-28T00:30:00,BOS,HOU,112,114,0,,,,,,,,,"{""indoor"": true}"
NBA-20250127-SAC-BKN-19,NBA,2025-01-28T00:30:00,BKN,SAC,96,110,0,,,,,,,,,"{""indoor"": true}"
NBA-20250127-ORL-MIA-19,NBA,2025-01-28T00:30:00,MIA,ORL,125,119,0,,,,,,,,,"{""indoor"": true}"
NBA-20250127-MEM-NY-19,NBA,2025-01-28T00:30:00,NY,MEM,143,106,0,,,,,,,,,"{""indoor"": true}"
NBA-20250127-NO-TOR-19,NBA,2025-01-28T00:30:00,TOR,NO,113,104,0,,,,,,,,,"{""indoor"": true}"
NBA-20250127-DEN-CHI-20,NBA,2025-01-28T01:00:00,CHI,DEN,129,121,0,,,,,,,,,"{""indoor"": true}"
NBA-20250127-ATL-MIN-20,NBA,2025-01-28T01:00:00,MIN,ATL,100,92,0,,,,,,,,,"{""indoor"": true}"
NBA-20250127-WSH-DAL-20,NBA,2025-01-28T01:30:00,DAL,WSH,130,108,0,,,,,,,,,"{""indoor"": true}"
NBA-20250127-MIL-UTAH-21,NBA,2025-01-28T02:00:00,UTAH,MIL,110,125,0,,,,,,,,,"{""indoor"": true}"
NBA-20250127-LAC-PHX-21,NBA,2025-01-28T02:30:00,PHX,LAC,111,109,0,,,,,,,,,"{""indoor"": true}"
NBA-20250128-LAL-PHI-19,NBA,2025-01-29T00:30:00,PHI,LAL,118,104,0,,,,,,,,,"{""indoor"": true}"
NBA-20250128-HOU-ATL-19,NBA,2025-01-29T00:30:00,ATL,HOU,96,100,0,,,,,,,,,"{""indoor"": true}"
NBA-20250128-UTAH-GS-22,NBA,2025-01-29T03:00:00,GS,UTAH,114,103,0,,,,,,,,,"{""indoor"": true}"
NBA-20250128-MIL-POR-22,NBA,2025-01-29T03:00:00,POR,MIL,125,112,0,,,,,,,,,"{""indoor"": true}"
NBA-20250129-BKN-CHA-19,NBA,2025-01-30T00:00:00,CHA,BKN,83,104,0,,,,,,,,,"{""indoor"": true}"
NBA-20250129-DET-IND-19,NBA,2025-01-30T00:00:00,IND,DET,133,119,0,,,,,,,,,"{""indoor"": true}"
NBA-20250129-TOR-WSH-19,NBA,2025-01-30T00:00:00,WSH,TOR,82,106,0,,,,,,,,,"{""indoor"": true}"
NBA-20250129-CHI-BOS-19,NBA,2025-01-30T00:30:00,BOS,CHI,122,100,0,,,,,,,,,"{""indoor"": true}"
NBA-20250129-CLE-MIA-19,NBA,2025-01-30T00:30:00,MIA,CLE,106,126,0,,,,,,,,,"{""indoor"": true}"
NBA-20250129-DEN-NY-19,NBA,2025-01-30T00:30:00,NY,DEN,122,112,0,,,,,,,,,"{""indoor"": true}"
NBA-20250129-SAC-PHI-19,NBA,2025-01-30T00:30:00,PHI,SAC,117,104,0,,,,,,,,,"{""indoor"": true}"
NBA-20250129-DAL-NO-20,NBA,2025-01-30T01:00:00,NO,DAL,136,137,0,,,,,,,,,"{""indoor"": true}"
NBA-20250129-LAC-SA-20,NBA,2025-01-30T01:00:00,SA,LAC,116,128,0,,,,,,,,,"{""indoor"": true}"
NBA-20250129-MIN-PHX-21,NBA,2025-01-30T02:00:00,PHX,MIN,113,121,0,,,,,,,,,"{""indoor"": true}"
NBA-20250129-OKC-GS-22,NBA,2025-01-30T03:00:00,GS,OKC,116,109,0,,,,,,,,,"{""indoor"": true}"
NBA-20250130-LAL-WSH-19,NBA,2025-01-31T00:00:00,WSH,LAL,96,134,0,,,,,,,,,"{""indoor"": true}"
NBA-20250130-ATL-CLE-19,NBA,2025-01-31T00:00:00,CLE,ATL,137,115,0,,,,,,,,,"{""indoor"": true}"
NBA-20250130-MIN-UTAH-21,NBA,2025-01-31T02:00:00,UTAH,MIN,113,138,0,,,,,,,,,"{""indoor"": true}"
NBA-20250130-HOU-MEM-21,NBA,2025-01-31T02:30:00,MEM,HOU,120,119,0,,,,,,,,,"{""indoor"": true}"
NBA-20250130-ORL-POR-22,NBA,2025-01-31T03:00:00,POR,ORL,119,90,0,,,,,,,,,"{""indoor"": true}"
NBA-20250131-LAC-CHA-19,NBA,2025-02-01T00:00:00,CHA,LAC,104,112,0,,,,,,,,,"{""indoor"": true}"
NBA-20250131-DAL-DET-19,NBA,2025-02-01T00:00:00,DET,DAL,117,102,0,,,,,,,,,"{""indoor"": true}"
NBA-20250131-DEN-PHI-19,NBA,2025-02-01T00:30:00,PHI,DEN,134,137,0,,,,,,,,,"{""indoor"": true}"
NBA-20250131-CHI-TOR-19,NBA,2025-02-01T00:30:00,TOR,CHI,106,122,0,,,,,,,,,"{""indoor"": true}"
NBA-20250131-BOS-NO-20,NBA,2025-02-01T01:00:00,NO,BOS,116,118,0,,,,,,,,,"{""indoor"": true}"
NBA-20250131-MIL-SA-20,NBA,2025-02-01T01:00:00,SA,MIL,144,118,0,,,,,,,,,"{""indoor"": true}"
NBA-20250131-PHX-GS-22,NBA,2025-02-01T03:00:00,GS,PHX,105,130,0,,,,,,,,,"{""indoor"": true}"
NBA-20250201-ATL-IND-17,NBA,2025-02-01T22:00:00,IND,ATL,132,127,0,,,,,,,,,"{""indoor"": true}"
NBA-20250201-ORL-UTAH-17,NBA,2025-02-01T22:00:00,UTAH,ORL,113,99,0,,,,,,,,,"{""indoor"": true}"
NBA-20250201-DEN-CHA-19,NBA,2025-02-02T00:00:00,CHA,DEN,104,107,0,,,,,,,,,"{""indoor"": true}"
NBA-20250201-BKN-HOU-20,NBA,2025-02-02T01:00:00,HOU,BKN,98,110,0,,,,,,,,,"{""indoor"": true}"
NBA-20250201-WSH-MIN-20,NBA,2025-02-02T01:00:00,MIN,WSH,103,105,0,,,,,,,,,"{""indoor"": true}"
NBA-20250201-SAC-OKC-20,NBA,2025-02-02T01:00:00,OKC,SAC,144,110,0,,,,,,,,,"{""indoor"": true}"
NBA-20250201-LAL-NY-20,NBA,2025-02-02T01:30:00,NY,LAL,112,128,0,,,,,,,,,"{""indoor"": true}"
NBA-20250201-MIA-SA-20,NBA,2025-02-02T01:30:00,SA,MIA,103,105,0,,,,,,,,,"{""indoor"": true}"
NBA-20250201-PHX-POR-22,NBA,2025-02-02T03:00:00,POR,PHX,127,108,0,,,,,,,,,"{""indoor"": true}"
NBA-20250202-CHI-DET-15,NBA,2025-02-02T20:00:00,DET,CHI,127,119,0,,,,,,,,,"{""indoor"": true}"
NBA-20250202-DAL-CLE-15,NBA,2025-02-02T20:30:00,CLE,DAL,144,101,0,,,,,,,,,"{""indoor"": true}"
NBA-20250202-LAC-TOR-15,NBA,2025-02-02T20:30:00,TOR,LAC,115,108,0,,,,,,,,,"{""indoor"": true}"
NBA-20250202-BOS-PHI-18,NBA,2025-02-02T23:00:00,PHI,BOS,110,118,0,,,,,,,,,"{""indoor"": true}"
NBA-20250202-MEM-MIL-20,NBA,2025-02-03T01:30:00,MIL,MEM,119,132,0,,,,,,,,,"{""indoor"": true}"
NBA-20250203-WSH-CHA-19,NBA,2025-02-04T00:00:00,CHA,WSH,114,124,0,,,,,,,,,"{""indoor"": true}"
NBA-20250203-ATL-DET-19,NBA,2025-02-04T00:00:00,DET,ATL,130,132,0,,,,,,,,,"{""indoor"": true}"
NBA-20250203-HOU-NY-19,NBA,2025-02-04T00:30:00,NY,HOU,124,118,0,,,,,,,,,"{""indoor"": true}"
NBA-20250203-SAC-MIN-20,NBA,2025-02-04T01:00:00,MIN,SAC,114,116,0,,,,,,,,,"{""indoor"": true}"
NBA-20250203-MIL-OKC-20,NBA,2025-02-04T01:00:00,OKC,MIL,125,96,0,,,,,,,,,"{""indoor"": true}"
NBA-20250203-SA-MEM-20,NBA,2025-02-04T01:50:00,MEM,SA,128,109,0,,,,,,,,,"{""indoor"": true}"
NBA-20250203-NO-DEN-21,NBA,2025-02-04T02:00:00,DEN,NO,125,113,0,,,,,,,,,"{""indoor"": true}"
NBA-20250203-IND-UTAH-21,NBA,2025-02-04T02:00:00,UTAH,IND,111,112,0,,,,,,,,,"{""indoor"": true}"
NBA-20250203-ORL-GS-22,NBA,2025-02-04T03:00:00,GS,ORL,104,99,0,,,,,,,,,"{""indoor"": true}"
NBA-20250203-PHX-POR-22,NBA,2025-02-04T03:00:00,POR,PHX,121,119,0,,,,,,,,,"{""indoor"": true}"
NBA-20250204-DAL-PHI-19,NBA,2025-02-05T00:00:00,PHI,DAL,118,116,0,,,,,,,,,"{""indoor"": true}"
NBA-20250204-BOS-CLE-19,NBA,2025-02-05T00:30:00,CLE,BOS,105,112,0,,,,,,,,,"{""indoor"": true}"
NBA-20250204-HOU-BKN-19,NBA,2025-02-05T00:30:00,BKN,HOU,99,97,0,,,,,,,,,"{""indoor"": true}"
NBA-20250204-NY-TOR-19,NBA,2025-02-05T00:30:00,TOR,NY,115,121,0,,,,,,,,,"{""indoor"": true}"
NBA-20250204-MIA-CHI-20,NBA,2025-02-05T01:00:00,CHI,MIA,133,124,0,,,,,,,,,"{""indoor"": true}"
NBA-20250204-LAL-LAC-22,NBA,2025-02-05T03:00:00,LAC,LAL,97,122,0,,,,,,,,,"{""indoor"": true}"
NBA-20250204-IND-POR-22,NBA,2025-02-05T03:00:00,POR,IND,112,89,0,,,,,,,,,"{""indoor"": true}"
NBA-20250205-MIL-CHA-19,NBA,2025-02-06T00:00:00,CHA,MIL,102,112,0,,,,,,,,,"{""indoor"": true}"
NBA-20250205-CLE-DET-19,NBA,2025-02-06T00:00:00,DET,CLE,115,118,0,,,,,,,,,"{""indoor"": true}"
NBA-20250205-SA-ATL-19,NBA,2025-02-06T00:00:00,ATL,SA,125,126,0,,,,,,,,,"{""indoor"": true}"
NBA-20250205-WSH-BKN-19,NBA,2025-02-06T00:30:00,BKN,WSH,102,119,0,,,,,,,,,"{""indoor"": true}"
NBA-20250205-MIA-PHI-19,NBA,2025-02-06T00:30:00,PHI,MIA,101,108,0,,,,,,,,,"{""indoor"": true}"
NBA-20250205-MEM-TOR-19,NBA,2025-02-06T00:30:00,TOR,MEM,107,138,0,,,,,,,,,"{""indoor"": true}"
NBA-20250205-CHI-MIN-20,NBA,2025-02-06T01:00:00,MIN,CHI,127,108,0,,,,,,,,,"{""indoor"": true}"
NBA-20250205-GS-UTAH-21,NBA,2025-02-06T02:00:00,UTAH,GS,131,128,0,,,,,,,,,"{""indoor"": true}"
NBA-20250205-NO-DEN-21,NBA,2025-02-06T02:00:00,DEN,NO,144,119,0,,,,,,,,,"{""indoor"": true}"
NBA-20250205-PHX-OKC-21,NBA,2025-02-06T02:30:00,OKC,PHX,140,109,0,,,,,,,,,"{""indoor"": true}"
NBA-20250205-ORL-SAC-22,NBA,2025-02-06T03:00:00,SAC,ORL,111,130,0,,,,,,,,,"{""indoor"": true}"
NBA-20250206-DAL-BOS-19,NBA,2025-02-07T00:30:00,BOS,DAL,120,127,0,,,,,,,,,"{""indoor"": true}"
NBA-20250206-HOU-MIN-20,NBA,2025-02-07T01:00:00,MIN,HOU,127,114,0,,,,,,,,,"{""indoor"": true}"
NBA-20250206-ORL-DEN-21,NBA,2025-02-07T02:00:00,DEN,ORL,112,90,0,,,,,,,,,"{""indoor"": true}"
NBA-20250206-GS-LAL-22,NBA,2025-02-07T03:00:00,LAL,GS,120,112,0,,,,,,,,,"{""indoor"": true}"
NBA-20250206-SAC-POR-22,NBA,2025-02-07T03:00:00,POR,SAC,108,102,0,,,,,,,,,"{""indoor"": true}"
NBA-20250206-IND-LAC-22,NBA,2025-02-07T03:30:00,LAC,IND,112,119,0,,,,,,,,,"{""indoor"": true}"
NBA-20250207-SA-CHA-19,NBA,2025-02-08T00:00:00,CHA,SA,117,116,0,,,,,,,,,"{""indoor"": true}"
NBA-20250207-CLE-WSH-19,NBA,2025-02-08T00:00:00,WSH,CLE,124,134,0,,,,,,,,,"{""indoor"": true}"
NBA-20250207-MIL-ATL-19,NBA,2025-02-08T00:30:00,ATL,MIL,115,110,0,,,,,,,,,"{""indoor"": true}"
NBA-20250207-MIA-BKN-19,NBA,2025-02-08T00:30:00,BKN,MIA,102,86,0,,,,,,,,,"{""indoor"": true}"
NBA-20250207-PHI-DET-19,NBA,2025-02-08T00:30:00,DET,PHI,125,112,0,,,,,,,,,"{""indoor"": true}"
NBA-20250207-TOR-OKC-20,NBA,2025-02-08T01:00:00,OKC,TOR,121,109,0,,,,,,,,,"{""indoor"": true}"
NBA-20250207-UTAH-PHX-22,NBA,2025-02-08T03:00:00,PHX,UTAH,135,127,0,,,,,,,,,"{""indoor"": true}"
NBA-20250208-HOU-DAL-15,NBA,2025-02-08T20:00:00,DAL,HOU,116,105,0,,,,,,,,,"{""indoor"": true}"
NBA-20250208-IND-LAL-16,NBA,2025-02-08T21:00:00,LAL,IND,124,117,0,,,,,,,,,"{""indoor"": true}"
NBA-20250208-SA-ORL-19,NBA,2025-02-09T00:00:00,ORL,SA,112,111,0,,,,,,,,,"{""indoor"": true}"
NBA-20250208-ATL-WSH-19,NBA,2025-02-09T00:00:00,WSH,ATL,111,125,0,,,,,,,,,"{""indoor"": true}"
NBA-20250208-GS-CHI-20,NBA,2025-02-09T01:00:00,CHI,GS,111,132,0,,,,,,,,,"{""indoor"": true}"
NBA-20250208-OKC-MEM-20,NBA,2025-02-09T01:00:00,MEM,OKC,112,125,0,,,,,,,,,"{""indoor"": true}"
NBA-20250208-POR-MIN-20,NBA,2025-02-09T01:00:00,MIN,POR,114,98,0,,,,,,,,,"{""indoor"": true}"
NBA-20250208-BOS-NY-20,NBA,2025-02-09T01:30:00,NY,BOS,104,131,0,,,,,,,,,"{""indoor"": true}"
NBA-20250208-DEN-PHX-21,NBA,2025-02-09T02:00:00,PHX,DEN,105,122,0,,,,,,,,,"{""indoor"": true}"
NBA-20250208-NO-SAC-22,NBA,2025-02-09T03:00:00,SAC,NO,123,118,0,,,,,,,,,"{""indoor"": true}"
NBA-20250208-UTAH-LAC-22,NBA,2025-02-09T03:30:00,LAC,UTAH,130,110,0,,,,,,,,,"{""indoor"": true}"
NBA-20250209-CHA-DET-13,NBA,2025-02-09T18:00:00,DET,CHA,112,102,0,,,,,,,,,"{""indoor"": true}"
NBA-20250209-TOR-HOU-14,NBA,2025-02-09T19:00:00,HOU,TOR,94,87,0,,,,,,,,,"{""indoor"": true}"
NBA-20250209-PHI-MIL-14,NBA,2025-02-09T19:00:00,MIL,PHI,135,127,0,,,,,,,,,"{""indoor"": true}"
NBA-20250210-MIN-CLE-19,NBA,2025-02-11T00:00:00,CLE,MIN,128,107,0,,,,,,,,,"{""indoor"": true}"
NBA-20250210-ATL-ORL-19,NBA,2025-02-11T00:00:00,ORL,ATL,106,112,0,,,,,,,,,"{""indoor"": true}"
NBA-20250210-SA-WSH-19,NBA,2025-02-11T00:00:00,WSH,SA,121,131,0,,,,,,,,,"{""indoor"": true}"
NBA-20250210-CHA-BKN-19,NBA,2025-02-11T00:30:00,BKN,CHA,97,89,0,,,,,,,,,"{""indoor"": true}"
NBA-20250210-BOS-MIA-19,NBA,2025-02-11T00:30:00,MIA,BOS,85,103,0,,,,,,,,,"{""indoor"": true}"
NBA-20250210-GS-MIL-20,NBA,2025-02-11T01:00:00,MIL,GS,111,125,0,,,,,,,,,"{""indoor"": true}"
NBA-20250210-NO-OKC-20,NBA,2025-02-11T01:00:00,OKC,NO,137,101,0,,,,,,,,,"{""indoor"": true}"
NBA-20250210-SAC-DAL-20,NBA,2025-02-11T01:30:00,DAL,SAC,128,129,0,,,,,,,,,"{""indoor"": true}"
NBA-20250210-POR-DEN-21,NBA,2025-02-11T02:00:00,DEN,POR,146,117,0,,,,,,,,,"{""indoor"": true}"
NBA-20250210-UTAH-LAL-22,NBA,2025-02-11T03:30:00,LAL,UTAH,132,113,0,,,,,,,,,"{""indoor"": true}"
NBA-20250211-TOR-PHI-19,NBA,2025-02-12T00:00:00,PHI,TOR,103,106,0,,,,,,,,,"{""indoor"": true}"
NBA-20250211-NY-IND-19,NBA,2025-02-12T00:30:00,IND,NY,115,128,0,,,,,,,,,"{""indoor"": true}"
NBA-20250211-DET-CHI-20,NBA,2025-02-12T01:00:00,CHI,DET,92,132,0,,,,,,,,,"{""indoor"": true}"
NBA-20250211-MEM-PHX-22,NBA,2025-02-12T03:00:00,PHX,MEM,112,119,0,,,,,,,,,"{""indoor"": true}"
NBA-20250212-SA-BOS-19,NBA,2025-02-13T00:00:00,BOS,SA,116,103,0,,,,,,,,,"{""indoor"": true}"
NBA-20250212-CHA-ORL-19,NBA,2025-02-13T00:00:00,ORL,CHA,102,86,0,,,,,,,,,"{""indoor"": true}"
NBA-20250212-IND-WSH-19,NBA,2025-02-13T00:00:00,WSH,IND,130,134,0,,,,,,,,,"{""indoor"": true}"
NBA-20250212-PHI-BKN-19,NBA,2025-02-13T00:30:00,BKN,PHI,100,96,0,,,,,,,,,"{""indoor"": true}"
NBA-20250212-ATL-NY-19,NBA,2025-02-13T00:30:00,NY,ATL,149,148,0,,,,,,,,,"{""indoor"": true}"
NBA-20250212-CLE-TOR-19,NBA,2025-02-13T00:30:00,TOR,CLE,108,131,0,,,,,,,,,"{""indoor"": true}"
NBA-20250212-DET-CHI-20,NBA,2025-02-13T01:00:00,CHI,DET,110,128,0,,,,,,,,,"{""indoor"": true}"
NBA-20250212-MIL-MIN-20,NBA,2025-02-13T01:00:00,MIN,MIL,101,103,0,,,,,,,,,"{""indoor"": true}"
NBA-20250212-SAC-NO-20,NBA,2025-02-13T01:00:00,NO,SAC,111,119,0,,,,,,,,,"{""indoor"": true}"
NBA-20250212-MIA-OKC-20,NBA,2025-02-13T01:00:00,OKC,MIA,115,101,0,,,,,,,,,"{""indoor"": true}"
NBA-20250212-PHX-HOU-20,NBA,2025-02-13T01:30:00,HOU,PHX,119,111,0,,,,,,,,,"{""indoor"": true}"
NBA-20250212-POR-DEN-21,NBA,2025-02-13T02:00:00,DEN,POR,132,121,0,,,,,,,,,"{""indoor"": true}"
NBA-20250212-LAL-UTAH-21,NBA,2025-02-13T02:00:00,UTAH,LAL,131,119,0,,,,,,,,,"{""indoor"": true}"
NBA-20250212-GS-DAL-21,NBA,2025-02-13T02:30:00,DAL,GS,111,107,0,,,,,,,,,"{""indoor"": true}"
NBA-20250212-MEM-LAC-22,NBA,2025-02-13T03:30:00,LAC,MEM,128,114,0,,,,,,,,,"{""indoor"": true}"
NBA-20250213-GS-HOU-20,NBA,2025-02-14T01:00:00,HOU,GS,98,105,0,,,,,,,,,"{""indoor"": true}"
NBA-20250213-SAC-NO-20,NBA,2025-02-14T01:00:00,NO,SAC,140,133,0,,,,,,,,,"{""indoor"": true}"
NBA-20250213-MIA-DAL-20,NBA,2025-02-14T01:30:00,DAL,MIA,118,113,0,,,,,,,,,"{""indoor"": true}"
NBA-20250213-OKC-MIN-20,NBA,2025-02-14T01:30:00,MIN,OKC,116,101,0,,,,,,,,,"{""indoor"": true}"
NBA-20250213-LAC-UTAH-21,NBA,2025-02-14T02:00:00,UTAH,LAC,116,120,0,,,,,,,,,"{""indoor"": true}"
NBA-20250219-CHA-LAL-22,NBA,2025-02-20T03:00:00,LAL,CHA,97,100,0,,,,,,,,,"{""indoor"": true}"
NBA-20250220-MEM-IND-19,NBA,2025-02-21T00:00:00,IND,MEM,127,113,0,,,,,,,,,"{""indoor"": true}"
NBA-20250220-BOS-PHI-19,NBA,2025-02-21T00:00:00,PHI,BOS,104,124,0,,,,,,,,,"{""indoor"": true}"
NBA-20250220-ORL-ATL-19,NBA,2025-02-21T00:30:00,ATL,ORL,108,114,0,,,,,,,,,"{""indoor"": true}"
NBA-20250220-CLE-BKN-19,NBA,2025-02-21T00:30:00,BKN,CLE,97,110,0,,,,,,,,,"{""indoor"": true}"
NBA-20250220-CHI-NY-19,NBA,2025-02-21T00:30:00,NY,CHI,113,111,0,,,,,,,,,"{""indoor"": true}"
NBA-20250220-LAC-MIL-20,NBA,2025-02-21T01:00:00,MIL,LAC,116,110,0,,,,,,,,,"{""indoor"": true}"
NBA-20250220-CHA-DEN-21,NBA,2025-02-21T02:00:00,DEN,CHA,129,115,0,,,,,,,,,"{""indoor"": true}"
NBA-20250220-PHX-SA-21,NBA,2025-02-21T02:30:00,SA,PHX,120,109,0,,,,,,,,,"{""indoor"": true}"
NBA-20250220-LAL-POR-22,NBA,2025-02-21T03:00:00,POR,LAL,102,110,0,,,,,,,,,"{""indoor"": true}"
NBA-20250221-NY-CLE-19,NBA,2025-02-22T00:00:00,CLE,NY,142,105,0,,,,,,,,,"{""indoor"": true}"
NBA-20250221-MEM-ORL-19,NBA,2025-02-22T00:00:00,ORL,MEM,104,105,0,,,,,,,,,"{""indoor"": true}"
NBA-20250221-MIL-WSH-19,NBA,2025-02-22T00:00:00,WSH,MIL,101,104,0,,,,,,,,,"{""indoor"": true}"
NBA-20250221-MIA-TOR-19,NBA,2025-02-22T00:30:00,TOR,MIA,111,120,0,,,,,,,,,"{""indoor"": true}"
NBA-20250221-DET-SA-20,NBA,2025-02-22T01:30:00,SA,DET,110,125,0,,,,,,,,,"{""indoor"": true}"
NBA-20250221-NO-DAL-20,NBA,2025-02-22T01:30:00,DAL,NO,111,103,0,,,,,,,,,"{""indoor"": true}"
NBA-20250221-MIN-HOU-21,NBA,2025-02-22T02:30:00,HOU,MIN,121,115,0,,,,,,,,,"{""indoor"": true}"
NBA-20250221-OKC-UTAH-21,NBA,2025-02-22T02:30:00,UTAH,OKC,107,130,0,,,,,,,,,"{""indoor"": true}"
NBA-20250221-GS-SAC-22,NBA,2025-02-22T03:00:00,SAC,GS,108,132,0,,,,,,,,,"{""indoor"": true}"
NBA-20250222-PHX-CHI-17,NBA,2025-02-22T22:00:00,CHI,PHX,117,121,0,,,,,,,,,"{""indoor"": true}"
NBA-20250222-BKN-PHI-19,NBA,2025-02-23T00:30:00,PHI,BKN,103,105,0,,,,,,,,,"{""indoor"": true}"
NBA-20250222-LAL-DEN-20,NBA,2025-02-23T01:30:00,DEN,LAL,100,123,0,,,,,,,,,"{""indoor"": true}"
NBA-20250222-HOU-UTAH-21,NBA,2025-02-23T02:30:00,UTAH,HOU,124,115,0,,,,,,,,,"{""indoor"": true}"
NBA-20250222-CHA-POR-22,NBA,2025-02-23T03:00:00,POR,CHA,141,88,0,,,,,,,,,"{""indoor"": true}"
NBA-20250223-NY-BOS-13,NBA,2025-02-23T18:00:00,BOS,NY,118,105,0,,,,,,,,,"{""indoor"": true}"
NBA-20250223-DAL-GS-15,NBA,2025-02-23T20:30:00,GS,DAL,126,102,0,,,,,,,,,"{""indoor"": true}"
NBA-20250223-LAC-IND-17,NBA,2025-02-23T22:00:00,IND,LAC,129,111,0,,,,,,,,,"{""indoor"": true}"
NBA-20250223-DET-ATL-18,NBA,2025-02-23T23:00:00,ATL,DET,143,148,0,,,,,,,,,"{""indoor"": true}"
NBA-20250223-WSH-ORL-18,NBA,2025-02-23T23:00:00,ORL,WSH,110,90,0,,,,,,,,,"{""indoor"": true}"
NBA-20250223-PHX-TOR-18,NBA,2025-02-23T23:00:00,TOR,PHX,127,109,0,,,,,,,,,"{""indoor"": true}"
NBA-20250223-MIA-MIL-18,NBA,2025-02-23T23:00:00,MIL,MIA,120,113,0,,,,,,,,,"{""indoor"": true}"
NBA-20250223-SA-NO-19,NBA,2025-02-24T00:00:00,NO,SA,114,96,0,,,,,,,,,"{""indoor"": true}"
NBA-20250223-MEM-CLE-19,NBA,2025-02-24T00:00:00,CLE,MEM,129,123,0,,,,,,,,,"{""indoor"": true}"
NBA-20250223-OKC-MIN-21,NBA,2025-02-24T02:50:00,MIN,OKC,123,130,0,,,,,,,,,"{""indoor"": true}"
NBA-20250224-LAC-DET-19,NBA,2025-02-25T00:00:00,DET,LAC,106,97,0,,,,,,,,,"{""indoor"": true}"
NBA-20250224-DEN-IND-19,NBA,2025-02-25T00:00:00,IND,DEN,116,125,0,,,,,,,,,"{""indoor"": true}"
NBA-20250224-CHI-PHI-19,NBA,2025-02-25T00:00:00,PHI,CHI,110,142,0,,,,,,,,,"{""indoor"": true}"
NBA-20250224-BKN-WSH-19,NBA,2025-02-25T00:00:00,WSH,BKN,107,99,0,,,,,,,,,"{""indoor"": true}"
NBA-20250224-MIA-ATL-19,NBA,2025-02-25T00:30:00,ATL,MIA,98,86,0,,,,,,,,,"{""indoor"": true}"
NBA-20250224-MIN-OKC-20,NBA,2025-02-25T01:00:00,OKC,MIN,128,131,0,,,,,,,,,"{""indoor"": true}"
NBA-20250224-POR-UTAH-21,NBA,2025-02-25T02:00:00,UTAH,POR,112,114,0,,,,,,,,,"{""indoor"": true}"
NBA-20250224-CHA-SAC-22,NBA,2025-02-25T03:00:00,SAC,CHA,130,88,0,,,,,,,,,"{""indoor"": true}"
NBA-20250225-BOS-TOR-19,NBA,2025-02-26T00:00:00,TOR,BOS,101,111,0,,,,,,,,,"{""indoor"": true}"
NBA-20250225-CLE-ORL-19,NBA,2025-02-26T00:30:00,ORL,CLE,82,122,0,,,,,,,,,"{""indoor"": true}"
NBA-20250225-MIL-HOU-20,NBA,2025-02-26T01:00:00,HOU,MIL,100,97,0,,,,,,,,,"{""indoor"": true}"
NBA-20250225-PHX-MEM-20,NBA,2025-02-26T01:00:00,MEM,PHX,151,148,0,,,,,,,,,"{""indoor"": true}"
NBA-20250225-SA-NO-20,NBA,2025-02-26T01:00:00,NO,SA,109,103,0,,,,,,,,,"{""indoor"": true}"
NBA-20250225-CHA-GS-22,NBA,2025-02-26T03:00:00,GS,CHA,128,92,0,,,,,,,,,"{""indoor"": true}"
NBA-20250225-DAL-LAL-22,NBA,2025-02-26T03:00:00,LAL,DAL,107,99,0,,,,,,,,,"{""indoor"": true}"
NBA-20250226-BOS-DET-19,NBA,2025-02-27T00:00:00,DET,BOS,117,97,0,,,,,,,,,"{""indoor"": true}"
NBA-20250226-TOR-IND-19,NBA,2025-02-27T00:00:00,IND,TOR,111,91,0,,,,,,,,,"{""indoor"": true}"
NBA-20250226-PHI-NY-19,NBA,2025-02-27T00:00:00,NY,PHI,110,105,0,,,,,,,,,"{""indoor"": true}"
NBA-20250226-POR-WSH-19,NBA,2025-02-27T00:00:00,WSH,POR,121,129,0,,,,,,,,,"{""indoor"": true}"
NBA-20250226-OKC-BKN-19,NBA,2025-02-27T00:30:00,BKN,OKC,121,129,0,,,,,,,,,"{""indoor"": true}"
NBA-20250226-ATL-MIA-19,NBA,2025-02-27T00:30:00,MIA,ATL,131,109,0,,,,,,,,,"{""indoor"": true}"
NBA-20250226-LAC-CHI-20,NBA,2025-02-27T01:00:00,CHI,LAC,117,122,0,,,,,,,,,"{""indoor"": true}"
NBA-20250226-SAC-UTAH-21,NBA,2025-02-27T02:00:00,UTAH,SAC,101,118,0,,,,,,,,,"{""indoor"": true}"
NBA-20250226-SA-HOU-21,NBA,2025-02-27T02:50:00,HOU,SA,118,106,0,,,,,,,,,"{""indoor"": true}"
NBA-20250227-GS-ORL-19,NBA,2025-02-28T00:00:00,ORL,GS,115,121,0,,,,,,,,,"{""indoor"": true}"
NBA-20250227-DEN-MIL-20,NBA,2025-02-28T01:00:00,MIL,DEN,121,112,0,,,,,,,,,"{""indoor"": true}"
NBA-20250227-CHA-DAL-20,NBA,2025-02-28T01:30:00,DAL,CHA,103,96,0,,,,,,,,,"{""indoor"": true}"
NBA-20250227-NO-PHX-21,NBA,2025-02-28T02:00:00,PHX,NO,116,124,0,,,,,,,,,"{""indoor"": true}"
NBA-20250227-MIN-LAL-22,NBA,2025-02-28T03:30:00,LAL,MIN,111,102,0,,,,,,,,,"{""indoor"": true}"
NBA-20250228-DEN-DET-19,NBA,2025-03-01T00:00:00,DET,DEN,119,134,0,,,,,,,,,"{""indoor"": true}"
NBA-20250228-OKC-ATL-19,NBA,2025-03-01T00:30:00,ATL,OKC,119,135,0,,,,,,,,,"{""indoor"": true}"
NBA-20250228-CLE-BOS-19,NBA,2025-03-01T00:30:00,BOS,CLE,116,123,0,,,,,,,,,"{""indoor"": true}"
NBA-20250228-POR-BKN-19,NBA,2025-03-01T00:30:00,BKN,POR,102,121,0,,,,,,,,,"{""indoor"": true}"
NBA-20250228-IND-MIA-20,NBA,2025-03-01T01:00:00,MIA,IND,125,120,0,,,,,,,,,"{""indoor"": true}"
NBA-20250228-TOR-CHI-20,NBA,2025-03-01T01:00:00,CHI,TOR,125,115,0,,,,,,,,,"{""indoor"": true}"
NBA-20250228-NY-MEM-20,NBA,2025-03-01T01:00:00,MEM,NY,113,114,0,,,,,,,,,"{""indoor"": true}"
NBA-20250228-NO-PHX-21,NBA,2025-03-01T02:00:00,PHX,NO,125,108,0,,,,,,,,,"{""indoor"": true}"
NBA-20250228-MIN-UTAH-21,NBA,2025-03-01T02:30:00,UTAH,MIN,117,116,0,,,,,,,,,"{""indoor"": true}"
NBA-20250228-LAC-LAL-22,NBA,2025-03-01T03:00:00,LAL,LAC,106,102,0,,,,,,,,,"{""indoor"": true}"
NBA-20250301-WSH-CHA-18,NBA,2025-03-01T23:00:00,CHA,WSH,100,113,0,,,,,,,,,"{""indoor"": true}"
NBA-20250301-BKN-DET-19,NBA,2025-03-02T00:00:00,DET,BKN,115,94,0,,,,,,,,,"{""indoor"": true}"
NBA-20250301-SAC-HOU-20,NBA,2025-03-02T01:00:00,HOU,SAC,103,113,0,,,,,,,,,"{""indoor"": true}"
NBA-20250301-SA-MEM-20,NBA,2025-03-02T01:00:00,MEM,SA,128,130,0,,,,,,,,,"{""indoor"": true}"
NBA-20250301-GS-PHI-20,NBA,2025-03-02T01:30:00,PHI,GS,126,119,0,,,,,,,,,"{""indoor"": true}"
NBA-20250301-MIL-DAL-20,NBA,2025-03-02T01:30:00,DAL,MIL,117,132,0,,,,,,,,,"{""indoor"": true}"
NBA-20250302-DEN-BOS-13,NBA,2025-03-02T18:00:00,BOS,DEN,110,103,0,,,,,,,,,"{""indoor"": true}"
NBA-20250302-POR-CLE-15,NBA,2025-03-02T20:30:00,CLE,POR,133,129,0,,,,,,,,,"{""indoor"": true}"
NBA-20250302-CHI-IND-17,NBA,2025-03-02T22:00:00,IND,CHI,127,112,0,,,,,,,,,"{""indoor"": true}"
NBA-20250302-NY-MIA-18,NBA,2025-03-02T23:00:00,MIA,NY,112,116,0,,,,,,,,,"{""indoor"": true}"
NBA-20250302-TOR-ORL-18,NBA,2025-03-02T23:00:00,ORL,TOR,102,104,0,,,,,,,,,"{""indoor"": true}"
NBA-20250302-OKC-SA-19,NBA,2025-03-03T00:00:00,SA,OKC,132,146,0,,,,,,,,,"{""indoor"": true}"
NBA-20250302-NO-UTAH-20,NBA,2025-03-03T01:00:00,UTAH,NO,121,128,0,,,,,,,,,"{""indoor"": true}"
NBA-20250302-MIN-PHX-21,NBA,2025-03-03T02:30:00,PHX,MIN,98,116,0,,,,,,,,,"{""indoor"": true}"
NBA-20250302-LAC-LAL-21,NBA,2025-03-03T02:30:00,LAL,LAC,108,102,0,,,,,,,,,"{""indoor"": true}"
NBA-20250303-GS-CHA-19,NBA,2025-03-04T00:00:00,CHA,GS,101,119,0,,,,,,,,,"{""indoor"": true}"
NBA-20250303-POR-PHI-19,NBA,2025-03-04T00:00:00,PHI,POR,102,119,0,,,,,,,,,"{""indoor"": true}"
NBA-20250303-WSH-MIA-19,NBA,2025-03-04T00:30:00,MIA,WSH,106,90,0,,,,,,,,,"{""indoor"": true}"
NBA-20250303-ATL-MEM-20,NBA,2025-03-04T01:00:00,MEM,ATL,130,132,0,,,,,,,,,"{""indoor"": true}"
NBA-20250303-HOU-OKC-20,NBA,2025-03-04T01:00:00,OKC,HOU,137,128,0,,,,,,,,,"{""indoor"": true}"
NBA-20250303-SAC-DAL-20,NBA,2025-03-04T01:30:00,DAL,SAC,98,122,0,,,,,,,,,"{""indoor"": true}"
NBA-20250303-DET-UTAH-21,NBA,2025-03-04T02:00:00,UTAH,DET,106,134,0,,,,,,,,,"{""indoor"": true}"
NBA-20250304-HOU-IND-19,NBA,2025-03-05T00:00:00,IND,HOU,115,102,0,,,,,,,,,"{""indoor"": true}"
NBA-20250304-TOR-ORL-19,NBA,2025-03-05T00:00:00,ORL,TOR,113,114,0,,,,,,,,,"{""indoor"": true}"
NBA-20250304-MIL-ATL-19,NBA,2025-03-05T00:30:00,ATL,MIL,121,127,0,,,,,,,,,"{""indoor"": true}"
NBA-20250304-GS-NY-19,NBA,2025-03-05T00:30:00,NY,GS,102,114,0,,,,,,,,,"{""indoor"": true}"
NBA-20250304-CLE-CHI-20,NBA,2025-03-05T01:00:00,CHI,CLE,117,139,0,,,,,,,,,"{""indoor"": true}"
NBA-20250304-PHI-MIN-20,NBA,2025-03-05T01:00:00,MIN,PHI,126,112,0,,,,,,,,,"{""indoor"": true}"
NBA-20250304-BKN-SA-20,NBA,2025-03-05T01:30:00,SA,BKN,127,113,0,,,,,,,,,"{""indoor"": true}"
NBA-20250304-LAC-PHX-22,NBA,2025-03-05T03:00:00,PHX,LAC,119,117,0,,,,,,,,,"{""indoor"": true}"
NBA-20250304-NO-LAL-22,NBA,2025-03-05T03:30:00,LAL,NO,136,115,0,,,,,,,,,"{""indoor"": true}"
NBA-20250305-POR-BOS-19,NBA,2025-03-06T00:00:00,BOS,POR,128,118,0,,,,,,,,,"{""indoor"": true}"
NBA-20250305-MIN-CHA-19,NBA,2025-03-06T00:00:00,CHA,MIN,110,125,0,,,,,,,,,"{""indoor"": true}"
NBA-20250305-MIA-CLE-19,NBA,2025-03-06T00:00:00,CLE,MIA,112,107,0,,,,,,,,,"{""indoor"": true}"
NBA-20250305-UTAH-WSH-19,NBA,2025-03-06T00:00:00,WSH,UTAH,125,122,0,,,,,,,,,"{""indoor"": true}"
NBA-20250305-DAL-MIL-20,NBA,2025-03-06T01:00:00,MIL,DAL,137,107,0,,,,,,,,,"{""indoor"": true}"
NBA-20250305-SAC-DEN-21,NBA,2025-03-06T02:00:00,DEN,SAC,116,110,0,,,,,,,,,"{""indoor"": true}"
NBA-20250305-OKC-MEM-21,NBA,2025-03-06T02:30:00,MEM,OKC,103,120,0,,,,,,,,,"{""indoor"": true}"
NBA-20250305-DET-LAC-22,NBA,2025-03-06T03:30:00,LAC,DET,123,115,0,,,,,,,,,"{""indoor"": true}"
NBA-20250306-CHI-ORL-19,NBA,2025-03-07T00:00:00,ORL,CHI,123,125,0,,,,,,,,,"{""indoor"": true}"
NBA-20250306-IND-ATL-19,NBA,2025-03-07T00:30:00,ATL,IND,124,118,0,,,,,,,,,"{""indoor"": true}"
NBA-20250306-PHI-BOS-19,NBA,2025-03-07T00:30:00,BOS,PHI,123,105,0,,,,,,,,,"{""indoor"": true}"
NBA-20250306-GS-BKN-19,NBA,2025-03-07T00:30:00,BKN,GS,119,121,0,,,,,,,,,"{""indoor"": true}"
NBA-20250306-HOU-NO-20,NBA,2025-03-07T01:00:00,NO,HOU,97,109,0,,,,,,,,,"{""indoor"": true}"
NBA-20250306-NY-LAL-22,NBA,2025-03-07T03:00:00,LAL,NY,113,109,0,,,,,,,,,"{""indoor"": true}"
NBA-20250307-CLE-CHA-19,NBA,2025-03-08T00:00:00,CHA,CLE,117,118,0,,,,,,,,,"{""indoor"": true}"
NBA-20250307-UTAH-TOR-19,NBA,2025-03-08T00:30:00,TOR,UTAH,118,109,0,,,,,,,,,"{""indoor"": true}"
NBA-20250307-MEM-DAL-19,NBA,2025-03-08T00:30:00,DAL,MEM,111,122,0,,,,,,,,,"{""indoor"": true}"
NBA-20250307-MIN-MIA-20,NBA,2025-03-08T01:00:00,MIA,MIN,104,106,0,,,,,,,,,"{""indoor"": true}"
NBA-20250307-POR-OKC-20,NBA,2025-03-08T01:00:00,OKC,POR,107,89,0,,,,,,,,,"{""indoor"": true}"
NBA-20250307-PHX-DEN-22,NBA,2025-03-08T03:00:00,DEN,PHX,149,141,0,,,,,,,,,"{""indoor"": true}"
NBA-20250307-SA-SAC-22,NBA,2025-03-08T03:00:00,SAC,SA,127,109,0,,,,,,,,,"{""indoor"": true}"
NBA-20250307-NY-LAC-22,NBA,2025-03-08T03:30:00,LAC,NY,105,95,0,,,,,,,,,"{""indoor"": true}"
NBA-20250308-BKN-CHA-18,NBA,2025-03-08T23:00:00,CHA,BKN,105,102,0,,,,,,,,,"{""indoor"": true}"
NBA-20250308-NO-HOU-19,NBA,2025-03-09T00:00:00,HOU,NO,146,117,0,,,,,,,,,"{""indoor"": true}"
NBA-20250308-IND-ATL-19,NBA,2025-03-09T00:30:00,ATL,IND,120,118,0,,,,,,,,,"{""indoor"": true}"
NBA-20250308-WSH-TOR-19,NBA,2025-03-09T00:30:00,TOR,WSH,117,118,0,,,,,,,,,"{""indoor"": true}"
NBA-20250308-CHI-MIA-20,NBA,2025-03-09T01:00:00,MIA,CHI,109,114,0,,,,,,,,,"{""indoor"": true}"
NBA-20250308-ORL-MIL-20,NBA,2025-03-09T01:00:00,MIL,ORL,109,111,0,,,,,,,,,"{""indoor"": true}"
NBA-20250308-LAL-BOS-20,NBA,2025-03-09T01:30:00,BOS,LAL,111,101,0,,,,,,,,,"{""indoor"": true}"
NBA-20250308-DET-GS-20,NBA,2025-03-09T01:30:00,GS,DET,115,110,0,,,,,,,,,"{""indoor"": true}"
NBA-20250309-DEN-OKC-13,NBA,2025-03-09T17:00:00,OKC,DEN,127,103,0,,,,,,,,,"{""indoor"": true}"
NBA-20250309-PHX-DAL-15,NBA,2025-03-09T19:30:00,DAL,PHX,116,125,0,,,,,,,,,"{""indoor"": true}"
NBA-20250309-MEM-NO-19,NBA,2025-03-09T23:00:00,NO,MEM,104,107,0,,,,,,,,,"{""indoor"": true}"
NBA-20250309-UTAH-PHI-19,NBA,2025-03-09T23:30:00,PHI,UTAH,126,122,0,,,,,,,,,"{""indoor"": true}"
NBA-20250309-CLE-MIL-20,NBA,2025-03-10T00:00:00,MIL,CLE,100,112,0,,,,,,,,,"{""indoor"": true}"
NBA-20250309-SA-MIN-20,NBA,2025-03-10T00:00:00,MIN,SA,141,124,0,,,,,,,,,"{""indoor"": true}"
NBA-20250309-DET-POR-21,NBA,2025-03-10T01:00:00,POR,DET,112,119,0,,,,,,,,,"{""indoor"": true}"
NBA-20250309-SAC-LAC-21,NBA,2025-03-10T01:30:00,LAC,SAC,111,110,0,,,,,,,,,"{""indoor"": true}"
NBA-20250310-PHI-ATL-19,NBA,2025-03-10T23:30:00,ATL,PHI,132,123,0,,,,,,,,,"{""indoor"": true}"
NBA-20250310-UTAH-BOS-19,NBA,2025-03-10T23:30:00,BOS,UTAH,114,108,0,,,,,,,,,"{""indoor"": true}"
NBA-20250310-LAL-BKN-19,NBA,2025-03-10T23:30:00,BKN,LAL,111,108,0,,,,,,,,,"{""indoor"": true}"
NBA-20250310-CHA-MIA-19,NBA,2025-03-10T23:30:00,MIA,CHA,102,105,0,,,,,,,,,"{""indoor"": true}"
NBA-20250310-WSH-TOR-19,NBA,2025-03-10T23:30:00,TOR,WSH,119,104,0,,,,,,,,,"{""indoor"": true}"
NBA-20250310-IND-CHI-20,NBA,2025-03-11T00:00:00,CHI,IND,121,103,0,,,,,,,,,"{""indoor"": true}"
NBA-20250310-ORL-HOU-20,NBA,2025-03-11T00:00:00,HOU,ORL,97,84,0,,,,,,,,,"{""indoor"": true}"
NBA-20250310-PHX-MEM-20,NBA,2025-03-11T00:00:00,MEM,PHX,120,118,0,,,,,,,,,"{""indoor"": true}"
NBA-20250310-DEN-OKC-20,NBA,2025-03-11T00:00:00,OKC,DEN,127,140,0,,,,,,,,,"{""indoor"": true}"
NBA-20250310-DAL-SA-20,NBA,2025-03-11T00:30:00,SA,DAL,129,133,0,,,,,,,,,"{""indoor"": true}"
NBA-20250310-POR-GS-22,NBA,2025-03-11T02:00:00,GS,POR,130,120,0,,,,,,,,,"{""indoor"": true}"
NBA-20250310-NY-SAC-22,NBA,2025-03-11T02:30:00,SAC,NY,104,133,0,,,,,,,,,"{""indoor"": true}"
NBA-20250311-BKN-CLE-19,NBA,2025-03-11T23:00:00,CLE,BKN,109,104,0,,,,,,,,,"{""indoor"": true}"
NBA-20250311-WSH-DET-19,NBA,2025-03-11T23:00:00,DET,WSH,123,103,0,,,,,,,,,"{""indoor"": true}"
NBA-20250311-MIL-IND-19,NBA,2025-03-11T23:30:00,IND,MIL,115,114,0,,,,,,,,,"{""indoor"": true}"
NBA-20250311-LAC-NO-20,NBA,2025-03-12T00:00:00,NO,LAC,127,120,0,,,,,,,,,"{""indoor"": true}"
NBA-20250312-CHA-ATL-19,NBA,2025-03-12T23:30:00,ATL,CHA,123,110,0,,,,,,,,,"{""indoor"": true}"
NBA-20250312-OKC-BOS-19,NBA,2025-03-12T23:30:00,BOS,OKC,112,118,0,,,,,,,,,"{""indoor"": true}"
NBA-20250312-PHI-TOR-19,NBA,2025-03-12T23:30:00,TOR,PHI,118,105,0,,,,,,,,,"{""indoor"": true}"
NBA-20250312-LAC-MIA-20,NBA,2025-03-13T00:00:00,MIA,LAC,104,119,0,,,,,,,,,"{""indoor"": true}"
NBA-20250312-PHX-HOU-20,NBA,2025-03-13T00:00:00,HOU,PHX,111,104,0,,,,,,,,,"{""indoor"": true}"
NBA-20250312-UTAH-MEM-20,NBA,2025-03-13T00:00:00,MEM,UTAH,122,115,0,,,,,,,,,"{""indoor"": true}"
NBA-20250312-DAL-SA-20,NBA,2025-03-13T00:00:00,SA,DAL,126,116,0,,,,,,,,,"{""indoor"": true}"
NBA-20250312-MIN-DEN-22,NBA,2025-03-13T02:00:00,DEN,MIN,95,115,0,,,,,,,,,"{""indoor"": true}"
NBA-20250312-NY-POR-22,NBA,2025-03-13T02:00:00,POR,NY,113,114,0,,,,,,,,,"{""indoor"": true}"
NBA-20250313-WSH-DET-19,NBA,2025-03-13T23:00:00,DET,WSH,125,129,0,,,,,,,,,"{""indoor"": true}"
NBA-20250313-LAL-MIL-19,NBA,2025-03-13T23:30:00,MIL,LAL,126,106,0,,,,,,,,,"{""indoor"": true}"
NBA-20250313-BKN-CHI-20,NBA,2025-03-14T00:00:00,CHI,BKN,116,110,0,,,,,,,,,"{""indoor"": true}"
NBA-20250313-ORL-NO-20,NBA,2025-03-14T00:00:00,NO,ORL,93,113,0,,,,,,,,,"{""indoor"": true}"
NBA-20250313-SAC-GS-22,NBA,2025-03-14T02:00:00,GS,SAC,130,104,0,,,,,,,,,"{""indoor"": true}"
NBA-20250314-BOS-MIA-19,NBA,2025-03-14T23:00:00,MIA,BOS,91,103,0,,,,,,,,,"{""indoor"": true}"
NBA-20250314-IND-PHI-19,NBA,2025-03-14T23:00:00,PHI,IND,100,112,0,,,,,,,,,"{""indoor"": true}"
NBA-20250314-LAC-ATL-19,NBA,2025-03-14T23:30:00,ATL,LAC,98,121,0,,,,,,,,,"{""indoor"": true}"
NBA-20250314-DAL-HOU-20,NBA,2025-03-15T00:00:00,HOU,DAL,133,96,0,,,,,,,,,"{""indoor"": true}"
NBA-20250314-CLE-MEM-20,NBA,2025-03-15T00:00:00,MEM,CLE,124,133,0,,,,,,,,,"{""indoor"": true}"
NBA-20250314-ORL-MIN-20,NBA,2025-03-15T00:00:00,MIN,ORL,118,111,0,,,,,,,,,"{""indoor"": true}"
NBA-20250314-CHA-SA-20,NBA,2025-03-15T00:00:00,SA,CHA,134,145,0,,,,,,,,,"{""indoor"": true}"
NBA-20250314-LAL-DEN-21,NBA,2025-03-15T01:30:00,DEN,LAL,131,126,0,,,,,,,,,"{""indoor"": true}"
NBA-20250314-TOR-UTAH-21,NBA,2025-03-15T01:30:00,UTAH,TOR,118,126,0,,,,,,,,,"{""indoor"": true}"
NBA-20250314-SAC-PHX-22,NBA,2025-03-15T02:00:00,PHX,SAC,122,106,0,,,,,,,,,"{""indoor"": true}"
NBA-20250315-BOS-BKN-18,NBA,2025-03-15T22:00:00,BKN,BOS,113,115,0,,,,,,,,,"{""indoor"": true}"
NBA-20250315-OKC-DET-19,NBA,2025-03-15T23:00:00,DET,OKC,107,113,0,,,,,,,,,"{""indoor"": true}"
NBA-20250315-CHI-HOU-20,NBA,2025-03-16T00:00:00,HOU,CHI,117,114,0,,,,,,,,,"{""indoor"": true}"
NBA-20250315-MIA-MEM-20,NBA,2025-03-16T00:00:00,MEM,MIA,125,91,0,,,,,,,,,"{""indoor"": true}"
NBA-20250315-IND-MIL-20,NBA,2025-03-16T00:00:00,MIL,IND,126,119,0,,,,,,,,,"{""indoor"": true}"
NBA-20250315-NO-SA-20,NBA,2025-03-16T00:30:00,SA,NO,119,115,0,,,,,,,,,"{""indoor"": true}"
NBA-20250315-NY-GS-20,NBA,2025-03-16T00:30:00,GS,NY,97,94,0,,,,,,,,,"{""indoor"": true}"
NBA-20250315-WSH-DEN-21,NBA,2025-03-16T01:00:00,DEN,WSH,123,126,0,,,,,,,,,"{""indoor"": true}"
NBA-20250316-PHI-DAL-13,NBA,2025-03-16T17:00:00,DAL,PHI,125,130,0,,,,,,,,,"{""indoor"": true}"
NBA-20250316-ORL-CLE-13,NBA,2025-03-16T17:00:00,CLE,ORL,103,108,0,,,,,,,,,"{""indoor"": true}"
NBA-20250316-PHX-LAL-15,NBA,2025-03-16T19:30:00,LAL,PHX,107,96,0,,,,,,,,,"{""indoor"": true}"
NBA-20250316-ATL-BKN-18,NBA,2025-03-16T22:00:00,BKN,ATL,122,114,0,,,,,,,,,"{""indoor"": true}"
NBA-20250316-TOR-POR-18,NBA,2025-03-16T22:00:00,POR,TOR,105,102,0,,,,,,,,,"{""indoor"": true}"
NBA-20250316-UTAH-MIN-19,NBA,2025-03-16T23:00:00,MIN,UTAH,128,102,0,,,,,,,,,"{""indoor"": true}"
NBA-20250316-CHA-LAC-19,NBA,2025-03-16T23:00:00,LAC,CHA,123,88,0,,,,,,,,,"{""indoor"": true}"
NBA-20250316-OKC-MIL-21,NBA,2025-03-17T01:00:00,MIL,OKC,105,121,0,,,,,,,,,"{""indoor"": true}"
NBA-20250317-MIA-NY-19,NBA,2025-03-17T23:30:00,NY,MIA,116,95,0,,,,,,,,,"{""indoor"": true}"
NBA-20250317-PHI-HOU-20,NBA,2025-03-18T00:00:00,HOU,PHI,144,137,0,,,,,,,,,"{""indoor"": true}"
NBA-20250317-IND-MIN-20,NBA,2025-03-18T00:00:00,MIN,IND,130,132,0,,,,,,,,,"{""indoor"": true}"
NBA-20250317-DET-NO-20,NBA,2025-03-18T00:00:00,NO,DET,81,127,0,,,,,,,,,"{""indoor"": true}"
NBA-20250317-CHI-UTAH-21,NBA,2025-03-18T01:00:00,UTAH,CHI,97,111,0,,,,,,,,,"{""indoor"": true}"
NBA-20250317-DEN-GS-22,NBA,2025-03-18T02:00:00,GS,DEN,105,114,0,,,,,,,,,"{""indoor"": true}"
NBA-20250317-TOR-PHX-22,NBA,2025-03-18T02:00:00,PHX,TOR,129,89,0,,,,,,,,,"{""indoor"": true}"
NBA-20250317-MEM-SAC-22,NBA,2025-03-18T02:00:00,SAC,MEM,132,122,0,,,,,,,,,"{""indoor"": true}"
NBA-20250317-WSH-POR-22,NBA,2025-03-18T02:00:00,POR,WSH,112,97,0,,,,,,,,,"{""indoor"": true}"
NBA-20250317-SA-LAL-22,NBA,2025-03-18T02:30:00,LAL,SA,125,109,0,,,,,,,,,"{""indoor"": true}"
NBA-20250318-ATL-CHA-19,NBA,2025-03-18T23:00:00,CHA,ATL,102,134,0,,,,,,,,,"{""indoor"": true}"
NBA-20250318-BKN-BOS-19,NBA,2025-03-18T23:30:00,BOS,BKN,104,96,0,,,,,,,,,"{""indoor"": true}"
NBA-20250318-MIL-GS-22,NBA,2025-03-19T02:00:00,GS,MIL,104,93,0,,,,,,,,,"{""indoor"": true}"
NBA-20250318-CLE-LAC-22,NBA,2025-03-19T02:30:00,LAC,CLE,132,119,0,,,,,,,,,"{""indoor"": true}"
NBA-20250319-DAL-IND-19,NBA,2025-03-19T23:00:00,IND,DAL,135,131,0,,,,,,,,,"{""indoor"": true}"
NBA-20250319-HOU-ORL-19,NBA,2025-03-19T23:00:00,ORL,HOU,108,116,0,,,,,,,,,"{""indoor"": true}"
NBA-20250319-DET-MIA-19,NBA,2025-03-19T23:30:00,MIA,DET,113,116,0,,,,,,,,,"{""indoor"": true}"
NBA-20250319-NO-MIN-20,NBA,2025-03-20T00:00:00,MIN,NO,115,119,0,,,,,,,,,"{""indoor"": true}"
NBA-20250319-PHI-OKC-20,NBA,2025-03-20T00:00:00,OKC,PHI,133,100,0,,,,,,,,,"{""indoor"": true}"
NBA-20250319-NY-SA-20,NBA,2025-03-20T00:00:00,SA,NY,120,105,0,,,,,,,,,"{""indoor"": true}"
NBA-20250319-WSH-UTAH-21,NBA,2025-03-20T01:00:00,UTAH,WSH,128,112,0,,,,,,,,,"{""indoor"": true}"
NBA-20250319-DEN-LAL-22,NBA,2025-03-20T02:00:00,LAL,DEN,120,108,0,,,,,,,,,"{""indoor"": true}"
NBA-20250319-CHI-PHX-22,NBA,2025-03-20T02:00:00,PHX,CHI,127,121,0,,,,,,,,,"{""indoor"": true}"
NBA-20250319-MEM-POR-22,NBA,2025-03-20T02:00:00,POR,MEM,115,99,0,,,,,,,,,"{""indoor"": true}"
NBA-20250319-CLE-SAC-22,NBA,2025-03-20T02:00:00,SAC,CLE,123,119,0,,,,,,,,,"{""indoor"": true}"
NBA-20250320-NY-CHA-19,NBA,2025-03-20T23:00:00,CHA,NY,115,98,0,,,,,,,,,"{""indoor"": true}"
NBA-20250320-BKN-IND-19,NBA,2025-03-20T23:00:00,IND,BKN,105,99,0,,,,,,,,,"{""indoor"": true}"
NBA-20250320-TOR-GS-22,NBA,2025-03-21T02:00:00,GS,TOR,117,114,0,,,,,,,,,"{""indoor"": true}"
NBA-20250320-CHI-SAC-22,NBA,2025-03-21T02:00:00,SAC,CHI,116,128,0,,,,,,,,,"{""indoor"": true}"
NBA-20250320-MIL-LAL-22,NBA,2025-03-21T02:30:00,LAL,MIL,89,118,0,,,,,,,,,"{""indoor"": true}"
NBA-20250321-ORL-WSH-19,NBA,2025-03-21T23:00:00,WSH,ORL,105,120,0,,,,,,,,,"{""indoor"": true}"
NBA-20250321-HOU-MIA-20,NBA,2025-03-22T00:00:00,MIA,HOU,98,102,0,,,,,,,,,"{""indoor"": true}"
NBA-20250321-NO-MIN-20,NBA,2025-03-22T00:00:00,MIN,NO,134,93,0,,,,,,,,,"{""indoor"": true}"
NBA-20250321-CHA-OKC-20,NBA,2025-03-22T00:00:00,OKC,CHA,141,106,0,,,,,,,,,"{""indoor"": true}"
NBA-20250321-PHI-SA-20,NBA,2025-03-22T00:00:00,SA,PHI,128,120,0,,,,,,,,,"{""indoor"": true}"
NBA-20250321-DET-DAL-20,NBA,2025-03-22T00:30:00,DAL,DET,123,117,0,,,,,,,,,"{""indoor"": true}"
NBA-20250321-BOS-UTAH-21,NBA,2025-03-22T01:30:00,UTAH,BOS,99,121,0,,,,,,,,,"{""indoor"": true}"
NBA-20250321-CLE-PHX-22,NBA,2025-03-22T02:00:00,PHX,CLE,123,112,0,,,,,,,,,"{""indoor"": true}"
NBA-20250321-DEN-POR-22,NBA,2025-03-22T02:00:00,POR,DEN,128,109,0,,,,,,,,,"{""indoor"": true}"
NBA-20250321-MEM-LAC-22,NBA,2025-03-22T02:30:00,LAC,MEM,128,108,0,,,,,,,,,"{""indoor"": true}"
NBA-20250322-BKN-IND-17,NBA,2025-03-22T21:00:00,IND,BKN,108,103,0,,,,,,,,,"{""indoor"": true}"
NBA-20250322-GS-ATL-19,NBA,2025-03-22T23:00:00,ATL,GS,124,115,0,,,,,,,,,"{""indoor"": true}"
NBA-20250322-WSH-NY-20,NBA,2025-03-23T00:00:00,NY,WSH,122,103,0,,,,,,,,,"{""indoor"": true}"
NBA-20250322-MIL-SAC-22,NBA,2025-03-23T02:00:00,SAC,MIL,108,114,0,,,,,,,,,"{""indoor"": true}"
NBA-20250322-CHI-LAL-22,NBA,2025-03-23T02:30:00,LAL,CHI,115,146,0,,,,,,,,,"{""indoor"": true}"
NBA-20250323-NO-DET-15,NBA,2025-03-23T19:00:00,DET,NO,136,130,0,,,,,,,,,"{""indoor"": true}"
NBA-20250323-CLE-UTAH-15,NBA,2025-03-23T19:30:00,UTAH,CLE,91,120,0,,,,,,,,,"{""indoor"": true}"
NBA-20250323-PHI-ATL-18,NBA,2025-03-23T22:00:00,ATL,PHI,132,119,0,,,,,,,,,"{""indoor"": true}"
NBA-20250323-CHA-MIA-18,NBA,2025-03-23T22:00:00,MIA,CHA,122,105,0,,,,,,,,,"{""indoor"": true}"
NBA-20250323-SA-TOR-18,NBA,2025-03-23T22:00:00,TOR,SA,89,123,0,,,,,,,,,"{""indoor"": true}"
NBA-20250323-BOS-POR-18,NBA,2025-03-23T22:00:00,POR,BOS,116,129,0,,,,,,,,,"{""indoor"": true}"
NBA-20250323-DEN-HOU-19,NBA,2025-03-23T23:00:00,HOU,DEN,111,116,0,,,,,,,,,"{""indoor"": true}"
NBA-20250323-OKC-LAC-21,NBA,2025-03-24T01:00:00,LAC,OKC,101,103,0,,,,,,,,,"{""indoor"": true}"
NBA-20250324-MIN-IND-19,NBA,2025-03-24T23:00:00,IND,MIN,119,103,0,,,,,,,,,"{""indoor"": true}"
NBA-20250324-LAL-ORL-19,NBA,2025-03-24T23:00:00,ORL,LAL,118,106,0,,,,,,,,,"{""indoor"": true}"
NBA-20250324-TOR-WSH-19,NBA,2025-03-24T23:00:00,WSH,TOR,104,112,0,,,,,,,,,"{""indoor"": true}"
NBA-20250324-DAL-BKN-19,NBA,2025-03-24T23:30:00,BKN,DAL,101,120,0,,,,,,,,,"{""indoor"": true}"
NBA-20250324-PHI-NO-20,NBA,2025-03-25T00:00:00,NO,PHI,112,99,0,,,,,,,,,"{""indoor"": true}"
NBA-20250324-CHI-DEN-21,NBA,2025-03-25T01:00:00,DEN,CHI,119,129,0,,,,,,,,,"{""indoor"": true}"
NBA-20250324-MIL-PHX-22,NBA,2025-03-25T02:00:00,PHX,MIL,108,106,0,,,,,,,,,"{""indoor"": true}"
NBA-20250324-BOS-SAC-22,NBA,2025-03-25T02:00:00,SAC,BOS,95,113,0,,,,,,,,,"{""indoor"": true}"
NBA-20250325-ORL-CHA-19,NBA,2025-03-25T23:00:00,CHA,ORL,104,111,0,,,,,,,,,"{""indoor"": true}"
NBA-20250325-SA-DET-19,NBA,2025-03-25T23:00:00,DET,SA,122,96,0,,,,,,,,,"{""indoor"": true}"
NBA-20250325-GS-MIA-19,NBA,2025-03-25T23:30:00,MIA,GS,112,86,0,,,,,,,,,"{""indoor"": true}"
NBA-20250325-DAL-NY-19,NBA,2025-03-25T23:30:00,NY,DAL,128,113,0,,,,,,,,,"{""indoor"": true}"
NBA-20250325-ATL-HOU-20,NBA,2025-03-26T00:00:00,HOU,ATL,121,114,0,,,,,,,,,"{""indoor"": true}"
NBA-20250325-MEM-UTAH-21,NBA,2025-03-26T01:00:00,UTAH,MEM,103,140,0,,,,,,,,,"{""indoor"": true}"
NBA-20250325-CLE-POR-22,NBA,2025-03-26T02:00:00,POR,CLE,111,122,0,,,,,,,,,"{""indoor"": true}"
NBA-20250325-OKC-SAC-22,NBA,2025-03-26T02:00:00,SAC,OKC,105,121,0,,,,,,,,,"{""indoor"": true}"
NBA-20250326-WSH-PHI-19,NBA,2025-03-26T23:00:00,PHI,WSH,114,119,0,,,,,,,,,"{""indoor"": true}"
NBA-20250326-TOR-BKN-19,NBA,2025-03-26T23:30:00,BKN,TOR,86,116,0,,,,,,,,,"{""indoor"": true}"
NBA-20250326-LAL-IND-19,NBA,2025-03-26T23:30:00,IND,LAL,119,120,0,,,,,,,,,"{""indoor"": true}"
NBA-20250326-LAC-NY-19,NBA,2025-03-26T23:30:00,NY,LAC,113,126,0,,,,,,,,,"{""indoor"": true}"
NBA-20250326-MIL-DEN-21,NBA,2025-03-27T01:00:00,DEN,MIL,127,117,0,,,,,,,,,"{""indoor"": true}"
NBA-20250326-BOS-PHX-22,NBA,2025-03-27T02:00:00,PHX,BOS,102,132,0,,,,,,,,,"{""indoor"": true}"
NBA-20250327-SA-CLE-19,NBA,2025-03-27T23:00:00,CLE,SA,124,116,0,,,,,,,,,"{""indoor"": true}"
NBA-20250327-DAL-ORL-19,NBA,2025-03-27T23:00:00,ORL,DAL,92,101,0,,,,,,,,,"{""indoor"": true}"
NBA-20250327-IND-WSH-19,NBA,2025-03-27T23:00:00,WSH,IND,109,162,0,,,,,,,,,"{""indoor"": true}"
NBA-20250327-ATL-MIA-19,NBA,2025-03-27T23:30:00,MIA,ATL,122,112,0,,,,,,,,,"{""indoor"": true}"
NBA-20250327-LAL-CHI-20,NBA,2025-03-28T00:00:00,CHI,LAL,119,117,0,,,,,,,,,"{""indoor"": true}"
NBA-20250327-MEM-OKC-20,NBA,2025-03-28T00:00:00,OKC,MEM,125,104,0,,,,,,,,,"{""indoor"": true}"
NBA-20250327-HOU-UTAH-21,NBA,2025-03-28T01:00:00,UTAH,HOU,110,121,0,,,,,,,,,"{""indoor"": true}"
NBA-20250327-POR-SAC-22,NBA,2025-03-28T02:00:00,SAC,POR,128,107,0,,,,,,,,,"{""indoor"": true}"
NBA-20250328-CLE-DET-19,NBA,2025-03-28T23:00:00,DET,CLE,133,122,0,,,,,,,,,"{""indoor"": true}"
NBA-20250328-LAC-BKN-19,NBA,2025-03-28T23:30:00,BKN,LAC,100,132,0,,,,,,,,,"{""indoor"": true}"
NBA-20250328-CHA-TOR-19,NBA,2025-03-28T23:30:00,TOR,CHA,108,97,0,,,,,,,,,"{""indoor"": true}"
NBA-20250328-NY-MIL-20,NBA,2025-03-29T00:00:00,MIL,NY,107,116,0,,,,,,,,,"{""indoor"": true}"
NBA-20250328-PHX-MIN-20,NBA,2025-03-29T00:00:00,MIN,PHX,124,109,0,,,,,,,,,"{""indoor"": true}"
NBA-20250328-GS-NO-20,NBA,2025-03-29T00:00:00,NO,GS,95,111,0,,,,,,,,,"{""indoor"": true}"
NBA-20250328-UTAH-DEN-21,NBA,2025-03-29T01:00:00,DEN,UTAH,129,93,0,,,,,,,,,"{""indoor"": true}"
NBA-20250329-SAC-ORL-17,NBA,2025-03-29T21:00:00,ORL,SAC,121,91,0,,,,,,,,,"{""indoor"": true}"
NBA-20250329-BKN-WSH-19,NBA,2025-03-29T23:00:00,WSH,BKN,112,115,0,,,,,,,,,"{""indoor"": true}"
NBA-20250329-MIA-PHI-19,NBA,2025-03-29T23:30:00,PHI,MIA,95,118,0,,,,,,,,,"{""indoor"": true}"
NBA-20250329-DAL-CHI-20,NBA,2025-03-30T00:00:00,CHI,DAL,119,120,0,,,,,,,,,"{""indoor"": true}"
NBA-20250329-LAL-MEM-20,NBA,2025-03-30T00:00:00,MEM,LAL,127,134,0,,,,,,,,,"{""indoor"": true}"
NBA-20250329-IND-OKC-20,NBA,2025-03-30T00:00:00,OKC,IND,132,111,0,,,,,,,,,"{""indoor"": true}"
NBA-20250329-BOS-SA-20,NBA,2025-03-30T00:00:00,SA,BOS,111,121,0,,,,,,,,,"{""indoor"": true}"
NBA-20250330-LAC-CLE-15,NBA,2025-03-30T19:30:00,CLE,LAC,127,122,0,,,,,,,,,"{""indoor"": true}"
NBA-20250330-POR-NY-18,NBA,2025-03-30T22:00:00,NY,POR,110,93,0,,,,,,,,,"{""indoor"": true}"
NBA-20250330-ATL-MIL-19,NBA,2025-03-30T23:00:00,MIL,ATL,124,145,0,,,,,,,,,"{""indoor"": true}"
NBA-20250330-DET-MIN-19,NBA,2025-03-30T23:00:00,MIN,DET,123,104,0,,,,,,,,,"{""indoor"": true}"
NBA-20250330-CHA-NO-19,NBA,2025-03-30T23:00:00,NO,CHA,98,94,0,,,,,,,,,"{""indoor"": true}"
NBA-20250330-GS-SA-19,NBA,2025-03-30T23:00:00,SA,GS,106,148,0,,,,,,,,,"{""indoor"": true}"
NBA-20250330-TOR-PHI-19,NBA,2025-03-30T23:30:00,PHI,TOR,109,127,0,,,,,,,,,"{""indoor"": true}"
NBA-20250330-HOU-PHX-21,NBA,2025-03-31T01:00:00,PHX,HOU,109,148,0,,,,,,,,,"{""indoor"": true}"
NBA-20250331-UTAH-CHA-19,NBA,2025-03-31T23:00:00,CHA,UTAH,110,106,0,,,,,,,,,"{""indoor"": true}"
NBA-20250331-SAC-IND-19,NBA,2025-03-31T23:00:00,IND,SAC,111,109,0,,,,,,,,,"{""indoor"": true}"
NBA-20250331-LAC-ORL-19,NBA,2025-03-31T23:00:00,ORL,LAC,87,96,0,,,,,,,,,"{""indoor"": true}"
NBA-20250331-MIA-WSH-19,NBA,2025-03-31T23:00:00,WSH,MIA,94,120,0,,,,,,,,,"{""indoor"": true}"
NBA-20250331-BOS-MEM-19,NBA,2025-03-31T23:30:00,MEM,BOS,103,117,0,,,,,,,,,"{""indoor"": true}"
NBA-20250331-CHI-OKC-20,NBA,2025-04-01T00:00:00,OKC,CHI,145,117,0,,,,,,,,,"{""indoor"": true}"
NBA-20250331-BKN-DAL-20,NBA,2025-04-01T00:30:00,DAL,BKN,109,113,0,,,,,,,,,"{""indoor"": true}"
NBA-20250331-HOU-LAL-22,NBA,2025-04-01T02:00:00,LAL,HOU,104,98,0,,,,,,,,,"{""indoor"": true}"
NBA-20250401-POR-ATL-19,NBA,2025-04-01T23:30:00,ATL,POR,113,127,0,,,,,,,,,"{""indoor"": true}"
NBA-20250401-PHI-NY-19,NBA,2025-04-01T23:30:00,NY,PHI,105,91,0,,,,,,,,,"{""indoor"": true}"
NBA-20250401-PHX-MIL-19,NBA,2025-04-01T23:30:00,MIL,PHX,133,123,0,,,,,,,,,"{""indoor"": true}"
NBA-20250401-ORL-SA-20,NBA,2025-04-02T00:00:00,SA,ORL,105,116,0,,,,,,,,,"{""indoor"": true}"
NBA-20250401-TOR-CHI-20,NBA,2025-04-02T00:00:00,CHI,TOR,137,118,0,,,,,,,,,"{""indoor"": true}"
NBA-20250401-GS-MEM-20,NBA,2025-04-02T00:00:00,MEM,GS,125,134,0,,,,,,,,,"{""indoor"": true}"
NBA-20250401-MIN-DEN-22,NBA,2025-04-02T02:00:00,DEN,MIN,139,140,0,,,,,,,,,"{""indoor"": true}"
NBA-20250402-NY-CLE-19,NBA,2025-04-02T23:00:00,CLE,NY,124,105,0,,,,,,,,,"{""indoor"": true}"
NBA-20250402-CHA-IND-19,NBA,2025-04-02T23:00:00,IND,CHA,119,105,0,,,,,,,,,"{""indoor"": true}"
NBA-20250402-SAC-WSH-19,NBA,2025-04-02T23:00:00,WSH,SAC,116,111,0,,,,,,,,,"{""indoor"": true}"
NBA-20250402-MIA-BOS-19,NBA,2025-04-02T23:30:00,BOS,MIA,103,124,0,,,,,,,,,"{""indoor"": true}"
NBA-20250402-UTAH-HOU-20,NBA,2025-04-03T00:00:00,HOU,UTAH,143,105,0,,,,,,,,,"{""indoor"": true}"
NBA-20250402-ATL-DAL-20,NBA,2025-04-03T00:30:00,DAL,ATL,120,118,0,,,,,,,,,"{""indoor"": true}"
NBA-20250402-SA-DEN-21,NBA,2025-04-03T01:00:00,DEN,SA,106,113,0,,,,,,,,,"{""indoor"": true}"
NBA-20250402-DET-OKC-21,NBA,2025-04-03T01:30:00,OKC,DET,119,103,0,,,,,,,,,"{""indoor"": true}"
NBA-20250402-NO-LAC-22,NBA,2025-04-03T02:30:00,LAC,NO,114,98,0,,,,,,,,,"{""indoor"": true}"
NBA-20250403-ORL-WSH-19,NBA,2025-04-03T23:00:00,WSH,ORL,97,109,0,,,,,,,,,"{""indoor"": true}"
NBA-20250403-MIL-PHI-19,NBA,2025-04-03T23:00:00,PHI,MIL,113,126,0,,,,,,,,,"{""indoor"": true}"
NBA-20250403-MIN-BKN-19,NBA,2025-04-03T23:30:00,BKN,MIN,90,105,0,,,,,,,,,"{""indoor"": true}"
NBA-20250403-MEM-MIA-19,NBA,2025-04-03T23:30:00,MIA,MEM,108,110,0,,,,,,,,,"{""indoor"": true}"
NBA-20250403-POR-TOR-19,NBA,2025-04-03T23:30:00,TOR,POR,103,112,0,,,,,,,,,"{""indoor"": true}"
NBA-20250403-GS-LAL-22,NBA,2025-04-04T02:00:00,LAL,GS,116,123,0,,,,,,,,,"{""indoor"": true}"
NBA-20250404-SAC-CHA-19,NBA,2025-04-04T23:00:00,CHA,SAC,102,125,0,,,,,,,,,"{""indoor"": true}"
NBA-20250404-UTAH-IND-19,NBA,2025-04-04T23:00:00,IND,UTAH,140,112,0,,,,,,,,,"{""indoor"": true}"
NBA-20250404-PHX-BOS-19,NBA,2025-04-04T23:30:00,BOS,PHX,123,103,0,,,,,,,,,"{""indoor"": true}"
NBA-20250404-DET-TOR-19,NBA,2025-04-04T23:30:00,TOR,DET,105,117,0,,,,,,,,,"{""indoor"": true}"
NBA-20250404-POR-CHI-20,NBA,2025-04-05T00:00:00,CHI,POR,118,113,0,,,,,,,,,"{""indoor"": true}"
NBA-20250404-OKC-HOU-20,NBA,2025-04-05T00:00:00,HOU,OKC,125,111,0,,,,,,,,,"{""indoor"": true}"
NBA-20250404-CLE-SA-20,NBA,2025-04-05T00:00:00,SA,CLE,113,114,0,,,,,,,,,"{""indoor"": true}"
NBA-20250404-DEN-GS-22,NBA,2025-04-05T02:00:00,GS,DEN,118,104,0,,,,,,,,,"{""indoor"": true}"
NBA-20250404-NO-LAL-22,NBA,2025-04-05T02:30:00,LAL,NO,124,108,0,,,,,,,,,"{""indoor"": true}"
NBA-20250404-DAL-LAC-22,NBA,2025-04-05T02:30:00,LAC,DAL,114,91,0,,,,,,,,,"{""indoor"": true}"
NBA-20250405-NY-ATL-15,NBA,2025-04-05T19:00:00,ATL,NY,105,121,0,,,,,,,,,"{""indoor"": true}"
NBA-20250405-MEM-DET-19,NBA,2025-04-05T23:00:00,DET,MEM,103,109,0,,,,,,,,,"{""indoor"": true}"
NBA-20250405-MIN-PHI-19,NBA,2025-04-05T23:00:00,PHI,MIN,109,114,0,,,,,,,,,"{""indoor"": true}"
NBA-20250405-MIL-MIA-20,NBA,2025-04-06T00:00:00,MIA,MIL,115,121,0,,,,,,,,,"{""indoor"": true}"
NBA-20250405-DAL-LAC-22,NBA,2025-04-06T02:30:00,LAC,DAL,135,104,0,,,,,,,,,"{""indoor"": true}"
NBA-20250406-CHI-CHA-13,NBA,2025-04-06T17:00:00,CHA,CHI,117,131,0,,,,,,,,,"{""indoor"": true}"
NBA-20250406-TOR-BKN-15,NBA,2025-04-06T19:30:00,BKN,TOR,109,120,0,,,,,,,,,"{""indoor"": true}"
NBA-20250406-LAL-OKC-15,NBA,2025-04-06T19:30:00,OKC,LAL,99,126,0,,,,,,,,,"{""indoor"": true}"
NBA-20250406-UTAH-ATL-18,NBA,2025-04-06T22:00:00,ATL,UTAH,147,134,0,,,,,,,,,"{""indoor"": true}"
NBA-20250406-WSH-BOS-18,NBA,2025-04-06T22:00:00,BOS,WSH,124,90,0,,,,,,,,,"{""indoor"": true}"
NBA-20250406-SAC-CLE-18,NBA,2025-04-06T22:00:00,CLE,SAC,113,120,0,,,,,,,,,"{""indoor"": true}"
NBA-20250406-SA-POR-18,NBA,2025-04-06T22:00:00,POR,SA,120,109,0,,,,,,,,,"{""indoor"": true}"
NBA-20250406-PHX-NY-19,NBA,2025-04-06T23:00:00,NY,PHX,112,98,0,,,,,,,,,"{""indoor"": true}"
NBA-20250406-IND-DEN-20,NBA,2025-04-07T00:00:00,DEN,IND,120,125,0,,,,,,,,,"{""indoor"": true}"
NBA-20250406-HOU-GS-20,NBA,2025-04-07T00:30:00,GS,HOU,96,106,0,,,,,,,,,"{""indoor"": true}"
NBA-20250406-MIL-NO-20,NBA,2025-04-07T00:30:00,NO,MIL,107,111,0,,,,,,,,,"{""indoor"": true}"
NBA-20250407-SAC-DET-19,NBA,2025-04-07T23:00:00,DET,SAC,117,127,0,,,,,,,,,"{""indoor"": true}"
NBA-20250407-PHI-MIA-19,NBA,2025-04-07T23:30:00,MIA,PHI,117,105,0,,,,,,,,,"{""indoor"": true}"
NBA-20250408-MEM-CHA-19,NBA,2025-04-08T23:00:00,CHA,MEM,100,124,0,,,,,,,,,"{""indoor"": true}"
NBA-20250408-CHI-CLE-19,NBA,2025-04-08T23:00:00,CLE,CHI,135,113,0,,,,,,,,,"{""indoor"": true}"
NBA-20250408-WSH-IND-19,NBA,2025-04-08T23:00:00,IND,WSH,104,98,0,,,,,,,,,"{""indoor"": true}"
NBA-20250408-ATL-ORL-19,NBA,2025-04-08T23:00:00,ORL,ATL,119,112,0,,,,,,,,,"{""indoor"": true}"
NBA-20250408-NO-BKN-19,NBA,2025-04-08T23:30:00,BKN,NO,119,114,0,,,,,,,,,"{""indoor"": true}"
NBA-20250408-BOS-NY-19,NBA,2025-04-08T23:30:00,NY,BOS,117,119,0,,,,,,,,,"{""indoor"": true}"
NBA-20250408-MIN-MIL-20,NBA,2025-04-09T00:00:00,MIL,MIN,110,103,0,,,,,,,,,"{""indoor"": true}"
NBA-20250408-LAL-OKC-20,NBA,2025-04-09T00:00:00,OKC,LAL,136,120,0,,,,,,,,,"{""indoor"": true}"
NBA-20250408-GS-PHX-22,NBA,2025-04-09T02:00:00,PHX,GS,95,133,0,,,,,,,,,"{""indoor"": true}"
NBA-20250408-SA-LAC-22,NBA,2025-04-09T02:30:00,LAC,SA,122,117,0,,,,,,,,,"{""indoor"": true}"
NBA-20250409-BOS-ORL-19,NBA,2025-04-09T23:00:00,ORL,BOS,96,76,0,,,,,,,,,"{""indoor"": true}"
NBA-20250409-PHI-WSH-19,NBA,2025-04-09T23:00:00,WSH,PHI,103,122,0,,,,,,,,,"{""indoor"": true}"
NBA-20250409-CHA-TOR-19,NBA,2025-04-09T23:30:00,TOR,CHA,126,96,0,,,,,,,,,"{""indoor"": true}"
NBA-20250409-LAL-DAL-19,NBA,2025-04-09T23:30:00,DAL,LAL,97,112,0,,,,,,,,,"{""indoor"": true}"
NBA-20250409-MIA-CHI-20,NBA,2025-04-10T00:00:00,CHI,MIA,119,111,0,,,,,,,,,"{""indoor"": true}"
NBA-20250409-POR-UTAH-21,NBA,2025-04-10T01:00:00,UTAH,POR,133,126,0,,,,,,,,,"{""indoor"": true}"
NBA-20250409-SA-GS-22,NBA,2025-04-10T02:00:00,GS,SA,111,114,0,,,,,,,,,"{""indoor"": true}"
NBA-20250409-OKC-PHX-22,NBA,2025-04-10T02:00:00,PHX,OKC,112,125,0,,,,,,,,,"{""indoor"": true}"
NBA-20250409-DEN-SAC-22,NBA,2025-04-10T02:00:00,SAC,DEN,116,124,0,,,,,,,,,"{""indoor"": true}"
NBA-20250409-HOU-LAC-22,NBA,2025-04-10T02:30:00,LAC,HOU,134,117,0,,,,,,,,,"{""indoor"": true}"
NBA-20250410-NY-DET-19,NBA,2025-04-10T23:00:00,DET,NY,115,106,0,,,,,,,,,"{""indoor"": true}"
NBA-20250410-CLE-IND-19,NBA,2025-04-10T23:00:00,IND,CLE,114,112,0,,,,,,,,,"{""indoor"": true}"
NBA-20250410-ATL-BKN-19,NBA,2025-04-10T23:30:00,BKN,ATL,109,133,0,,,,,,,,,"{""indoor"": true}"
NBA-20250410-NO-MIL-20,NBA,2025-04-11T00:00:00,MIL,NO,136,111,0,,,,,,,,,"{""indoor"": true}"
NBA-20250410-MIN-MEM-21,NBA,2025-04-11T01:30:00,MEM,MIN,125,141,0,,,,,,,,,"{""indoor"": true}"
NBA-20250411-MIL-DET-19,NBA,2025-04-11T23:00:00,DET,MIL,119,125,0,,,,,,,,,"{""indoor"": true}"
NBA-20250411-ORL-IND-19,NBA,2025-04-11T23:00:00,IND,ORL,115,129,0,,,,,,,,,"{""indoor"": true}"
NBA-20250411-ATL-PHI-19,NBA,2025-04-11T23:00:00,PHI,ATL,110,124,0,,,,,,,,,"{""indoor"": true}"
NBA-20250411-CHA-BOS-19,NBA,2025-04-11T23:30:00,BOS,CHA,130,94,0,,,,,,,,,"{""indoor"": true}"
NBA-20250411-CLE-NY-19,NBA,2025-04-11T23:30:00,NY,CLE,102,108,0,,,,,,,,,"{""indoor"": true}"
NBA-20250411-WSH-CHI-20,NBA,2025-04-12T00:00:00,CHI,WSH,119,89,0,,,,,,,,,"{""indoor"": true}"
NBA-20250411-MIA-NO-20,NBA,2025-04-12T00:00:00,NO,MIA,104,153,0,,,,,,,,,"{""indoor"": true}"
NBA-20250411-TOR-DAL-20,NBA,2025-04-12T00:30:00,DAL,TOR,124,102,0,,,,,,,,,"{""indoor"": true}"
NBA-20250411-BKN-MIN-21,NBA,2025-04-12T01:00:00,MIN,BKN,117,91,0,,,,,,,,,"{""indoor"": true}"
NBA-20250411-MEM-DEN-21,NBA,2025-04-12T01:00:00,DEN,MEM,117,109,0,,,,,,,,,"{""indoor"": true}"
NBA-20250411-OKC-UTAH-21,NBA,2025-04-12T01:30:00,UTAH,OKC,111,145,0,,,,,,,,,"{""indoor"": true}"
NBA-20250411-SA-PHX-22,NBA,2025-04-12T02:00:00,PHX,SA,117,98,0,,,,,,,,,"{""indoor"": true}"
NBA-20250411-GS-POR-22,NBA,2025-04-12T02:00:00,POR,GS,86,103,0,,,,,,,,,"{""indoor"": true}"
NBA-20250411-LAC-SAC-22,NBA,2025-04-12T02:00:00,SAC,LAC,100,101,0,,,,,,,,,"{""indoor"": true}"
NBA-20250411-HOU-LAL-22,NBA,2025-04-12T02:30:00,LAL,HOU,140,109,0,,,,,,,,,"{""indoor"": true}"
NBA-20250413-ORL-ATL-13,NBA,2025-04-13T17:00:00,ATL,ORL,117,105,0,,,,,,,,,"{""indoor"": true}"
NBA-20250413-CHA-BOS-13,NBA,2025-04-13T17:00:00,BOS,CHA,93,86,0,,,,,,,,,"{""indoor"": true}"
NBA-20250413-NY-BKN-13,NBA,2025-04-13T17:00:00,BKN,NY,105,113,0,,,,,,,,,"{""indoor"": true}"
NBA-20250413-IND-CLE-13,NBA,2025-04-13T17:00:00,CLE,IND,118,126,0,,,,,,,,,"{""indoor"": true}"
NBA-20250413-WSH-MIA-13,NBA,2025-04-13T17:00:00,MIA,WSH,118,119,0,,,,,,,,,"{""indoor"": true}"
NBA-20250413-CHI-PHI-13,NBA,2025-04-13T17:00:00,PHI,CHI,102,122,0,,,,,,,,,"{""indoor"": true}"
NBA-20250413-DET-MIL-13,NBA,2025-04-13T17:00:00,MIL,DET,140,133,0,,,,,,,,,"{""indoor"": true}"
NBA-20250413-DEN-HOU-15,NBA,2025-04-13T19:30:00,HOU,DEN,111,126,0,,,,,,,,,"{""indoor"": true}"
NBA-20250413-DAL-MEM-15,NBA,2025-04-13T19:30:00,MEM,DAL,132,97,0,,,,,,,,,"{""indoor"": true}"
NBA-20250413-UTAH-MIN-15,NBA,2025-04-13T19:30:00,MIN,UTAH,116,105,0,,,,,,,,,"{""indoor"": true}"
NBA-20250413-OKC-NO-15,NBA,2025-04-13T19:30:00,NO,OKC,100,115,0,,,,,,,,,"{""indoor"": true}"
NBA-20250413-TOR-SA-15,NBA,2025-04-13T19:30:00,SA,TOR,125,118,0,,,,,,,,,"{""indoor"": true}"
NBA-20250413-LAC-GS-15,NBA,2025-04-13T19:30:00,GS,LAC,119,124,0,,,,,,,,,"{""indoor"": true}"
NBA-20250413-LAL-POR-15,NBA,2025-04-13T19:30:00,POR,LAL,109,81,0,,,,,,,,,"{""indoor"": true}"
NBA-20250413-PHX-SAC-15,NBA,2025-04-13T19:30:00,SAC,PHX,109,98,0,,,,,,,,,"{""indoor"": true}"
NBA-20250415-ATL-ORL-19,NBA,2025-04-15T23:30:00,ORL,ATL,120,95,0,,,,,,,,,"{""indoor"": true}"
NBA-20250415-MEM-GS-22,NBA,2025-04-16T02:00:00,GS,MEM,121,116,0,,,,,,,,,"{""indoor"": true}"
NBA-20250416-MIA-CHI-19,NBA,2025-04-16T23:30:00,CHI,MIA,90,109,0,,,,,,,,,"{""indoor"": true}"
NBA-20250416-DAL-SAC-22,NBA,2025-04-17T02:00:00,SAC,DAL,106,120,0,,,,,,,,,"{""indoor"": true}"
NBA-20250418-MIA-ATL-19,NBA,2025-04-18T23:00:00,ATL,MIA,114,123,0,,,,,,,,,"{""indoor"": true}"
NBA-20250418-DAL-MEM-21,NBA,2025-04-19T01:30:00,MEM,DAL,120,106,0,,,,,,,,,"{""indoor"": true}"
NBA-20250419-MIL-IND-13,NBA,2025-04-19T17:00:00,IND,MIL,117,98,0,,,,,,,,,"{""indoor"": true}"
NBA-20250419-LAC-DEN-15,NBA,2025-04-19T19:30:00,DEN,LAC,112,110,0,,,,,,,,,"{""indoor"": true}"
NBA-20250419-DET-NY-18,NBA,2025-04-19T22:00:00,NY,DET,123,112,0,,,,,,,,,"{""indoor"": true}"
NBA-20250419-MIN-LAL-20,NBA,2025-04-20T00:30:00,LAL,MIN,95,117,0,,,,,,,,,"{""indoor"": true}"
NBA-20250420-MEM-OKC-13,NBA,2025-04-20T17:00:00,OKC,MEM,131,80,0,,,,,,,,,"{""indoor"": true}"
NBA-20250420-ORL-BOS-15,NBA,2025-04-20T19:30:00,BOS,ORL,103,86,0,,,,,,,,,"{""indoor"": true}"
NBA-20250420-MIA-CLE-19,NBA,2025-04-20T23:00:00,CLE,MIA,121,100,0,,,,,,,,,"{""indoor"": true}"
NBA-20250420-GS-HOU-21,NBA,2025-04-21T01:30:00,HOU,GS,85,95,0,,,,,,,,,"{""indoor"": true}"
NBA-20250421-DET-NY-19,NBA,2025-04-21T23:30:00,NY,DET,94,100,0,,,,,,,,,"{""indoor"": true}"
NBA-20250421-LAC-DEN-22,NBA,2025-04-22T02:00:00,DEN,LAC,102,105,0,,,,,,,,,"{""indoor"": true}"
NBA-20250422-MIL-IND-19,NBA,2025-04-22T23:00:00,IND,MIL,123,115,0,,,,,,,,,"{""indoor"": true}"
NBA-20250422-MEM-OKC-19,NBA,2025-04-22T23:30:00,OKC,MEM,118,99,0,,,,,,,,,"{""indoor"": true}"
NBA-20250422-MIN-LAL-22,NBA,2025-04-23T02:00:00,LAL,MIN,94,85,0,,,,,,,,,"{""indoor"": true}"
NBA-20250423-ORL-BOS-19,NBA,2025-04-23T23:00:00,BOS,ORL,109,100,0,,,,,,,,,"{""indoor"": true}"
NBA-20250423-MIA-CLE-19,NBA,2025-04-23T23:30:00,CLE,MIA,121,112,0,,,,,,,,,"{""indoor"": true}"
NBA-20250423-GS-HOU-21,NBA,2025-04-24T01:30:00,HOU,GS,109,94,0,,,,,,,,,"{""indoor"": true}"
NBA-20250424-NY-DET-19,NBA,2025-04-24T23:00:00,DET,NY,116,118,0,,,,,,,,,"{""indoor"": true}"
NBA-20250424-OKC-MEM-21,NBA,2025-04-25T01:30:00,MEM,OKC,108,114,0,,,,,,,,,"{""indoor"": true}"
NBA-20250424-DEN-LAC-22,NBA,2025-04-25T02:00:00,LAC,DEN,117,83,0,,,,,,,,,"{""indoor"": true}"
NBA-20250425-BOS-ORL-19,NBA,2025-04-25T23:00:00,ORL,BOS,95,93,0,,,,,,,,,"{""indoor"": true}"
NBA-20250425-IND-MIL-20,NBA,2025-04-26T00:00:00,MIL,IND,117,101,0,,,,,,,,,"{""indoor"": true}"
NBA-20250425-LAL-MIN-21,NBA,2025-04-26T01:53:00,MIN,LAL,116,104,0,,,,,,,,,"{""indoor"": true}"
NBA-20250426-CLE-MIA-13,NBA,2025-04-26T17:00:00,MIA,CLE,87,124,0,,,,,,,,,"{""indoor"": true}"
NBA-20250426-OKC-MEM-15,NBA,2025-04-26T19:30:00,MEM,OKC,115,117,0,,,,,,,,,"{""indoor"": true}"
NBA-20250426-DEN-LAC-18,NBA,2025-04-26T22:00:00,LAC,DEN,99,101,0,,,,,,,,,"{""indoor"": true}"
NBA-20250426-HOU-GS-20,NBA,2025-04-27T00:30:00,GS,HOU,104,93,0,,,,,,,,,"{""indoor"": true}"
NBA-20250427-NY-DET-13,NBA,2025-04-27T17:00:00,DET,NY,93,94,0,,,,,,,,,"{""indoor"": true}"
NBA-20250427-LAL-MIN-15,NBA,2025-04-27T19:50:00,MIN,LAL,116,113,0,,,,,,,,,"{""indoor"": true}"
NBA-20250427-BOS-ORL-19,NBA,2025-04-27T23:00:00,ORL,BOS,98,107,0,,,,,,,,,"{""indoor"": true}"
NBA-20250427-IND-MIL-21,NBA,2025-04-28T01:30:00,MIL,IND,103,129,0,,,,,,,,,"{""indoor"": true}"
NBA-20250428-CLE-MIA-19,NBA,2025-04-28T23:30:00,MIA,CLE,83,138,0,,,,,,,,,"{""indoor"": true}"
NBA-20250428-HOU-GS-22,NBA,2025-04-29T02:00:00,GS,HOU,109,106,0,,,,,,,,,"{""indoor"": true}"
NBA-20250429-MIL-IND-18,NBA,2025-04-29T22:00:00,IND,MIL,119,118,0,,,,,,,,,"{""indoor"": true}"
NBA-20250429-DET-NY-19,NBA,2025-04-29T23:30:00,NY,DET,103,106,0,,,,,,,,,"{""indoor"": true}"
NBA-20250429-ORL-BOS-20,NBA,2025-04-30T00:30:00,BOS,ORL,120,89,0,,,,,,,,,"{""indoor"": true}"
NBA-20250429-LAC-DEN-22,NBA,2025-04-30T02:00:00,DEN,LAC,131,115,0,,,,,,,,,"{""indoor"": true}"
NBA-20250430-GS-HOU-19,NBA,2025-04-30T23:30:00,HOU,GS,131,116,0,,,,,,,,,"{""indoor"": true}"
NBA-20250430-MIN-LAL-22,NBA,2025-05-01T02:00:00,LAL,MIN,96,103,0,,,,,,,,,"{""indoor"": true}"
NBA-20250501-NY-DET-19,NBA,2025-05-01T23:30:00,DET,NY,113,116,0,,,,,,,,,"{""indoor"": true}"
NBA-20250501-DEN-LAC-22,NBA,2025-05-02T02:00:00,LAC,DEN,111,105,0,,,,,,,,,"{""indoor"": true}"
NBA-20250502-HOU-GS-21,NBA,2025-05-03T01:00:00,GS,HOU,107,115,0,,,,,,,,,"{""indoor"": true}"
NBA-20250503-LAC-DEN-19,NBA,2025-05-03T23:30:00,DEN,LAC,120,101,0,,,,,,,,,"{""indoor"": true}"
NBA-20250504-IND-CLE-18,NBA,2025-05-04T22:00:00,CLE,IND,112,121,0,,,,,,,,,"{""indoor"": true}"
NBA-20250504-GS-HOU-20,NBA,2025-05-05T00:30:00,HOU,GS,89,103,0,,,,,,,,,"{""indoor"": true}"
NBA-20250505-NY-BOS-19,NBA,2025-05-05T23:00:00,BOS,NY,105,108,0,,,,,,,,,"{""indoor"": true}"
NBA-20250505-DEN-OKC-21,NBA,2025-05-06T01:30:00,OKC,DEN,119,121,0,,,,,,,,,"{""indoor"": true}"
NBA-20250506-IND-CLE-19,NBA,2025-05-06T23:00:00,CLE,IND,119,120,0,,,,,,,,,"{""indoor"": true}"
NBA-20250506-GS-MIN-21,NBA,2025-05-07T01:30:00,MIN,GS,88,99,0,,,,,,,,,"{""indoor"": true}"
NBA-20250507-NY-BOS-19,NBA,2025-05-07T23:00:00,BOS,NY,90,91,0,,,,,,,,,"{""indoor"": true}"
NBA-20250507-DEN-OKC-21,NBA,2025-05-08T01:30:00,OKC,DEN,149,106,0,,,,,,,,,"{""indoor"": true}"
NBA-20250508-GS-MIN-20,NBA,2025-05-09T00:30:00,MIN,GS,117,93,0,,,,,,,,,"{""indoor"": true}"
NBA-20250509-CLE-IND-19,NBA,2025-05-09T23:30:00,IND,CLE,104,126,0,,,,,,,,,"{""indoor"": true}"
NBA-20250509-OKC-DEN-22,NBA,2025-05-10T02:25:00,DEN,OKC,113,104,0,,,,,,,,,"{""indoor"": true}"
NBA-20250510-BOS-NY-15,NBA,2025-05-10T19:30:00,NY,BOS,93,115,0,,,,,,,,,"{""indoor"": true}"
NBA-20250510-MIN-GS-20,NBA,2025-05-11T00:30:00,GS,MIN,97,102,0,,,,,,,,,"{""indoor"": true}"
NBA-20250511-OKC-DEN-15,NBA,2025-05-11T19:30:00,DEN,OKC,87,92,0,,,,,,,,,"{""indoor"": true}"
NBA-20250511-CLE-IND-20,NBA,2025-05-12T00:00:00,IND,CLE,129,109,0,,,,,,,,,"{""indoor"": true}"
NBA-20250512-BOS-NY-19,NBA,2025-05-12T23:30:00,NY,BOS,121,113,0,,,,,,,,,"{""indoor"": true}"
NBA-20250512-MIN-GS-22,NBA,2025-05-13T02:00:00,GS,MIN,110,117,0,,,,,,,,,"{""indoor"": true}"
NBA-20250513-IND-CLE-19,NBA,2025-05-13T23:00:00,CLE,IND,105,114,0,,,,,,,,,"{""indoor"": true}"
NBA-20250513-DEN-OKC-21,NBA,2025-05-14T01:30:00,OKC,DEN,112,105,0,,,,,,,,,"{""indoor"": true}"
NBA-20250514-NY-BOS-19,NBA,2025-05-14T23:00:00,BOS,NY,127,102,0,,,,,,,,,"{""indoor"": true}"
NBA-20250514-GS-MIN-21,NBA,2025-05-15T01:30:00,MIN,GS,121,110,0,,,,,,,,,"{""indoor"": true}"
NBA-20250515-OKC-DEN-20,NBA,2025-05-16T00:30:00,DEN,OKC,119,107,0,,,,,,,,,"{""indoor"": true}"
NBA-20250516-BOS-NY-20,NBA,2025-05-17T00:00:00,NY,BOS,119,81,0,,,,,,,,,"{""indoor"": true}"
NBA-20250518-DEN-OKC-15,NBA,2025-05-18T19:30:00,OKC,DEN,125,93,0,,,,,,,,,"{""indoor"": true}"
NBA-20250520-MIN-OKC-20,NBA,2025-05-21T00:30:00,OKC,MIN,114,88,0,,,,,,,,,"{""indoor"": true}"
NBA-20250521-IND-NY-20,NBA,2025-05-22T00:00:00,NY,IND,135,138,0,,,,,,,,,"{""indoor"": true}"
NBA-20250522-MIN-OKC-20,NBA,2025-05-23T00:30:00,OKC,MIN,118,103,0,,,,,,,,,"{""indoor"": true}"
NBA-20250523-IND-NY-20,NBA,2025-05-24T00:00:00,NY,IND,109,114,0,,,,,,,,,"{""indoor"": true}"
NBA-20250524-OKC-MIN-20,NBA,2025-05-25T00:30:00,MIN,OKC,143,101,0,,,,,,,,,"{""indoor"": true}"
NBA-20250525-NY-IND-20,NBA,2025-05-26T00:00:00,IND,NY,100,106,0,,,,,,,,,"{""indoor"": true}"
NBA-20250526-OKC-MIN-20,NBA,2025-05-27T00:30:00,MIN,OKC,126,128,0,,,,,,,,,"{""indoor"": true}"
NBA-20250527-NY-IND-20,NBA,2025-05-28T00:00:00,IND,NY,130,121,0,,,,,,,,,"{""indoor"": true}"
NBA-20250528-MIN-OKC-20,NBA,2025-05-29T00:30:00,OKC,MIN,124,94,0,,,,,,,,,"{""indoor"": true}"
NBA-20250529-IND-NY-20,NBA,2025-05-30T00:00:00,NY,IND,111,94,0,,,,,,,,,"{""indoor"": true}"
NBA-20250531-NY-IND-20,NBA,2025-06-01T00:00:00,IND,NY,125,108,0,,,,,,,,,"{""indoor"": true}"
NBA-20250605-IND-OKC-20,NBA,2025-06-06T00:30:00,OKC,IND,110,111,0,,,,,,,,,"{""indoor"": true}"
NBA-20250608-IND-OKC-20,NBA,2025-06-09T00:00:00,OKC,IND,123,107,0,,,,,,,,,"{""indoor"": true}"
NBA-20250611-OKC-IND-20,NBA,2025-06-12T00:30:00,IND,OKC,116,107,0,,,,,,,,,"{""indoor"": true}"
NBA-20250613-OKC-IND-20,NBA,2025-06-14T00:30:00,IND,OKC,104,111,0,,,,,,,,,"{""indoor"": true}"
NBA-20250616-IND-OKC-20,NBA,2025-06-17T00:30:00,OKC,IND,120,109,0,,,,,,,,,"{""indoor"": true}"
NBA-20250619-OKC-IND-20,NBA,2025-06-20T00:30:00,IND,OKC,108,91,0,,,,,,,,,"{""indoor"": true}"
NBA-20250622-IND-OKC-20,NBA,2025-06-23T00:00:00,OKC,IND,103,91,0,,,,,,,,,"{""indoor"": true}"
NBA-20251021-HOU-OKC-19,NBA,2025-10-21T23:30:00,OKC,HOU,125,124,0,,,,,,,,,"{""indoor"": true}"
NBA-20251021-GS-LAL-22,NBA,2025-10-22T02:00:00,LAL,GS,109,119,0,,,,,,,,,"{""indoor"": true}"
NBA-20251022-CLE-NY-19,NBA,2025-10-22T23:00:00,NY,CLE,119,111,0,,,,,,,,,"{""indoor"": true}"
NBA-20251022-BKN-CHA-19,NBA,2025-10-22T23:00:00,CHA,BKN,136,117,0,,,,,,,,,"{""indoor"": true}"
NBA-20251022-MIA-ORL-19,NBA,2025-10-22T23:00:00,ORL,MIA,125,121,0,,,,,,,,,"{""indoor"": true}"
NBA-20251022-TOR-ATL-19,NBA,2025-10-22T23:30:00,ATL,TOR,118,138,0,,,,,,,,,"{""indoor"": true}"
NBA-20251022-PHI-BOS-19,NBA,2025-10-22T23:30:00,BOS,PHI,116,117,0,,,,,,,,,"{""indoor"": true}"
NBA-20251022-DET-CHI-20,NBA,2025-10-23T00:00:00,CHI,DET,115,111,0,,,,,,,,,"{""indoor"": true}"
NBA-20251022-NO-MEM-20,NBA,2025-10-23T00:00:00,MEM,NO,128,122,0,,,,,,,,,"{""indoor"": true}"
NBA-20251022-WSH-MIL-20,NBA,2025-10-23T00:00:00,MIL,WSH,133,120,0,,,,,,,,,"{""indoor"": true}"
NBA-20251022-LAC-UTAH-21,NBA,2025-10-23T01:00:00,UTAH,LAC,129,108,0,,,,,,,,,"{""indoor"": true}"
NBA-20251022-SA-DAL-21,NBA,2025-10-23T01:47:00,DAL,SA,92,125,0,,,,,,,,,"{""indoor"": true}"
NBA-20251022-SAC-PHX-22,NBA,2025-10-23T02:00:00,PHX,SAC,120,116,0,,,,,,,,,"{""indoor"": true}"
NBA-20251022-MIN-POR-22,NBA,2025-10-23T02:00:00,POR,MIN,114,118,0,,,,,,,,,"{""indoor"": true}"
NBA-20251023-OKC-IND-19,NBA,2025-10-23T23:30:00,IND,OKC,135,141,0,,,,,,,,,"{""indoor"": true}"
NBA-20251023-DEN-GS-22,NBA,2025-10-24T02:17:00,GS,DEN,137,131,0,,,,,,,,,"{""indoor"": true}"
NBA-20251024-MIL-TOR-18,NBA,2025-10-24T22:30:00,TOR,MIL,116,122,0,,,,,,,,,"{""indoor"": true}"
NBA-20251024-ATL-ORL-19,NBA,2025-10-24T23:00:00,ORL,ATL,107,111,0,,,,,,,,,"{""indoor"": true}"
NBA-20251024-CLE-BKN-19,NBA,2025-10-24T23:30:00,BKN,CLE,124,131,0,,,,,,,,,"{""indoor"": true}"
NBA-20251024-BOS-NY-19,NBA,2025-10-24T23:30:00,NY,BOS,105,95,0,,,,,,,,,"{""indoor"": true}"
NBA-20251024-DET-HOU-20,NBA,2025-10-25T00:00:00,HOU,DET,111,115,0,,,,,,,,,"{""indoor"": true}"
NBA-20251024-MIA-MEM-20,NBA,2025-10-25T00:00:00,MEM,MIA,114,146,0,,,,,,,,,"{""indoor"": true}"
NBA-20251024-SA-NO-20,NBA,2025-10-25T00:00:00,NO,SA,116,120,0,,,,,,,,,"{""indoor"": true}"
NBA-20251024-WSH-DAL-20,NBA,2025-10-25T00:30:00,DAL,WSH,107,117,0,,,,,,,,,"{""indoor"": true}"
NBA-20251024-MIN-LAL-22,NBA,2025-10-25T02:00:00,LAL,MIN,128,110,0,,,,,,,,,"{""indoor"": true}"
NBA-20251024-GS-POR-22,NBA,2025-10-25T02:00:00,POR,GS,139,119,0,,,,,,,,,"{""indoor"": true}"
NBA-20251024-UTAH-SAC-22,NBA,2025-10-25T02:00:00,SAC,UTAH,105,104,0,,,,,,,,,"{""indoor"": true}"
NBA-20251024-PHX-LAC-22,NBA,2025-10-25T02:30:00,LAC,PHX,129,102,0,,,,,,,,,"{""indoor"": true}"
NBA-20251025-CHI-ORL-19,NBA,2025-10-25T23:00:00,ORL,CHI,98,110,0,,,,,,,,,"{""indoor"": true}"
NBA-20251025-OKC-ATL-19,NBA,2025-10-25T23:30:00,ATL,OKC,100,117,0,,,,,,,,,"{""indoor"": true}"
NBA-20251025-CHA-PHI-19,NBA,2025-10-25T23:30:00,PHI,CHA,125,121,0,,,,,,,,,"{""indoor"": true}"
NBA-20251025-IND-MEM-20,NBA,2025-10-26T00:00:00,MEM,IND,128,103,0,,,,,,,,,"{""indoor"": true}"
NBA-20251025-PHX-DEN-21,NBA,2025-10-26T01:00:00,DEN,PHX,133,111,0,,,,,,,,,"{""indoor"": true}"
NBA-20251026-BKN-SA-14,NBA,2025-10-26T18:00:00,SA,BKN,118,107,0,,,,,,,,,"{""indoor"": true}"
NBA-20251026-BOS-DET-15,NBA,2025-10-26T19:30:00,DET,BOS,119,113,0,,,,,,,,,"{""indoor"": true}"
NBA-20251026-MIL-CLE-18,NBA,2025-10-26T22:00:00,CLE,MIL,118,113,0,,,,,,,,,"{""indoor"": true}"
NBA-20251026-NY-MIA-18,NBA,2025-10-26T22:00:00,MIA,NY,115,107,0,,,,,,,,,"{""indoor"": true}"
NBA-20251026-CHA-WSH-18,NBA,2025-10-26T22:00:00,WSH,CHA,113,139,0,,,,,,,,,"{""indoor"": true}"
NBA-20251026-IND-MIN-19,NBA,2025-10-26T23:00:00,MIN,IND,114,110,0,,,,,,,,,"{""indoor"": true}"
NBA-20251026-TOR-DAL-19,NBA,2025-10-26T23:30:00,DAL,TOR,139,129,0,,,,,,,,,"{""indoor"": true}"
NBA-20251026-POR-LAC-21,NBA,2025-10-27T01:00:00,LAC,POR,114,107,0,,,,,,,,,"{""indoor"": true}"
NBA-20251026-LAL-SAC-21,NBA,2025-10-27T01:00:00,SAC,LAL,120,127,0,,,,,,,,,"{""indoor"": true}"
NBA-20251027-CLE-DET-19,NBA,2025-10-27T23:00:00,DET,CLE,95,116,0,,,,,,,,,"{""indoor"": true}"
NBA-20251027-ORL-PHI-19,NBA,2025-10-27T23:00:00,PHI,ORL,136,124,0,,,,,,,,,"{""indoor"": true}"
NBA-20251027-ATL-CHI-20,NBA,2025-10-28T00:00:00,CHI,ATL,128,123,0,,,,,,,,,"{""indoor"": true}"
NBA-20251027-BKN-HOU-20,NBA,2025-10-28T00:00:00,HOU,BKN,137,109,0,,,,,,,,,"{""indoor"": true}"
NBA-20251027-BOS-NO-20,NBA,2025-10-28T00:00:00,NO,BOS,90,122,0,,,,,,,,,"{""indoor"": true}"
NBA-20251027-TOR-SA-20,NBA,2025-10-28T00:00:00,SA,TOR,121,103,0,,,,,,,,,"{""indoor"": true}"
NBA-20251027-OKC-DAL-20,NBA,2025-10-28T00:30:00,DAL,OKC,94,101,0,,,,,,,,,"{""indoor"": true}"
NBA-20251027-PHX-UTAH-21,NBA,2025-10-28T01:00:00,UTAH,PHX,138,134,0,,,,,,,,,"{""indoor"": true}"
NBA-20251027-DEN-MIN-21,NBA,2025-10-28T01:30:00,MIN,DEN,114,127,0,,,,,,,,,"{""indoor"": true}"
NBA-20251027-MEM-GS-22,NBA,2025-10-28T02:00:00,GS,MEM,131,118,0,,,,,,,,,"{""indoor"": true}"
NBA-20251027-POR-LAL-22,NBA,2025-10-28T02:30:00,LAL,POR,108,122,0,,,,,,,,,"{""indoor"": true}"
NBA-20251028-PHI-WSH-19,NBA,2025-10-28T23:00:00,WSH,PHI,134,139,0,,,,,,,,,"{""indoor"": true}"
NBA-20251028-CHA-MIA-19,NBA,2025-10-28T23:30:00,MIA,CHA,144,117,0,,,,,,,,,"{""indoor"": true}"
NBA-20251028-NY-MIL-20,NBA,2025-10-29T00:00:00,MIL,NY,121,111,0,,,,,,,,,"{""indoor"": true}"
NBA-20251028-SAC-OKC-20,NBA,2025-10-29T00:00:00,OKC,SAC,107,101,0,,,,,,,,,"{""indoor"": true}"
NBA-20251028-LAC-GS-23,NBA,2025-10-29T03:00:00,GS,LAC,98,79,0,,,,,,,,,"{""indoor"": true}"
NBA-20251029-HOU-TOR-18,NBA,2025-10-29T22:30:00,TOR,HOU,121,139,0,,,,,,,,,"{""indoor"": true}"
NBA-20251029-CLE-BOS-19,NBA,2025-10-29T23:00:00,BOS,CLE,125,105,0,,,,,,,,,"{""indoor"": true}"
NBA-20251029-ORL-DET-19,NBA,2025-10-29T23:00:00,DET,ORL,135,116,0,,,,,,,,,"{""indoor"": true}"
NBA-20251029-ATL-BKN-19,NBA,2025-10-29T23:30:00,BKN,ATL,112,117,0,,,,,,,,,"{""indoor"": true}"
NBA-20251029-SAC-CHI-20,NBA,2025-10-30T00:00:00,CHI,SAC,126,113,0,,,,,,,,,"{""indoor"": true}"
NBA-20251029-IND-DAL-20,NBA,2025-10-30T00:30:00,DAL,IND,107,105,0,,,,,,,,,"{""indoor"": true}"
NBA-20251029-NO-DEN-21,NBA,2025-10-30T01:00:00,DEN,NO,122,88,0,,,,,,,,,"{""indoor"": true}"
NBA-20251029-POR-UTAH-21,NBA,2025-10-30T01:00:00,UTAH,POR,134,136,0,,,,,,,,,"{""indoor"": true}"
NBA-20251029-LAL-MIN-21,NBA,2025-10-30T01:30:00,MIN,LAL,115,116,0,,,,,,,,,"{""indoor"": true}"
NBA-20251029-MEM-PHX-22,NBA,2025-10-30T02:00:00,PHX,MEM,113,114,0,,,,,,,,,"{""indoor"": true}"
NBA-20251030-ORL-CHA-19,NBA,2025-10-30T23:00:00,CHA,ORL,107,123,0,,,,,,,,,"{""indoor"": true}"
NBA-20251030-GS-MIL-20,NBA,2025-10-31T00:00:00,MIL,GS,120,110,0,,,,,,,,,"{""indoor"": true}"
NBA-20251030-WSH-OKC-20,NBA,2025-10-31T00:00:00,OKC,WSH,127,108,0,,,,,,,,,"{""indoor"": true}"
NBA-20251030-MIA-SA-20,NBA,2025-10-31T00:30:00,SA,MIA,107,101,0,,,,,,,,,"{""indoor"": true}"
NBA-20251031-ATL-IND-19,NBA,2025-10-31T23:00:00,IND,ATL,108,128,0,,,,,,,,,"{""indoor"": true}"
NBA-20251031-BOS-PHI-19,NBA,2025-10-31T23:00:00,PHI,BOS,108,109,0,,,,,,,,,"{""indoor"": true}"
NBA-20251031-TOR-CLE-19,NBA,2025-10-31T23:30:00,CLE,TOR,101,112,0,,,,,,,,,"{""indoor"": true}"
NBA-20251031-NY-CHI-20,NBA,2025-11-01T00:00:00,CHI,NY,135,125,0,,,,,,,,,"{""indoor"": true}"
NBA-20251031-LAL-MEM-21,NBA,2025-11-01T01:30:00,MEM,LAL,112,117,0,,,,,,,,,"{""indoor"": true}"
NBA-20251031-UTAH-PHX-22,NBA,2025-11-01T02:00:00,PHX,UTAH,118,96,0,,,,,,,,,"{""indoor"": true}"
NBA-20251031-DEN-POR-22,NBA,2025-11-01T02:00:00,POR,DEN,109,107,0,,,,,,,,,"{""indoor"": true}"
NBA-20251031-NO-LAC-22,NBA,2025-11-01T02:30:00,LAC,NO,126,124,0,,,,,,,,,"{""indoor"": true}"
NBA-20251101-SAC-MIL-17,NBA,2025-11-01T21:00:00,MIL,SAC,133,135,0,,,,,,,,,"{""indoor"": true}"
NBA-20251101-MIN-CHA-18,NBA,2025-11-01T22:00:00,CHA,MIN,105,122,0,,,,,,,,,"{""indoor"": true}"
NBA-20251101-GS-IND-19,NBA,2025-11-01T23:00:00,IND,GS,114,109,0,,,,,,,,,"{""indoor"": true}"
NBA-20251101-ORL-WSH-19,NBA,2025-11-01T23:00:00,WSH,ORL,94,125,0,,,,,,,,,"{""indoor"": true}"
NBA-20251101-HOU-BOS-20,NBA,2025-11-02T00:00:00,BOS,HOU,101,128,0,,,,,,,,,"{""indoor"": true}"
NBA-20251101-DAL-DET-22,NBA,2025-11-02T02:00:00,DET,DAL,122,110,1,,,,,,,,,"{""indoor"": true}"
NBA-20251102-NO-OKC-15,NBA,2025-11-02T20:30:00,OKC,NO,137,106,0,,,,,,,,,"{""indoor"": true}"
NBA-20251102-PHI-BKN-18,NBA,2025-11-02T23:00:00,BKN,PHI,105,129,0,,,,,,,,,"{""indoor"": true}"
NBA-20251102-UTAH-CHA-18,NBA,2025-11-02T23:00:00,CHA,UTAH,126,103,0,,,,,,,,,"{""indoor"": true}"
NBA-20251102-ATL-CLE-18,NBA,2025-11-02T23:00:00,CLE,ATL,117,109,0,,,,,,,,,"{""indoor"": true}"
NBA-20251102-MEM-TOR-18,NBA,2025-11-02T23:00:00,TOR,MEM,117,104,0,,,,,,,,,"{""indoor"": true}"
NBA-20251102-CHI-NY-19,NBA,2025-11-03T00:00:00,NY,CHI,128,116,0,,,,,,,,,"{""indoor"": true}"
NBA-20251102-SA-PHX-20,NBA,2025-11-03T01:00:00,PHX,SA,130,118,0,,,,,,,,,"{""indoor"": true}"
NBA-20251102-MIA-LAL-21,NBA,2025-11-03T02:30:00,LAL,MIA,130,120,0,,,,,,,,,"{""indoor"": true}"
NBA-20251103-MIN-BKN-19,NBA,2025-11-04T00:00:00,BKN,MIN,109,125,0,,,,,,,,,"{""indoor"": true}"
NBA-20251103-MIL-IND-19,NBA,2025-11-04T00:00:00,IND,MIL,115,117,0,,,,,,,,,"{""indoor"": true}"
NBA-20251103-UTAH-BOS-19,NBA,2025-11-04T00:30:00,BOS,UTAH,103,105,0,,,,,,,,,"{""indoor"": true}"
NBA-20251103-WSH-NY-19,NBA,2025-11-04T00:30:00,NY,WSH,119,102,0,,,,,,,,,"{""indoor"": true}"
NBA-20251103-DAL-HOU-20,NBA,2025-11-04T01:00:00,HOU,DAL,110,102,0,,,,,,,,,"{""indoor"": true}"
NBA-20251103-DET-MEM-20,NBA,2025-11-04T01:00:00,MEM,DET,106,114,0,,,,,,,,,"{""indoor"": true}"
NBA-20251103-SAC-DEN-21,NBA,2025-11-04T02:00:00,DEN,SAC,130,124,0,,,,,,,,,"{""indoor"": true}"
NBA-20251103-LAL-POR-22,NBA,2025-11-04T03:00:00,POR,LAL,115,123,0,,,,,,,,,"{""indoor"": true}"
NBA-20251103-MIA-LAC-22,NBA,2025-11-04T03:30:00,LAC,MIA,119,120,0,,,,,,,,,"{""indoor"": true}"
NBA-20251104-MIL-TOR-19,NBA,2025-11-05T00:30:00,TOR,MIL,128,100,0,,,,,,,,,"{""indoor"": true}"
NBA-20251104-ORL-ATL-20,NBA,2025-11-05T01:00:00,ATL,ORL,127,112,0,,,,,,,,,"{""indoor"": true}"
NBA-20251104-PHI-CHI-20,NBA,2025-11-05T01:00:00,CHI,PHI,113,111,0,,,,,,,,,"{""indoor"": true}"
NBA-20251104-CHA-NO-20,NBA,2025-11-05T01:00:00,NO,CHA,116,112,0,,,,,,,,,"{""indoor"": true}"
NBA-20251104-PHX-GS-22,NBA,2025-11-05T03:00:00,GS,PHX,118,107,0,,,,,,,,,"{""indoor"": true}"
NBA-20251104-OKC-LAC-23,NBA,2025-11-05T04:00:00,LAC,OKC,107,126,0,,,,,,,,,"{""indoor"": true}"
NBA-20251105-PHI-CLE-19,NBA,2025-11-06T00:00:00,CLE,PHI,132,121,0,,,,,,,,,"{""indoor"": true}"
NBA-20251105-UTAH-DET-19,NBA,2025-11-06T00:00:00,DET,UTAH,114,103,0,,,,,,,,,"{""indoor"": true}"
NBA-20251105-BKN-IND-19,NBA,2025-11-06T00:00:00,IND,BKN,103,112,0,,,,,,,,,"{""indoor"": true}"
NBA-20251105-WSH-BOS-19,NBA,2025-11-06T00:30:00,BOS,WSH,136,107,0,,,,,,,,,"{""indoor"": true}"
NBA-20251105-MIN-NY-19,NBA,2025-11-06T00:30:00,NY,MIN,137,114,0,,,,,,,,,"{""indoor"": true}"
NBA-20251105-HOU-MEM-20,NBA,2025-11-06T01:00:00,MEM,HOU,109,124,0,,,,,,,,,"{""indoor"": true}"
NBA-20251105-NO-DAL-20,NBA,2025-11-06T01:30:00,DAL,NO,99,101,0,,,,,,,,,"{""indoor"": true}"
NBA-20251105-MIA-DEN-21,NBA,2025-11-06T02:00:00,DEN,MIA,122,112,0,,,,,,,,,"{""indoor"": true}"
NBA-20251105-SA-LAL-22,NBA,2025-11-06T03:00:00,LAL,SA,118,116,0,,,,,,,,,"{""indoor"": true}"
NBA-20251105-OKC-POR-22,NBA,2025-11-06T03:00:00,POR,OKC,121,119,0,,,,,,,,,"{""indoor"": true}"
NBA-20251105-GS-SAC-22,NBA,2025-11-06T03:00:00,SAC,GS,121,116,0,,,,,,,,,"{""indoor"": true}"
NBA-20251106-LAC-PHX-21,NBA,2025-11-07T02:00:00,PHX,LAC,115,102,0,,,,,,,,,"{""indoor"": true}"
NBA-20251107-BOS-ORL-19,NBA,2025-11-08T00:00:00,ORL,BOS,123,110,0,,,,,,,,,"{""indoor"": true}"
NBA-20251107-CLE-WSH-19,NBA,2025-11-08T00:00:00,WSH,CLE,115,148,0,,,,,,,,,"{""indoor"": true}"
NBA-20251107-TOR-ATL-19,NBA,2025-11-08T00:30:00,ATL,TOR,97,109,0,,,,,,,,,"{""indoor"": true}"
NBA-20251107-DET-BKN-19,NBA,2025-11-08T00:30:00,BKN,DET,107,125,0,,,,,,,,,"{""indoor"": true}"
NBA-20251107-HOU-SA-19,NBA,2025-11-08T00:30:00,SA,HOU,121,110,0,,,,,,,,,"{""indoor"": true}"
NBA-20251107-CHA-MIA-20,NBA,2025-11-08T01:00:00,MIA,CHA,126,108,0,,,,,,,,,"{""indoor"": true}"
NBA-20251107-DAL-MEM-20,NBA,2025-11-08T01:00:00,MEM,DAL,118,104,0,,,,,,,,,"{""indoor"": true}"
NBA-20251107-CHI-MIL-20,NBA,2025-11-08T01:00:00,MIL,CHI,126,110,0,,,,,,,,,"{""indoor"": true}"
NBA-20251107-UTAH-MIN-20,NBA,2025-11-08T01:00:00,MIN,UTAH,137,97,0,,,,,,,,,"{""indoor"": true}"
NBA-20251107-GS-DEN-22,NBA,2025-11-08T03:00:00,DEN,GS,129,104,0,,,,,,,,,"{""indoor"": true}"
NBA-20251107-OKC-SAC-22,NBA,2025-11-08T03:00:00,SAC,OKC,101,132,0,,,,,,,,,"{""indoor"": true}"
NBA-20251108-DAL-WSH-19,NBA,2025-11-09T00:00:00,WSH,DAL,105,111,0,,,,,,,,,"{""indoor"": true}"
NBA-20251108-TOR-PHI-19,NBA,2025-11-09T00:30:00,PHI,TOR,130,120,0,,,,,,,,,"{""indoor"": true}"
NBA-20251108-LAL-ATL-20,NBA,2025-11-09T01:00:00,ATL,LAL,122,102,0,,,,,,,,,"{""indoor"": true}"
NBA-20251108-CHI-CLE-20,NBA,2025-11-09T01:00:00,CLE,CHI,128,122,0,,,,,,,,,"{""indoor"": true}"
NBA-20251108-POR-MIA-20,NBA,2025-11-09T01:00:00,MIA,POR,136,131,0,,,,,,,,,"{""indoor"": true}"
NBA-20251108-NO-SA-20,NBA,2025-11-09T01:00:00,SA,NO,126,119,0,,,,,,,,,"{""indoor"": true}"
NBA-20251108-IND-DEN-21,NBA,2025-11-09T02:00:00,DEN,IND,117,100,0,,,,,,,,,"{""indoor"": true}"
NBA-20251108-PHX-LAC-22,NBA,2025-11-09T03:30:00,LAC,PHX,103,114,0,,,,,,,,,"{""indoor"": true}"
NBA-20251109-HOU-MIL-15,NBA,2025-11-09T20:30:00,MIL,HOU,115,122,0,,,,,,,,,"{""indoor"": true}"
NBA-20251109-BKN-NY-18,NBA,2025-11-09T23:00:00,NY,BKN,134,98,0,,,,,,,,,"{""indoor"": true}"
NBA-20251109-BOS-ORL-18,NBA,2025-11-09T23:00:00,ORL,BOS,107,111,0,,,,,,,,,"{""indoor"": true}"
NBA-20251109-OKC-MEM-18,NBA,2025-11-09T23:00:00,MEM,OKC,100,114,0,,,,,,,,,"{""indoor"": true}"
NBA-20251109-DET-PHI-19,NBA,2025-11-10T00:30:00,PHI,DET,108,111,0,,,,,,,,,"{""indoor"": true}"
NBA-20251109-IND-GS-20,NBA,2025-11-10T01:30:00,GS,IND,114,83,0,,,,,,,,,"{""indoor"": true}"
NBA-20251109-MIN-SAC-21,NBA,2025-11-10T02:00:00,SAC,MIN,117,144,0,,,,,,,,,"{""indoor"": true}"
NBA-20251110-LAL-CHA-19,NBA,2025-11-11T00:00:00,CHA,LAL,111,121,0,,,,,,,,,"{""indoor"": true}"
NBA-20251110-WSH-DET-19,NBA,2025-11-11T00:00:00,DET,WSH,137,135,0,,,,,,,,,"{""indoor"": true}"
NBA-20251110-POR-ORL-19,NBA,2025-11-11T00:00:00,ORL,POR,115,112,0,,,,,,,,,"{""indoor"": true}"
NBA-20251110-CLE-MIA-19,NBA,2025-11-11T00:30:00,MIA,CLE,140,138,0,,,,,,,,,"{""indoor"": true}"
NBA-20251110-SA-CHI-20,NBA,2025-11-11T01:00:00,CHI,SA,117,121,0,,,,,,,,,"{""indoor"": true}"
NBA-20251110-MIL-DAL-20,NBA,2025-11-11T01:30:00,DAL,MIL,114,116,0,,,,,,,,,"{""indoor"": true}"
NBA-20251110-NO-PHX-21,NBA,2025-11-11T02:00:00,PHX,NO,121,98,0,,,,,,,,,"{""indoor"": true}"
NBA-20251110-MIN-UTAH-21,NBA,2025-11-11T02:00:00,UTAH,MIN,113,120,0,,,,,,,,,"{""indoor"": true}"
NBA-20251110-ATL-LAC-22,NBA,2025-11-11T03:30:00,LAC,ATL,102,105,0,,,,,,,,,"{""indoor"": true}"
NBA-20251111-TOR-BKN-19,NBA,2025-11-12T00:30:00,BKN,TOR,109,119,0,,,,,,,,,"{""indoor"": true}"
NBA-20251111-MEM-NY-19,NBA,2025-11-12T00:30:00,NY,MEM,133,120,0,,,,,,,,,"{""indoor"": true}"
NBA-20251111-BOS-PHI-20,NBA,2025-11-12T01:00:00,PHI,BOS,102,100,0,,,,,,,,,"{""indoor"": true}"
NBA-20251111-GS-OKC-20,NBA,2025-11-12T01:00:00,OKC,GS,126,102,0,,,,,,,,,"{""indoor"": true}"
NBA-20251111-IND-UTAH-21,NBA,2025-11-12T02:00:00,UTAH,IND,152,128,0,,,,,,,,,"{""indoor"": true}"
NBA-20251111-DEN-SAC-23,NBA,2025-11-12T04:00:00,SAC,DEN,108,122,0,,,,,,,,,"{""indoor"": true}"
NBA-20251112-MIL-CHA-19,NBA,2025-11-13T00:00:00,CHA,MIL,111,100,0,,,,,,,,,"{""indoor"": true}"
NBA-20251112-CHI-DET-19,NBA,2025-11-13T00:00:00,DET,CHI,124,113,0,,,,,,,,,"{""indoor"": true}"
NBA-20251112-ORL-NY-19,NBA,2025-11-13T00:00:00,NY,ORL,107,124,0,,,,,,,,,"{""indoor"": true}"
NBA-20251112-MEM-BOS-19,NBA,2025-11-13T00:30:00,BOS,MEM,131,95,0,,,,,,,,,"{""indoor"": true}"
NBA-20251112-CLE-MIA-19,NBA,2025-11-13T00:30:00,MIA,CLE,116,130,0,,,,,,,,,"{""indoor"": true}"
NBA-20251112-WSH-HOU-20,NBA,2025-11-13T01:00:00,HOU,WSH,135,112,0,,,,,,,,,"{""indoor"": true}"
NBA-20251112-POR-NO-20,NBA,2025-11-13T01:00:00,NO,POR,117,125,0,,,,,,,,,"{""indoor"": true}"
NBA-20251112-GS-SA-20,NBA,2025-11-13T01:00:00,SA,GS,120,125,0,,,,,,,,,"{""indoor"": true}"
NBA-20251112-PHX-DAL-20,NBA,2025-11-13T01:30:00,DAL,PHX,114,123,0,,,,,,,,,"{""indoor"": true}"
NBA-20251112-LAL-OKC-21,NBA,2025-11-13T02:47:00,OKC,LAL,121,92,0,,,,,,,,,"{""indoor"": true}"
NBA-20251112-ATL-SAC-22,NBA,2025-11-13T03:00:00,SAC,ATL,100,133,0,,,,,,,,,"{""indoor"": true}"
NBA-20251112-DEN-LAC-22,NBA,2025-11-13T03:30:00,LAC,DEN,116,130,0,,,,,,,,,"{""indoor"": true}"
NBA-20251113-TOR-CLE-19,NBA,2025-11-14T00:00:00,CLE,TOR,113,126,0,,,,,,,,,"{""indoor"": true}"
NBA-20251113-IND-PHX-21,NBA,2025-11-14T02:00:00,PHX,IND,133,98,0,,,,,,,,,"{""indoor"": true}"
NBA-20251113-ATL-UTAH-21,NBA,2025-11-14T02:00:00,UTAH,ATL,122,132,0,,,,,,,,,"{""indoor"": true}"
NBA-20251114-MIA-NY-19,NBA,2025-11-15T00:00:00,NY,MIA,140,132,0,,,,,,,,,"{""indoor"": true}"
NBA-20251114-BKN-ORL-19,NBA,2025-11-15T00:00:00,ORL,BKN,105,98,0,,,,,,,,,"{""indoor"": true}"
NBA-20251114-PHI-DET-19,NBA,2025-11-15T00:30:00,DET,PHI,114,105,0,,,,,,,,,"{""indoor"": true}"
NBA-20251114-POR-HOU-20,NBA,2025-11-15T01:00:00,HOU,POR,140,116,0,,,,,,,,,"{""indoor"": true}"
NBA-20251114-CHA-MIL-20,NBA,2025-11-15T01:00:00,MIL,CHA,147,134,0,,,,,,,,,"{""indoor"": true}"
NBA-20251114-SAC-MIN-20,NBA,2025-11-15T01:00:00,MIN,SAC,124,110,0,,,,,,,,,"{""indoor"": true}"
NBA-20251114-LAL-NO-20,NBA,2025-11-15T01:00:00,NO,LAL,104,118,0,,,,,,,,,"{""indoor"": true}"
NBA-20251114-LAC-DAL-20,NBA,2025-11-15T01:30:00,DAL,LAC,127,133,0,,,,,,,,,"{""indoor"": true}"
NBA-20251114-GS-SA-21,NBA,2025-11-15T02:30:00,SA,GS,108,109,0,,,,,,,,,"{""indoor"": true}"
NBA-20251115-MEM-CLE-17,NBA,2025-11-15T22:00:00,CLE,MEM,108,100,0,,,,,,,,,"{""indoor"": true}"
NBA-20251115-OKC-CHA-19,NBA,2025-11-16T00:00:00,CHA,OKC,96,109,0,,,,,,,,,"{""indoor"": true}"
NBA-20251115-TOR-IND-19,NBA,2025-11-16T00:00:00,IND,TOR,111,129,0,,,,,,,,,"{""indoor"": true}"
NBA-20251115-LAL-MIL-20,NBA,2025-11-16T01:00:00,MIL,LAL,95,119,0,,,,,,,,,"{""indoor"": true}"
NBA-20251115-DEN-MIN-20,NBA,2025-11-16T01:00:00,MIN,DEN,112,123,0,,,,,,,,,"{""indoor"": true}"
NBA-20251116-LAC-BOS-15,NBA,2025-11-16T20:30:00,BOS,LAC,121,118,0,,,,,,,,,"{""indoor"": true}"
NBA-20251116-SAC-SA-16,NBA,2025-11-16T21:00:00,SA,SAC,123,110,0,,,,,,,,,"{""indoor"": true}"
NBA-20251116-BKN-WSH-18,NBA,2025-11-16T23:00:00,WSH,BKN,106,129,0,,,,,,,,,"{""indoor"": true}"
NBA-20251116-ORL-HOU-19,NBA,2025-11-17T00:00:00,HOU,ORL,117,113,0,,,,,,,,,"{""indoor"": true}"
NBA-20251116-GS-NO-19,NBA,2025-11-17T00:00:00,NO,GS,106,124,0,,,,,,,,,"{""indoor"": true}"
NBA-20251116-POR-DAL-19,NBA,2025-11-17T00:30:00,DAL,POR,138,133,0,,,,,,,,,"{""indoor"": true}"
NBA-20251116-ATL-PHX-20,NBA,2025-11-17T01:00:00,PHX,ATL,122,124,0,,,,,,,,,"{""indoor"": true}"
NBA-20251116-CHI-UTAH-20,NBA,2025-11-17T01:00:00,UTAH,CHI,150,147,0,,,,,,,,,"{""indoor"": true}"
NBA-20251117-MIL-CLE-19,NBA,2025-11-18T00:00:00,CLE,MIL,118,106,0,,,,,,,,,"{""indoor"": true}"
NBA-20251117-IND-DET-19,NBA,2025-11-18T00:00:00,DET,IND,127,112,0,,,,,,,,,"{""indoor"": true}"
NBA-20251117-LAC-PHI-19,NBA,2025-11-18T00:00:00,PHI,LAC,110,108,0,,,,,,,,,"{""indoor"": true}"
NBA-20251117-NY-MIA-19,NBA,2025-11-18T00:30:00,MIA,NY,115,113,0,,,,,,,,,"{""indoor"": true}"
NBA-20251117-CHA-TOR-19,NBA,2025-11-18T00:30:00,TOR,CHA,110,108,0,,,,,,,,,"{""indoor"": true}"
NBA-20251117-DAL-MIN-20,NBA,2025-11-18T01:00:00,MIN,DAL,120,96,0,,,,,,,,,"{""indoor"": true}"
NBA-20251117-OKC-NO-20,NBA,2025-11-18T01:00:00,NO,OKC,109,126,0,,,,,,,,,"{""indoor"": true}"
NBA-20251117-CHI-DEN-21,NBA,2025-11-18T02:00:00,DEN,CHI,127,130,0,,,,,,,,,"{""indoor"": true}"
NBA-20251118-GS-ORL-19,NBA,2025-11-19T00:00:00,ORL,GS,121,113,0,,,,,,,,,"{""indoor"": true}"
NBA-20251118-BOS-BKN-19,NBA,2025-11-19T00:30:00,BKN,BOS,99,113,0,,,,,,,,,"{""indoor"": true}"
NBA-20251118-DET-ATL-19,NBA,2025-11-19T00:30:00,ATL,DET,112,120,0,,,,,,,,,"{""indoor"": true}"
NBA-20251118-MEM-SA-20,NBA,2025-11-19T01:00:00,SA,MEM,111,101,0,,,,,,,,,"{""indoor"": true}"
NBA-20251118-UTAH-LAL-22,NBA,2025-11-19T03:30:00,LAL,UTAH,140,126,0,,,,,,,,,"{""indoor"": true}"
NBA-20251118-PHX-POR-23,NBA,2025-11-19T04:00:00,POR,PHX,110,127,0,,,,,,,,,"{""indoor"": true}"
NBA-20251119-HOU-CLE-19,NBA,2025-11-20T00:00:00,CLE,HOU,104,114,0,,,,,,,,,"{""indoor"": true}"
NBA-20251119-CHA-IND-19,NBA,2025-11-20T00:00:00,IND,CHA,127,118,0,,,,,,,,,"{""indoor"": true}"
NBA-20251119-TOR-PHI-19,NBA,2025-11-20T00:00:00,PHI,TOR,112,121,0,,,,,,,,,"{""indoor"": true}"
NBA-20251119-GS-MIA-19,NBA,2025-11-20T00:30:00,MIA,GS,110,96,0,,,,,,,,,"{""indoor"": true}"
NBA-20251119-WSH-MIN-20,NBA,2025-11-20T01:00:00,MIN,WSH,120,109,0,,,,,,,,,"{""indoor"": true}"
NBA-20251119-DEN-NO-20,NBA,2025-11-20T01:00:00,NO,DEN,118,125,0,,,,,,,,,"{""indoor"": true}"
NBA-20251119-SAC-OKC-20,NBA,2025-11-20T01:00:00,OKC,SAC,113,99,0,,,,,,,,,"{""indoor"": true}"
NBA-20251119-NY-DAL-21,NBA,2025-11-20T02:30:00,DAL,NY,111,113,0,,,,,,,,,"{""indoor"": true}"
NBA-20251119-CHI-POR-22,NBA,2025-11-20T03:00:00,POR,CHI,121,122,0,,,,,,,,,"{""indoor"": true}"
NBA-20251120-LAC-ORL-19,NBA,2025-11-21T00:00:00,ORL,LAC,129,101,0,,,,,,,,,"{""indoor"": true}"
NBA-20251120-SAC-MEM-20,NBA,2025-11-21T01:00:00,MEM,SAC,137,96,0,,,,,,,,,"{""indoor"": true}"
NBA-20251120-PHI-MIL-20,NBA,2025-11-21T01:00:00,MIL,PHI,114,123,0,,,,,,,,,"{""indoor"": true}"
NBA-20251120-ATL-SA-20,NBA,2025-11-21T01:00:00,SA,ATL,135,126,0,,,,,,,,,"{""indoor"": true}"
NBA-20251121-IND-CLE-19,NBA,2025-11-22T00:00:00,CLE,IND,120,109,0,,,,,,,,,"{""indoor"": true}"
NBA-20251121-BKN-BOS-19,NBA,2025-11-22T00:30:00,BOS,BKN,105,113,0,,,,,,,,,"{""indoor"": true}"
NBA-20251121-WSH-TOR-19,NBA,2025-11-22T00:30:00,TOR,WSH,140,110,0,,,,,,,,,"{""indoor"": true}"
NBA-20251121-MIA-CHI-20,NBA,2025-11-22T01:00:00,CHI,MIA,107,143,0,,,,,,,,,"{""indoor"": true}"
NBA-20251121-NO-DAL-20,NBA,2025-11-22T01:30:00,DAL,NO,118,115,0,,,,,,,,,"{""indoor"": true}"
NBA-20251121-MIN-PHX-21,NBA,2025-11-22T02:00:00,PHX,MIN,114,113,0,,,,,,,,,"{""indoor"": true}"
NBA-20251121-DEN-HOU-21,NBA,2025-11-22T02:30:00,HOU,DEN,109,112,0,,,,,,,,,"{""indoor"": true}"
NBA-20251121-OKC-UTAH-22,NBA,2025-11-22T03:00:00,UTAH,OKC,112,144,0,,,,,,,,,"{""indoor"": true}"
NBA-20251121-POR-GS-22,NBA,2025-11-22T03:00:00,GS,POR,123,127,0,,,,,,,,,"{""indoor"": true}"
NBA-20251122-LAC-CHA-13,NBA,2025-11-22T18:00:00,CHA,LAC,116,131,0,,,,,,,,,"{""indoor"": true}"
NBA-20251122-NY-ORL-17,NBA,2025-11-22T22:00:00,ORL,NY,133,121,0,,,,,,,,,"{""indoor"": true}"
NBA-20251122-ATL-NO-19,NBA,2025-11-23T00:00:00,NO,ATL,98,115,0,,,,,,,,,"{""indoor"": true}"
NBA-20251122-WSH-CHI-20,NBA,2025-11-23T01:00:00,CHI,WSH,121,120,0,,,,,,,,,"{""indoor"": true}"
NBA-20251122-DET-MIL-20,NBA,2025-11-23T01:00:00,MIL,DET,116,129,0,,,,,,,,,"{""indoor"": true}"
NBA-20251122-MEM-DAL-20,NBA,2025-11-23T01:30:00,DAL,MEM,96,102,0,,,,,,,,,"{""indoor"": true}"
NBA-20251122-SAC-DEN-22,NBA,2025-11-23T03:00:00,DEN,SAC,123,128,0,,,,,,,,,"{""indoor"": true}"
NBA-20251123-MIA-PHI-13,NBA,2025-11-23T18:00:00,PHI,MIA,117,127,0,,,,,,,,,"{""indoor"": true}"
NBA-20251123-CHA-ATL-18,NBA,2025-11-23T23:00:00,ATL,CHA,113,110,0,,,,,,,,,"{""indoor"": true}"
NBA-20251123-ORL-BOS-18,NBA,2025-11-23T23:00:00,BOS,ORL,138,129,0,,,,,,,,,"{""indoor"": true}"
NBA-20251123-LAC-CLE-18,NBA,2025-11-23T23:00:00,CLE,LAC,120,105,0,,,,,,,,,"{""indoor"": true}"
NBA-20251123-BKN-TOR-18,NBA,2025-11-23T23:00:00,TOR,BKN,119,109,0,,,,,,,,,"{""indoor"": true}"
NBA-20251123-POR-OKC-19,NBA,2025-11-24T00:00:00,OKC,POR,122,95,0,,,,,,,,,"{""indoor"": true}"
NBA-20251123-SA-PHX-20,NBA,2025-11-24T01:00:00,PHX,SA,111,102,0,,,,,,,,,"{""indoor"": true}"
NBA-20251123-LAL-UTAH-20,NBA,2025-11-24T01:00:00,UTAH,LAL,106,108,0,,,,,,,,,"{""indoor"": true}"
NBA-20251124-DET-IND-19,NBA,2025-11-25T00:00:00,IND,DET,117,122,0,,,,,,,,,"{""indoor"": true}"
NBA-20251124-CLE-TOR-19,NBA,2025-11-25T00:00:00,TOR,CLE,110,99,0,,,,,,,,,"{""indoor"": true}"
NBA-20251124-NY-BKN-19,NBA,2025-11-25T00:30:00,BKN,NY,100,113,0,,,,,,,,,"{""indoor"": true}"
NBA-20251124-DAL-MIA-19,NBA,2025-11-25T00:30:00,MIA,DAL,106,102,0,,,,,,,,,"{""indoor"": true}"
NBA-20251124-DEN-MEM-20,NBA,2025-11-25T01:00:00,MEM,DEN,115,125,0,,,,,,,,,"{""indoor"": true}"
NBA-20251124-POR-MIL-20,NBA,2025-11-25T01:00:00,MIL,POR,103,115,0,,,,,,,,,"{""indoor"": true}"
NBA-20251124-CHI-NO-20,NBA,2025-11-25T01:00:00,NO,CHI,143,130,0,,,,,,,,,"{""indoor"": true}"
NBA-20251124-HOU-PHX-21,NBA,2025-11-25T02:30:00,PHX,HOU,92,114,0,,,,,,,,,"{""indoor"": true}"
NBA-20251124-UTAH-GS-22,NBA,2025-11-25T03:00:00,GS,UTAH,134,117,0,,,,,,,,,"{""indoor"": true}"
NBA-20251124-MIN-SAC-22,NBA,2025-11-25T03:00:00,SAC,MIN,117,112,0,,,,,,,,,"{""indoor"": true}"
NBA-20251125-ATL-WSH-19,NBA,2025-11-26T00:00:00,WSH,ATL,132,113,0,,,,,,,,,"{""indoor"": true}"
NBA-20251125-ORL-PHI-20,NBA,2025-11-26T01:00:00,PHI,ORL,103,144,0,,,,,,,,,"{""indoor"": true}"
NBA-20251125-LAC-LAL-23,NBA,2025-11-26T04:00:00,LAL,LAC,135,118,0,,,,,,,,,"{""indoor"": true}"
NBA-20251126-DET-BOS-17,NBA,2025-11-26T22:00:00,BOS,DET,117,114,0,,,,,,,,,"{""indoor"": true}"
NBA-20251126-NY-CHA-19,NBA,2025-11-27T00:00:00,CHA,NY,101,129,0,,,,,,,,,"{""indoor"": true}"
NBA-20251126-MIL-MIA-19,NBA,2025-11-27T00:30:00,MIA,MIL,106,103,0,,,,,,,,,"{""indoor"": true}"
NBA-20251126-IND-TOR-19,NBA,2025-11-27T00:30:00,TOR,IND,97,95,0,,,,,,,,,"{""indoor"": true}"
NBA-20251126-MIN-OKC-19,NBA,2025-11-27T00:30:00,OKC,MIN,113,105,0,,,,,,,,,"{""indoor"": true}"
NBA-20251126-MEM-NO-20,NBA,2025-11-27T01:00:00,NO,MEM,128,133,0,,,,,,,,,"{""indoor"": true}"
NBA-20251126-HOU-GS-22,NBA,2025-11-27T03:00:00,GS,HOU,100,104,0,,,,,,,,,"{""indoor"": true}"
NBA-20251126-SA-POR-22,NBA,2025-11-27T03:00:00,POR,SA,102,115,0,,,,,,,,,"{""indoor"": true}"
NBA-20251126-PHX-SAC-22,NBA,2025-11-27T03:00:00,SAC,PHX,100,112,0,,,,,,,,,"{""indoor"": true}"
NBA-20251128-CLE-ATL-19,NBA,2025-11-29T00:30:00,ATL,CLE,130,123,0,,,,,,,,,"{""indoor"": true}"
NBA-20251128-PHI-BKN-19,NBA,2025-11-29T00:30:00,BKN,PHI,103,115,0,,,,,,,,,"{""indoor"": true}"
NBA-20251128-CHI-CHA-19,NBA,2025-11-29T00:30:00,CHA,CHI,123,116,0,,,,,,,,,"{""indoor"": true}"
NBA-20251128-ORL-DET-19,NBA,2025-11-29T00:30:00,DET,ORL,109,112,0,,,,,,,,,"{""indoor"": true}"
NBA-20251128-WSH-IND-19,NBA,2025-11-29T00:30:00,IND,WSH,119,86,0,,,,,,,,,"{""indoor"": true}"
NBA-20251128-MIL-NY-19,NBA,2025-11-29T00:30:00,NY,MIL,118,109,0,,,,,,,,,"{""indoor"": true}"
NBA-20251128-PHX-OKC-21,NBA,2025-11-29T02:30:00,OKC,PHX,123,119,0,,,,,,,,,"{""indoor"": true}"
NBA-20251128-SA-DEN-21,NBA,2025-11-29T02:30:00,DEN,SA,136,139,0,,,,,,,,,"{""indoor"": true}"
NBA-20251128-SAC-UTAH-21,NBA,2025-11-29T02:30:00,UTAH,SAC,128,119,0,,,,,,,,,"{""indoor"": true}"
NBA-20251128-DAL-LAL-22,NBA,2025-11-29T03:00:00,LAL,DAL,129,119,0,,,,,,,,,"{""indoor"": true}"
NBA-20251128-MEM-LAC-22,NBA,2025-11-29T03:00:00,LAC,MEM,107,112,0,,,,,,,,,"{""indoor"": true}"
NBA-20251129-BOS-MIN-17,NBA,2025-11-29T22:00:00,MIN,BOS,119,115,0,,,,,,,,,"{""indoor"": true}"
NBA-20251129-TOR-CHA-18,NBA,2025-11-29T23:00:00,CHA,TOR,118,111,0,,,,,,,,,"{""indoor"": true}"
NBA-20251129-CHI-IND-19,NBA,2025-11-30T00:30:00,IND,CHI,103,101,0,,,,,,,,,"{""indoor"": true}"
NBA-20251129-DET-MIA-20,NBA,2025-11-30T01:00:00,MIA,DET,135,138,0,,,,,,,,,"{""indoor"": true}"
NBA-20251129-BKN-MIL-20,NBA,2025-11-30T01:00:00,MIL,BKN,116,99,0,,,,,,,,,"{""indoor"": true}"
NBA-20251129-NO-GS-20,NBA,2025-11-30T01:30:00,GS,NO,104,96,0,,,,,,,,,"{""indoor"": true}"
NBA-20251129-DEN-PHX-21,NBA,2025-11-30T02:00:00,PHX,DEN,112,130,0,,,,,,,,,"{""indoor"": true}"
NBA-20251129-DAL-LAC-22,NBA,2025-11-30T03:00:00,LAC,DAL,110,114,0,,,,,,,,,"{""indoor"": true}"
NBA-20251130-HOU-UTAH-15,NBA,2025-11-30T20:00:00,UTAH,HOU,101,129,0,,,,,,,,,"{""indoor"": true}"
NBA-20251130-BOS-CLE-18,NBA,2025-11-30T23:00:00,CLE,BOS,115,117,0,,,,,,,,,"{""indoor"": true}"
NBA-20251130-TOR-NY-18,NBA,2025-11-30T23:00:00,NY,TOR,116,94,0,,,,,,,,,"{""indoor"": true}"
NBA-20251130-ATL-PHI-18,NBA,2025-11-30T23:00:00,PHI,ATL,134,142,0,,,,,,,,,"{""indoor"": true}"
NBA-20251130-OKC-POR-18,NBA,2025-11-30T23:00:00,POR,OKC,115,123,0,,,,,,,,,"{""indoor"": true}"
NBA-20251130-SA-MIN-19,NBA,2025-12-01T00:00:00,MIN,SA,125,112,0,,,,,,,,,"{""indoor"": true}"
NBA-20251130-MEM-SAC-21,NBA,2025-12-01T02:00:00,SAC,MEM,107,115,0,,,,,,,,,"{""indoor"": true}"
NBA-20251130-NO-LAL-21,NBA,2025-12-01T02:30:00,LAL,NO,133,121,0,,,,,,,,,"{""indoor"": true}"
NBA-20251201-ATL-DET-19,NBA,2025-12-02T00:00:00,DET,ATL,99,98,0,,,,,,,,,"{""indoor"": true}"
NBA-20251201-CLE-IND-19,NBA,2025-12-02T00:00:00,IND,CLE,119,135,0,,,,,,,,,"{""indoor"": true}"
NBA-20251201-MIL-WSH-19,NBA,2025-12-02T00:00:00,WSH,MIL,129,126,0,,,,,,,,,"{""indoor"": true}"
NBA-20251201-CHA-BKN-19,NBA,2025-12-02T00:30:00,BKN,CHA,116,103,0,,,,,,,,,"{""indoor"": true}"
NBA-20251201-LAC-MIA-19,NBA,2025-12-02T00:30:00,MIA,LAC,140,123,0,,,,,,,,,"{""indoor"": true}"
NBA-20251201-CHI-ORL-19,NBA,2025-12-02T00:30:00,ORL,CHI,125,120,0,,,,,,,,,"{""indoor"": true}"
NBA-20251201-DAL-DEN-21,NBA,2025-12-02T02:00:00,DEN,DAL,121,131,0,,,,,,,,,"{""indoor"": true}"
NBA-20251201-HOU-UTAH-21,NBA,2025-12-02T02:00:00,UTAH,HOU,133,125,0,,,,,,,,,"{""indoor"": true}"
NBA-20251201-PHX-LAL-22,NBA,2025-12-02T03:00:00,LAL,PHX,108,125,0,,,,,,,,,"{""indoor"": true}"
NBA-20251202-WSH-PHI-19,NBA,2025-12-03T00:00:00,PHI,WSH,121,102,0,,,,,,,,,"{""indoor"": true}"
NBA-20251202-POR-TOR-19,NBA,2025-12-03T00:30:00,TOR,POR,121,118,0,,,,,,,,,"{""indoor"": true}"
NBA-20251202-NY-BOS-20,NBA,2025-12-03T01:00:00,BOS,NY,123,117,0,,,,,,,,,"{""indoor"": true}"
NBA-20251202-MIN-NO-20,NBA,2025-12-03T01:00:00,NO,MIN,142,149,0,,,,,,,,,"{""indoor"": true}"
NBA-20251202-MEM-SA-20,NBA,2025-12-03T01:00:00,SA,MEM,126,119,0,,,,,,,,,"{""indoor"": true}"
NBA-20251202-OKC-GS-23,NBA,2025-12-03T04:00:00,GS,OKC,112,124,0,,,,,,,,,"{""indoor"": true}"
NBA-20251203-POR-CLE-19,NBA,2025-12-04T00:00:00,CLE,POR,110,122,0,,,,,,,,,"{""indoor"": true}"
NBA-20251203-DEN-IND-19,NBA,2025-12-04T00:00:00,IND,DEN,120,135,0,,,,,,,,,"{""indoor"": true}"
NBA-20251203-SA-ORL-19,NBA,2025-12-04T00:00:00,ORL,SA,112,114,0,,,,,,,,,"{""indoor"": true}"
NBA-20251203-LAC-ATL-19,NBA,2025-12-04T00:30:00,ATL,LAC,92,115,0,,,,,,,,,"{""indoor"": true}"
NBA-20251203-CHA-NY-19,NBA,2025-12-04T00:30:00,NY,CHA,119,104,0,,,,,,,,,"{""indoor"": true}"
NBA-20251203-BKN-CHI-20,NBA,2025-12-04T01:00:00,CHI,BKN,103,113,0,,,,,,,,,"{""indoor"": true}"
NBA-20251203-SAC-HOU-20,NBA,2025-12-04T01:00:00,HOU,SAC,121,95,0,,,,,,,,,"{""indoor"": true}"
NBA-20251203-DET-MIL-20,NBA,2025-12-04T01:00:00,MIL,DET,113,109,0,,,,,,,,,"{""indoor"": true}"
NBA-20251203-MIA-DAL-20,NBA,2025-12-04T01:30:00,DAL,MIA,118,108,0,,,,,,,,,"{""indoor"": true}"
NBA-20251204-GS-PHI-19,NBA,2025-12-05T00:00:00,PHI,GS,99,98,0,,,,,,,,,"{""indoor"": true}"
NBA-20251204-BOS-WSH-19,NBA,2025-12-05T00:00:00,WSH,BOS,101,146,0,,,,,,,,,"{""indoor"": true}"
NBA-20251204-UTAH-BKN-19,NBA,2025-12-05T00:30:00,BKN,UTAH,110,123,0,,,,,,,,,"{""indoor"": true}"
NBA-20251204-LAL-TOR-19,NBA,2025-12-05T00:30:00,TOR,LAL,120,123,0,,,,,,,,,"{""indoor"": true}"
NBA-20251204-MIN-NO-20,NBA,2025-12-05T01:00:00,NO,MIN,116,125,0,,,,,,,,,"{""indoor"": true}"
NBA-20251205-LAL-BOS-19,NBA,2025-12-06T00:00:00,BOS,LAL,126,105,0,,,,,,,,,"{""indoor"": true}"
NBA-20251205-MIA-ORL-19,NBA,2025-12-06T00:00:00,ORL,MIA,106,105,0,,,,,,,,,"{""indoor"": true}"
NBA-20251205-DEN-ATL-19,NBA,2025-12-06T00:30:00,ATL,DEN,133,134,0,,,,,,,,,"{""indoor"": true}"
NBA-20251205-SA-CLE-19,NBA,2025-12-06T00:30:00,CLE,SA,130,117,0,,,,,,,,,"{""indoor"": true}"
NBA-20251205-POR-DET-19,NBA,2025-12-06T00:30:00,DET,POR,122,116,0,,,,,,,,,"{""indoor"": true}"
NBA-20251205-UTAH-NY-19,NBA,2025-12-06T00:30:00,NY,UTAH,146,112,0,,,,,,,,,"{""indoor"": true}"
NBA-20251205-CHA-TOR-19,NBA,2025-12-06T00:30:00,TOR,CHA,86,111,0,,,,,,,,,"{""indoor"": true}"
NBA-20251205-IND-CHI-20,NBA,2025-12-06T01:00:00,CHI,IND,105,120,0,,,,,,,,,"{""indoor"": true}"
NBA-20251205-PHX-HOU-20,NBA,2025-12-06T01:00:00,HOU,PHX,117,98,0,,,,,,,,,"{""indoor"": true}"
NBA-20251205-LAC-MEM-20,NBA,2025-12-06T01:00:00,MEM,LAC,107,98,0,,,,,,,,,"{""indoor"": true}"
NBA-20251205-PHI-MIL-20,NBA,2025-12-06T01:00:00,MIL,PHI,101,116,0,,,,,,,,,"{""indoor"": true}"
NBA-20251205-DAL-OKC-21,NBA,2025-12-06T02:30:00,OKC,DAL,132,111,0,,,,,,,,,"{""indoor"": true}"
NBA-20251206-NO-BKN-17,NBA,2025-12-06T22:00:00,BKN,NO,119,101,0,,,,,,,,,"{""indoor"": true}"
NBA-20251206-ATL-WSH-19,NBA,2025-12-07T00:00:00,WSH,ATL,116,131,0,,,,,,,,,"{""indoor"": true}"
NBA-20251206-GS-CLE-19,NBA,2025-12-07T00:30:00,CLE,GS,94,99,0,,,,,,,,,"{""indoor"": true}"
NBA-20251206-MIL-DET-19,NBA,2025-12-07T00:30:00,DET,MIL,124,112,0,,,,,,,,,"{""indoor"": true}"
NBA-20251206-SAC-MIA-20,NBA,2025-12-07T01:00:00,MIA,SAC,111,127,0,,,,,,,,,"{""indoor"": true}"
NBA-20251206-LAC-MIN-20,NBA,2025-12-07T01:00:00,MIN,LAC,109,106,0,,,,,,,,,"{""indoor"": true}"
NBA-20251206-HOU-DAL-20,NBA,2025-12-07T01:30:00,DAL,HOU,122,109,0,,,,,,,,,"{""indoor"": true}"
NBA-20251207-ORL-NY-12,NBA,2025-12-07T17:00:00,NY,ORL,106,100,0,,,,,,,,,"{""indoor"": true}"
NBA-20251207-BOS-TOR-15,NBA,2025-12-07T20:30:00,TOR,BOS,113,121,0,,,,,,,,,"{""indoor"": true}"
NBA-20251207-DEN-CHA-18,NBA,2025-12-07T23:00:00,CHA,DEN,106,115,0,,,,,,,,,"{""indoor"": true}"
NBA-20251207-POR-MEM-18,NBA,2025-12-07T23:00:00,MEM,POR,119,96,0,,,,,,,,,"{""indoor"": true}"
NBA-20251207-GS-CHI-19,NBA,2025-12-08T00:00:00,CHI,GS,91,123,0,,,,,,,,,"{""indoor"": true}"
NBA-20251207-LAL-PHI-19,NBA,2025-12-08T00:30:00,PHI,LAL,108,112,0,,,,,,,,,"{""indoor"": true}"
NBA-20251207-OKC-UTAH-20,NBA,2025-12-08T01:00:00,UTAH,OKC,101,131,0,,,,,,,,,"{""indoor"": true}"
NBA-20251208-SAC-IND-19,NBA,2025-12-09T00:00:00,IND,SAC,116,105,0,,,,,,,,,"{""indoor"": true}"
NBA-20251208-PHX-MIN-19,NBA,2025-12-09T00:30:00,MIN,PHX,105,108,0,,,,,,,,,"{""indoor"": true}"
NBA-20251208-SA-NO-20,NBA,2025-12-09T01:00:00,NO,SA,132,135,0,,,,,,,,,"{""indoor"": true}"
NBA-20251209-MIA-ORL-18,NBA,2025-12-09T23:00:00,ORL,MIA,117,108,0,,,,,,,,,"{""indoor"": true}"
NBA-20251209-NY-TOR-20,NBA,2025-12-10T01:30:00,TOR,NY,101,117,0,,,,,,,,,"{""indoor"": true}"
NBA-20251210-PHX-OKC-19,NBA,2025-12-11T00:30:00,OKC,PHX,138,89,0,,,,,,,,,"{""indoor"": true}"
NBA-20251210-SA-LAL-22,NBA,2025-12-11T03:00:00,LAL,SA,119,132,0,,,,,,,,,"{""indoor"": true}"
NBA-20251211-LAC-HOU-20,NBA,2025-12-12T01:00:00,HOU,LAC,115,113,0,,,,,,,,,"{""indoor"": true}"
NBA-20251211-BOS-MIL-20,NBA,2025-12-12T01:00:00,MIL,BOS,116,101,0,,,,,,,,,"{""indoor"": true}"
NBA-20251211-POR-NO-20,NBA,2025-12-12T01:00:00,NO,POR,143,120,0,,,,,,,,,"{""indoor"": true}"
NBA-20251211-DEN-SAC-22,NBA,2025-12-12T03:00:00,SAC,DEN,105,136,0,,,,,,,,,"{""indoor"": true}"
NBA-20251212-CHI-CHA-19,NBA,2025-12-13T00:00:00,CHA,CHI,126,129,0,,,,,,,,,"{""indoor"": true}"
NBA-20251212-ATL-DET-19,NBA,2025-12-13T00:00:00,DET,ATL,142,115,0,,,,,,,,,"{""indoor"": true}"
NBA-20251212-IND-PHI-19,NBA,2025-12-13T00:00:00,PHI,IND,115,105,0,,,,,,,,,"{""indoor"": true}"
NBA-20251212-CLE-WSH-19,NBA,2025-12-13T00:00:00,WSH,CLE,126,130,0,,,,,,,,,"{""indoor"": true}"
NBA-20251212-UTAH-MEM-20,NBA,2025-12-13T01:00:00,MEM,UTAH,126,130,0,,,,,,,,,"{""indoor"": true}"
NBA-20251212-BKN-DAL-20,NBA,2025-12-13T01:30:00,DAL,BKN,119,111,0,,,,,,,,,"{""indoor"": true}"
NBA-20251212-MIN-GS-22,NBA,2025-12-13T03:00:00,GS,MIN,120,127,0,,,,,,,,,"{""indoor"": true}"
NBA-20251213-NY-ORL-17,NBA,2025-12-13T22:30:00,ORL,NY,120,132,1,,,,,,,,,"{""indoor"": true}"
NBA-20251213-SA-OKC-21,NBA,2025-12-14T02:00:00,OKC,SA,109,111,1,,,,,,,,,"{""indoor"": true}"
NBA-20251214-WSH-IND-15,NBA,2025-12-14T20:00:00,IND,WSH,89,108,0,,,,,,,,,"{""indoor"": true}"
NBA-20251214-CHA-CLE-15,NBA,2025-12-14T20:30:00,CLE,CHA,111,119,0,,,,,,,,,"{""indoor"": true}"
NBA-20251214-PHI-ATL-18,NBA,2025-12-14T23:00:00,ATL,PHI,120,117,0,,,,,,,,,"{""indoor"": true}"
NBA-20251214-MIL-BKN-18,NBA,2025-12-14T23:00:00,BKN,MIL,127,82,0,,,,,,,,,"{""indoor"": true}"
NBA-20251214-SAC-MIN-19,NBA,2025-12-15T00:00:00,MIN,SAC,117,103,0,,,,,,,,,"{""indoor"": true}"
NBA-20251214-NO-CHI-19,NBA,2025-12-15T00:00:00,CHI,NO,104,114,0,,,,,,,,,"{""indoor"": true}"
NBA-20251214-LAL-PHX-20,NBA,2025-12-15T01:00:00,PHX,LAL,114,116,0,,,,,,,,,"{""indoor"": true}"
NBA-20251214-GS-POR-21,NBA,2025-12-15T02:00:00,POR,GS,136,131,0,,,,,,,,,"{""indoor"": true}"
NBA-20251215-DET-BOS-19,NBA,2025-12-16T00:00:00,BOS,DET,105,112,0,,,,,,,,,"{""indoor"": true}"
NBA-20251215-TOR-MIA-19,NBA,2025-12-16T00:30:00,MIA,TOR,96,106,0,,,,,,,,,"{""indoor"": true}"
NBA-20251215-DAL-UTAH-21,NBA,2025-12-16T02:00:00,UTAH,DAL,140,133,0,,,,,,,,,"{""indoor"": true}"
NBA-20251215-HOU-DEN-21,NBA,2025-12-16T02:30:00,DEN,HOU,128,125,0,,,,,,,,,"{""indoor"": true}"
NBA-20251215-MEM-LAC-22,NBA,2025-12-16T03:30:00,LAC,MEM,103,121,0,,,,,,,,,"{""indoor"": true}"
NBA-20251216-SA-NY-20,NBA,2025-12-17T01:30:00,NY,SA,124,113,1,,,,,,,,,"{""indoor"": true}"
NBA-20251217-CLE-CHI-20,NBA,2025-12-18T01:00:00,CHI,CLE,127,111,0,,,,,,,,,"{""indoor"": true}"
NBA-20251217-MEM-MIN-20,NBA,2025-12-18T01:00:00,MIN,MEM,110,116,0,,,,,,,,,"{""indoor"": true}"
NBA-20251218-ATL-CHA-19,NBA,2025-12-19T00:00:00,CHA,ATL,133,126,0,,,,,,,,,"{""indoor"": true}"
NBA-20251218-NY-IND-19,NBA,2025-12-19T00:00:00,IND,NY,113,114,0,,,,,,,,,"{""indoor"": true}"
NBA-20251218-MIA-BKN-19,NBA,2025-12-19T00:30:00,BKN,MIA,95,106,0,,,,,,,,,"{""indoor"": true}"
NBA-20251218-LAC-OKC-20,NBA,2025-12-19T01:00:00,OKC,LAC,122,101,0,,,,,,,,,"{""indoor"": true}"
NBA-20251218-WSH-SA-20,NBA,2025-12-19T01:00:00,SA,WSH,119,94,0,,,,,,,,,"{""indoor"": true}"
NBA-20251218-TOR-MIL-20,NBA,2025-12-19T01:00:00,MIL,TOR,105,111,0,,,,,,,,,"{""indoor"": true}"
NBA-20251218-HOU-NO-20,NBA,2025-12-19T01:00:00,NO,HOU,133,128,0,,,,,,,,,"{""indoor"": true}"
NBA-20251218-DET-DAL-20,NBA,2025-12-19T01:30:00,DAL,DET,116,114,0,,,,,,,,,"{""indoor"": true}"
NBA-20251218-ORL-DEN-21,NBA,2025-12-19T02:00:00,DEN,ORL,126,115,0,,,,,,,,,"{""indoor"": true}"
NBA-20251218-GS-PHX-21,NBA,2025-12-19T02:00:00,PHX,GS,99,98,0,,,,,,,,,"{""indoor"": true}"
NBA-20251218-LAL-UTAH-21,NBA,2025-12-19T02:00:00,UTAH,LAL,135,143,0,,,,,,,,,"{""indoor"": true}"
NBA-20251218-SAC-POR-22,NBA,2025-12-19T03:00:00,POR,SAC,134,133,0,,,,,,,,,"{""indoor"": true}"
NBA-20251219-MIA-BOS-19,NBA,2025-12-20T00:00:00,BOS,MIA,129,116,0,,,,,,,,,"{""indoor"": true}"
NBA-20251219-PHI-NY-19,NBA,2025-12-20T00:00:00,NY,PHI,107,116,0,,,,,,,,,"{""indoor"": true}"
NBA-20251219-SA-ATL-19,NBA,2025-12-20T00:30:00,ATL,SA,98,126,0,,,,,,,,,"{""indoor"": true}"
NBA-20251219-CHI-CLE-19,NBA,2025-12-20T00:30:00,CLE,CHI,125,136,0,,,,,,,,,"{""indoor"": true}"
NBA-20251219-OKC-MIN-21,NBA,2025-12-20T02:30:00,MIN,OKC,112,107,0,,,,,,,,,"{""indoor"": true}"
NBA-20251220-HOU-DEN-17,NBA,2025-12-20T22:00:00,DEN,HOU,101,115,0,,,,,,,,,"{""indoor"": true}"
NBA-20251220-DAL-PHI-19,NBA,2025-12-21T00:00:00,PHI,DAL,121,114,0,,,,,,,,,"{""indoor"": true}"
NBA-20251220-BOS-TOR-19,NBA,2025-12-21T00:00:00,TOR,BOS,96,112,0,,,,,,,,,"{""indoor"": true}"
NBA-20251220-IND-NO-19,NBA,2025-12-21T00:00:00,NO,IND,128,109,0,,,,,,,,,"{""indoor"": true}"
NBA-20251220-CHA-DET-19,NBA,2025-12-21T00:30:00,DET,CHA,112,86,0,,,,,,,,,"{""indoor"": true}"
NBA-20251220-WSH-MEM-20,NBA,2025-12-21T01:00:00,MEM,WSH,122,130,0,,,,,,,,,"{""indoor"": true}"
NBA-20251220-PHX-GS-20,NBA,2025-12-21T01:30:00,GS,PHX,119,116,0,,,,,,,,,"{""indoor"": true}"
NBA-20251220-ORL-UTAH-21,NBA,2025-12-21T02:30:00,UTAH,ORL,127,128,0,,,,,,,,,"{""indoor"": true}"
NBA-20251220-POR-SAC-22,NBA,2025-12-21T03:00:00,SAC,POR,93,98,0,,,,,,,,,"{""indoor"": true}"
NBA-20251220-LAL-LAC-22,NBA,2025-12-21T03:30:00,LAC,LAL,103,88,0,,,,,,,,,"{""indoor"": true}"
NBA-20251221-CHI-ATL-15,NBA,2025-12-21T20:30:00,ATL,CHI,150,152,0,,,,,,,,,"{""indoor"": true}"
NBA-20251221-TOR-BKN-18,NBA,2025-12-21T23:00:00,BKN,TOR,96,81,0,,,,,,,,,"{""indoor"": true}"
NBA-20251221-MIA-NY-18,NBA,2025-12-21T23:00:00,NY,MIA,132,125,0,,,,,,,,,"{""indoor"": true}"
NBA-20251221-SA-WSH-19,NBA,2025-12-22T00:00:00,WSH,SA,113,124,0,,,,,,,,,"{""indoor"": true}"
NBA-20251221-MIL-MIN-19,NBA,2025-12-22T00:00:00,MIN,MIL,103,100,0,,,,,,,,,"{""indoor"": true}"
NBA-20251221-HOU-SAC-22,NBA,2025-12-22T03:00:00,SAC,HOU,125,124,0,,,,,,,,,"{""indoor"": true}"
NBA-20251222-CHA-CLE-19,NBA,2025-12-23T00:00:00,CLE,CHA,139,132,0,,,,,,,,,"{""indoor"": true}"
NBA-20251222-IND-BOS-19,NBA,2025-12-23T00:30:00,BOS,IND,103,95,0,,,,,,,,,"{""indoor"": true}"
NBA-20251222-DAL-NO-20,NBA,2025-12-23T01:00:00,NO,DAL,119,113,0,,,,,,,,,"{""indoor"": true}"
NBA-20251222-UTAH-DEN-21,NBA,2025-12-23T02:00:00,DEN,UTAH,135,112,0,,,,,,,,,"{""indoor"": true}"
NBA-20251222-MEM-OKC-21,NBA,2025-12-23T02:30:00,OKC,MEM,119,103,0,,,,,,,,,"{""indoor"": true}"
NBA-20251222-ORL-GS-22,NBA,2025-12-23T03:00:00,GS,ORL,120,97,0,,,,,,,,,"{""indoor"": true}"
NBA-20251222-DET-POR-22,NBA,2025-12-23T03:00:00,POR,DET,102,110,0,,,,,,,,,"{""indoor"": true}"
NBA-20251223-WSH-CHA-19,NBA,2025-12-24T00:00:00,CHA,WSH,126,109,0,,,,,,,,,"{""indoor"": true}"
NBA-20251223-BKN-PHI-19,NBA,2025-12-24T00:00:00,PHI,BKN,106,114,0,,,,,,,,,"{""indoor"": true}"
NBA-20251223-CHI-ATL-19,NBA,2025-12-24T00:30:00,ATL,CHI,123,126,0,,,,,,,,,"{""indoor"": true}"
NBA-20251223-NO-CLE-19,NBA,2025-12-24T00:30:00,CLE,NO,141,118,0,,,,,,,,,"{""indoor"": true}"
NBA-20251223-MIL-IND-19,NBA,2025-12-24T00:30:00,IND,MIL,94,111,0,,,,,,,,,"{""indoor"": true}"
NBA-20251223-TOR-MIA-19,NBA,2025-12-24T00:30:00,MIA,TOR,91,112,0,,,,,,,,,"{""indoor"": true}"
NBA-20251223-DEN-DAL-20,NBA,2025-12-24T01:00:00,DAL,DEN,131,130,0,,,,,,,,,"{""indoor"": true}"
NBA-20251223-NY-MIN-20,NBA,2025-12-24T01:00:00,MIN,NY,115,104,0,,,,,,,,,"{""indoor"": true}"
NBA-20251223-OKC-SA-20,NBA,2025-12-24T01:30:00,SA,OKC,130,110,0,,,,,,,,,"{""indoor"": true}"
NBA-20251223-LAL-PHX-21,NBA,2025-12-24T02:00:00,PHX,LAL,132,108,0,,,,,,,,,"{""indoor"": true}"
NBA-20251223-MEM-UTAH-21,NBA,2025-12-24T02:00:00,UTAH,MEM,128,137,0,,,,,,,,,"{""indoor"": true}"
NBA-20251223-ORL-POR-22,NBA,2025-12-24T03:00:00,POR,ORL,106,110,0,,,,,,,,,"{""indoor"": true}"
NBA-20251223-DET-SAC-22,NBA,2025-12-24T03:00:00,SAC,DET,127,136,0,,,,,,,,,"{""indoor"": true}"
NBA-20251223-HOU-LAC-22,NBA,2025-12-24T03:30:00,LAC,HOU,128,108,0,,,,,,,,,"{""indoor"": true}"
NBA-20251225-CLE-NY-12,NBA,2025-12-25T17:00:00,NY,CLE,126,124,0,,,,,,,,,"{""indoor"": true}"
NBA-20251225-SA-OKC-14,NBA,2025-12-25T19:30:00,OKC,SA,102,117,0,,,,,,,,,"{""indoor"": true}"
NBA-20251225-DAL-GS-17,NBA,2025-12-25T22:17:00,GS,DAL,126,116,0,,,,,,,,,"{""indoor"": true}"
NBA-20251225-HOU-LAL-20,NBA,2025-12-26T01:00:00,LAL,HOU,96,119,0,,,,,,,,,"{""indoor"": true}"
NBA-20251225-MIN-DEN-22,NBA,2025-12-26T03:30:00,DEN,MIN,142,138,0,,,,,,,,,"{""indoor"": true}"
NBA-20251226-MIA-ATL-19,NBA,2025-12-27T00:00:00,ATL,MIA,111,126,0,,,,,,,,,"{""indoor"": true}"
NBA-20251226-CHA-ORL-19,NBA,2025-12-27T00:00:00,ORL,CHA,105,120,0,,,,,,,,,"{""indoor"": true}"
NBA-20251226-TOR-WSH-19,NBA,2025-12-27T00:00:00,WSH,TOR,138,117,0,,,,,,,,,"{""indoor"": true}"
NBA-20251226-BOS-IND-19,NBA,2025-12-27T00:00:00,IND,BOS,122,140,0,,,,,,,,,"{""indoor"": true}"
NBA-20251226-PHI-CHI-19,NBA,2025-12-27T00:30:00,CHI,PHI,109,102,0,,,,,,,,,"{""indoor"": true}"
NBA-20251226-MIL-MEM-20,NBA,2025-12-27T01:00:00,MEM,MIL,125,104,0,,,,,,,,,"{""indoor"": true}"
NBA-20251226-PHX-NO-20,NBA,2025-12-27T01:00:00,NO,PHX,108,115,0,,,,,,,,,"{""indoor"": true}"
NBA-20251226-DET-UTAH-21,NBA,2025-12-27T02:30:00,UTAH,DET,131,129,0,,,,,,,,,"{""indoor"": true}"
NBA-20251226-LAC-POR-22,NBA,2025-12-27T03:00:00,POR,LAC,103,119,0,,,,,,,,,"{""indoor"": true}"
NBA-20251227-DAL-SAC-17,NBA,2025-12-27T22:00:00,SAC,DAL,113,107,0,,,,,,,,,"{""indoor"": true}"
NBA-20251227-DEN-ORL-19,NBA,2025-12-28T00:00:00,ORL,DEN,127,126,0,,,,,,,,,"{""indoor"": true}"
NBA-20251227-PHX-NO-19,NBA,2025-12-28T00:00:00,NO,PHX,114,123,0,,,,,,,,,"{""indoor"": true}"
NBA-20251227-NY-ATL-20,NBA,2025-12-28T01:00:00,ATL,NY,125,128,0,,,,,,,,,"{""indoor"": true}"
NBA-20251227-IND-MIA-20,NBA,2025-12-28T01:00:00,MIA,IND,142,116,0,,,,,,,,,"{""indoor"": true}"
NBA-20251227-MIL-CHI-20,NBA,2025-12-28T01:00:00,CHI,MIL,103,112,0,,,,,,,,,"{""indoor"": true}"
NBA-20251227-CLE-HOU-20,NBA,2025-12-28T01:00:00,HOU,CLE,117,100,0,,,,,,,,,"{""indoor"": true}"
NBA-20251227-BKN-MIN-20,NBA,2025-12-28T01:00:00,MIN,BKN,107,123,0,,,,,,,,,"{""indoor"": true}"
NBA-20251227-UTAH-SA-20,NBA,2025-12-28T01:00:00,SA,UTAH,114,127,0,,,,,,,,,"{""indoor"": true}"
NBA-20251228-GS-TOR-15,NBA,2025-12-28T20:30:00,TOR,GS,141,127,0,,,,,,,,,"{""indoor"": true}"
NBA-20251228-PHI-OKC-15,NBA,2025-12-28T20:30:00,OKC,PHI,129,104,0,,,,,,,,,"{""indoor"": true}"
NBA-20251228-MEM-WSH-18,NBA,2025-12-28T23:00:00,WSH,MEM,116,112,0,,,,,,,,,"{""indoor"": true}"
NBA-20251228-BOS-POR-18,NBA,2025-12-28T23:00:00,POR,BOS,114,108,0,,,,,,,,,"{""indoor"": true}"
NBA-20251228-DET-LAC-21,NBA,2025-12-29T02:00:00,LAC,DET,112,99,0,,,,,,,,,"{""indoor"": true}"
NBA-20251228-SAC-LAL-21,NBA,2025-12-29T02:30:00,LAL,SAC,125,101,0,,,,,,,,,"{""indoor"": true}"
NBA-20251229-MIL-CHA-19,NBA,2025-12-30T00:00:00,CHA,MIL,113,123,0,,,,,,,,,"{""indoor"": true}"
NBA-20251229-PHX-WSH-19,NBA,2025-12-30T00:00:00,WSH,PHX,101,115,0,,,,,,,,,"{""indoor"": true}"
NBA-20251229-GS-BKN-19,NBA,2025-12-30T00:30:00,BKN,GS,107,120,0,,,,,,,,,"{""indoor"": true}"
NBA-20251229-DEN-MIA-19,NBA,2025-12-30T00:30:00,MIA,DEN,147,123,0,,,,,,,,,"{""indoor"": true}"
NBA-20251229-ORL-TOR-19,NBA,2025-12-30T00:30:00,TOR,ORL,107,106,0,,,,,,,,,"{""indoor"": true}"
NBA-20251229-MIN-CHI-20,NBA,2025-12-30T01:00:00,CHI,MIN,101,136,0,,,,,,,,,"{""indoor"": true}"
NBA-20251229-IND-HOU-20,NBA,2025-12-30T01:00:00,HOU,IND,126,119,0,,,,,,,,,"{""indoor"": true}"
NBA-20251229-NY-NO-20,NBA,2025-12-30T01:00:00,NO,NY,125,130,0,,,,,,,,,"{""indoor"": true}"
NBA-20251229-ATL-OKC-20,NBA,2025-12-30T01:00:00,OKC,ATL,140,129,0,,,,,,,,,"{""indoor"": true}"
NBA-20251229-CLE-SA-20,NBA,2025-12-30T01:00:00,SA,CLE,101,113,0,,,,,,,,,"{""indoor"": true}"
NBA-20251229-DAL-POR-22,NBA,2025-12-30T03:30:00,POR,DAL,125,122,0,,,,,,,,,"{""indoor"": true}"
NBA-20251230-PHI-MEM-20,NBA,2025-12-31T01:00:00,MEM,PHI,136,139,0,,,,,,,,,"{""indoor"": true}"
NBA-20251230-BOS-UTAH-21,NBA,2025-12-31T02:00:00,UTAH,BOS,119,129,0,,,,,,,,,"{""indoor"": true}"
NBA-20251230-DET-LAL-22,NBA,2025-12-31T03:30:00,LAL,DET,106,128,0,,,,,,,,,"{""indoor"": true}"
NBA-20251230-SAC-LAC-23,NBA,2025-12-31T04:00:00,LAC,SAC,131,90,0,,,,,,,,,"{""indoor"": true}"
NBA-20251231-GS-CHA-13,NBA,2025-12-31T18:00:00,CHA,GS,125,132,0,,,,,,,,,"{""indoor"": true}"
NBA-20251231-MIN-ATL-15,NBA,2025-12-31T20:00:00,ATL,MIN,126,102,0,,,,,,,,,"{""indoor"": true}"
NBA-20251231-ORL-IND-15,NBA,2025-12-31T20:00:00,IND,ORL,110,112,0,,,,,,,,,"{""indoor"": true}"
NBA-20251231-PHX-CLE-15,NBA,2025-12-31T20:30:00,CLE,PHX,129,113,0,,,,,,,,,"{""indoor"": true}"
NBA-20251231-NO-CHI-19,NBA,2026-01-01T00:00:00,CHI,NO,134,118,0,,,,,,,,,"{""indoor"": true}"
NBA-20251231-NY-SA-19,NBA,2026-01-01T00:00:00,SA,NY,134,132,0,,,,,,,,,"{""indoor"": true}"
NBA-20251231-DEN-TOR-19,NBA,2026-01-01T00:30:00,TOR,DEN,103,106,0,,,,,,,,,"{""indoor"": true}"
NBA-20251231-WSH-MIL-20,NBA,2026-01-01T01:00:00,MIL,WSH,113,114,0,,,,,,,,,"{""indoor"": true}"
NBA-20251231-POR-OKC-20,NBA,2026-01-01T01:00:00,OKC,POR,124,95,0,,,,,,,,,"{""indoor"": true}"
NBA-20260101-HOU-BKN-18,NBA,2026-01-01T23:00:00,BKN,HOU,96,120,0,,,,,,,,,"{""indoor"": true}"
NBA-20260101-MIA-DET-19,NBA,2026-01-02T00:00:00,DET,MIA,112,118,0,,,,,,,,,"{""indoor"": true}"
NBA-20260101-PHI-DAL-20,NBA,2026-01-02T01:30:00,DAL,PHI,108,123,0,,,,,,,,,"{""indoor"": true}"
NBA-20260101-BOS-SAC-22,NBA,2026-01-02T03:00:00,SAC,BOS,106,120,0,,,,,,,,,"{""indoor"": true}"
NBA-20260101-UTAH-LAC-22,NBA,2026-01-02T03:30:00,LAC,UTAH,118,101,0,,,,,,,,,"{""indoor"": true}"
NBA-20260102-SA-IND-19,NBA,2026-01-03T00:00:00,IND,SA,113,123,0,,,,,,,,,"{""indoor"": true}"
NBA-20260102-BKN-WSH-19,NBA,2026-01-03T00:00:00,WSH,BKN,119,99,0,,,,,,,,,"{""indoor"": true}"
NBA-20260102-DEN-CLE-19,NBA,2026-01-03T00:30:00,CLE,DEN,113,108,0,,,,,,,,,"{""indoor"": true}"
NBA-20260102-ATL-NY-19,NBA,2026-01-03T00:30:00,NY,ATL,99,111,0,,,,,,,,,"{""indoor"": true}"
NBA-20260102-ORL-CHI-20,NBA,2026-01-03T01:00:00,CHI,ORL,121,114,0,,,,,,,,,"{""indoor"": true}"
NBA-20260102-CHA-MIL-20,NBA,2026-01-03T01:00:00,MIL,CHA,122,121,0,,,,,,,,,"{""indoor"": true}"
NBA-20260102-POR-NO-20,NBA,2026-01-03T01:00:00,NO,POR,109,122,0,,,,,,,,,"{""indoor"": true}"
NBA-20260102-SAC-PHX-21,NBA,2026-01-03T02:00:00,PHX,SAC,129,102,0,,,,,,,,,"{""indoor"": true}"
NBA-20260102-OKC-GS-22,NBA,2026-01-03T03:00:00,GS,OKC,94,131,0,,,,,,,,,"{""indoor"": true}"
NBA-20260102-MEM-LAL-22,NBA,2026-01-03T03:30:00,LAL,MEM,128,121,0,,,,,,,,,"{""indoor"": true}"
NBA-20260103-MIN-MIA-17,NBA,2026-01-03T22:00:00,MIA,MIN,115,125,0,,,,,,,,,"{""indoor"": true}"
NBA-20260103-PHI-NY-19,NBA,2026-01-04T00:30:00,NY,PHI,119,130,0,,,,,,,,,"{""indoor"": true}"
NBA-20260103-ATL-TOR-19,NBA,2026-01-04T00:30:00,TOR,ATL,134,117,0,,,,,,,,,"{""indoor"": true}"
NBA-20260103-CHA-CHI-20,NBA,2026-01-04T01:00:00,CHI,CHA,99,112,0,,,,,,,,,"{""indoor"": true}"
NBA-20260103-POR-SA-20,NBA,2026-01-04T01:00:00,SA,POR,110,115,0,,,,,,,,,"{""indoor"": true}"
NBA-20260103-HOU-DAL-20,NBA,2026-01-04T01:30:00,DAL,HOU,110,104,0,,,,,,,,,"{""indoor"": true}"
NBA-20260103-UTAH-GS-22,NBA,2026-01-04T03:00:00,GS,UTAH,123,114,0,,,,,,,,,"{""indoor"": true}"
NBA-20260103-BOS-LAC-22,NBA,2026-01-04T03:30:00,LAC,BOS,115,146,0,,,,,,,,,"{""indoor"": true}"
NBA-20260104-DET-CLE-14,NBA,2026-01-04T19:00:00,CLE,DET,110,114,0,,,,,,,,,"{""indoor"": true}"
NBA-20260104-IND-ORL-15,NBA,2026-01-04T20:00:00,ORL,IND,135,127,0,,,,,,,,,"{""indoor"": true}"
NBA-20260104-DEN-BKN-15,NBA,2026-01-04T20:30:00,BKN,DEN,127,115,0,,,,,,,,,"{""indoor"": true}"
NBA-20260104-NO-MIA-18,NBA,2026-01-04T23:00:00,MIA,NO,125,106,0,,,,,,,,,"{""indoor"": true}"
NBA-20260104-MIN-WSH-18,NBA,2026-01-04T23:00:00,WSH,MIN,115,141,0,,,,,,,,,"{""indoor"": true}"
NBA-20260104-OKC-PHX-20,NBA,2026-01-05T01:00:00,PHX,OKC,108,105,0,,,,,,,,,"{""indoor"": true}"
NBA-20260104-MIL-SAC-21,NBA,2026-01-05T02:00:00,SAC,MIL,98,115,0,,,,,,,,,"{""indoor"": true}"
NBA-20260104-MEM-LAL-21,NBA,2026-01-05T02:30:00,LAL,MEM,120,114,0,,,,,,,,,"{""indoor"": true}"
NBA-20260105-NY-DET-19,NBA,2026-01-06T00:00:00,DET,NY,121,90,0,,,,,,,,,"{""indoor"": true}"
NBA-20260105-CHI-BOS-19,NBA,2026-01-06T00:30:00,BOS,CHI,115,101,0,,,,,,,,,"{""indoor"": true}"
NBA-20260105-ATL-TOR-19,NBA,2026-01-06T00:30:00,TOR,ATL,118,100,0,,,,,,,,,"{""indoor"": true}"
NBA-20260105-PHX-HOU-20,NBA,2026-01-06T01:00:00,HOU,PHX,100,97,0,,,,,,,,,"{""indoor"": true}"
NBA-20260105-CHA-OKC-20,NBA,2026-01-06T01:00:00,OKC,CHA,97,124,0,,,,,,,,,"{""indoor"": true}"
NBA-20260105-DEN-PHI-20,NBA,2026-01-06T01:30:00,PHI,DEN,124,125,0,,,,,,,,,"{""indoor"": true}"
NBA-20260105-GS-LAC-22,NBA,2026-01-06T03:00:00,LAC,GS,103,102,0,,,,,,,,,"{""indoor"": true}"
NBA-20260105-UTAH-POR-22,NBA,2026-01-06T03:00:00,POR,UTAH,137,117,0,,,,,,,,,"{""indoor"": true}"
NBA-20260106-CLE-IND-19,NBA,2026-01-07T00:00:00,IND,CLE,116,120,0,,,,,,,,,"{""indoor"": true}"
NBA-20260106-ORL-WSH-19,NBA,2026-01-07T00:00:00,WSH,ORL,120,112,0,,,,,,,,,"{""indoor"": true}"
NBA-20260106-SA-MEM-20,NBA,2026-01-07T01:00:00,MEM,SA,106,105,0,,,,,,,,,"{""indoor"": true}"
NBA-20260106-MIA-MIN-20,NBA,2026-01-07T01:00:00,MIN,MIA,122,94,0,,,,,,,,,"{""indoor"": true}"
NBA-20260106-LAL-NO-20,NBA,2026-01-07T01:00:00,NO,LAL,103,111,0,,,,,,,,,"{""indoor"": true}"
NBA-20260106-DAL-SAC-23,NBA,2026-01-07T04:00:00,SAC,DAL,98,100,0,,,,,,,,,"{""indoor"": true}"
NBA-20260107-TOR-CHA-19,NBA,2026-01-08T00:00:00,CHA,TOR,96,97,0,,,,,,,,,"{""indoor"": true}"
NBA-20260107-CHI-DET-19,NBA,2026-01-08T00:00:00,DET,CHI,108,93,0,,,,,,,,,"{""indoor"": true}"
NBA-20260107-WSH-PHI-19,NBA,2026-01-08T00:00:00,PHI,WSH,131,110,0,,,,,,,,,"{""indoor"": true}"
NBA-20260107-DEN-BOS-19,NBA,2026-01-08T00:00:00,BOS,DEN,110,114,0,,,,,,,,,"{""indoor"": true}"
NBA-20260107-NO-ATL-19,NBA,2026-01-08T00:30:00,ATL,NO,117,100,0,,,,,,,,,"{""indoor"": true}"
NBA-20260107-ORL-BKN-19,NBA,2026-01-08T00:30:00,BKN,ORL,103,104,0,,,,,,,,,"{""indoor"": true}"
NBA-20260107-LAC-NY-19,NBA,2026-01-08T00:30:00,NY,LAC,123,111,0,,,,,,,,,"{""indoor"": true}"
NBA-20260107-PHX-MEM-20,NBA,2026-01-08T01:00:00,MEM,PHX,98,117,0,,,,,,,,,"{""indoor"": true}"
NBA-20260107-UTAH-OKC-20,NBA,2026-01-08T01:00:00,OKC,UTAH,129,125,0,,,,,,,,,"{""indoor"": true}"
NBA-20260107-LAL-SA-21,NBA,2026-01-08T02:30:00,SA,LAL,107,91,0,,,,,,,,,"{""indoor"": true}"
NBA-20260107-MIL-GS-22,NBA,2026-01-08T03:00:00,GS,MIL,120,113,0,,,,,,,,,"{""indoor"": true}"
NBA-20260107-HOU-POR-22,NBA,2026-01-08T03:00:00,POR,HOU,103,102,0,,,,,,,,,"{""indoor"": true}"
NBA-20260108-IND-CHA-19,NBA,2026-01-09T00:00:00,CHA,IND,112,114,0,,,,,,,,,"{""indoor"": true}"
NBA-20260108-CLE-MIN-20,NBA,2026-01-09T01:00:00,MIN,CLE,131,122,0,,,,,,,,,"{""indoor"": true}"
NBA-20260108-DAL-UTAH-21,NBA,2026-01-09T02:00:00,UTAH,DAL,116,114,0,,,,,,,,,"{""indoor"": true}"
NBA-20260109-TOR-BOS-19,NBA,2026-01-10T00:00:00,BOS,TOR,125,117,0,,,,,,,,,"{""indoor"": true}"
NBA-20260109-PHI-ORL-19,NBA,2026-01-10T00:00:00,ORL,PHI,91,103,0,,,,,,,,,"{""indoor"": true}"
NBA-20260109-NO-WSH-19,NBA,2026-01-10T00:00:00,WSH,NO,107,128,0,,,,,,,,,"{""indoor"": true}"
NBA-20260109-LAC-BKN-19,NBA,2026-01-10T00:30:00,BKN,LAC,105,121,0,,,,,,,,,"{""indoor"": true}"
NBA-20260109-OKC-MEM-20,NBA,2026-01-10T01:00:00,MEM,OKC,116,117,0,,,,,,,,,"{""indoor"": true}"
NBA-20260109-ATL-DEN-21,NBA,2026-01-10T02:00:00,DEN,ATL,87,110,0,,,,,,,,,"{""indoor"": true}"
NBA-20260109-NY-PHX-21,NBA,2026-01-10T02:00:00,PHX,NY,112,107,0,,,,,,,,,"{""indoor"": true}"
NBA-20260109-SAC-GS-22,NBA,2026-01-10T03:00:00,GS,SAC,137,103,0,,,,,,,,,"{""indoor"": true}"
NBA-20260109-HOU-POR-22,NBA,2026-01-10T03:00:00,POR,HOU,111,105,0,,,,,,,,,"{""indoor"": true}"
NBA-20260109-MIL-LAL-22,NBA,2026-01-10T03:30:00,LAL,MIL,101,105,0,,,,,,,,,"{""indoor"": true}"
NBA-20260110-MIN-CLE-13,NBA,2026-01-10T18:00:00,CLE,MIN,146,134,0,,,,,,,,,"{""indoor"": true}"
NBA-20260110-MIA-IND-19,NBA,2026-01-11T00:00:00,IND,MIA,123,99,0,,,,,,,,,"{""indoor"": true}"
NBA-20260110-LAC-DET-19,NBA,2026-01-11T00:30:00,DET,LAC,92,98,0,,,,,,,,,"{""indoor"": true}"
NBA-20260110-SA-BOS-20,NBA,2026-01-11T01:00:00,BOS,SA,95,100,0,,,,,,,,,"{""indoor"": true}"
NBA-20260110-DAL-CHI-20,NBA,2026-01-11T01:00:00,CHI,DAL,125,107,0,,,,,,,,,"{""indoor"": true}"
NBA-20260110-CHA-UTAH-21,NBA,2026-01-11T02:30:00,UTAH,CHA,95,150,0,,,,,,,,,"{""indoor"": true}"
NBA-20260111-NO-ORL-15,NBA,2026-01-11T20:00:00,ORL,NO,128,118,0,,,,,,,,,"{""indoor"": true}"
NBA-20260111-BKN-MEM-15,NBA,2026-01-11T20:30:00,MEM,BKN,103,98,0,,,,,,,,,"{""indoor"": true}"
NBA-20260111-PHI-TOR-18,NBA,2026-01-11T23:00:00,TOR,PHI,116,115,0,,,,,,,,,"{""indoor"": true}"
NBA-20260111-NY-POR-18,NBA,2026-01-11T23:00:00,POR,NY,114,123,0,,,,,,,,,"{""indoor"": true}"
NBA-20260111-SA-MIN-19,NBA,2026-01-12T00:00:00,MIN,SA,104,103,0,,,,,,,,,"{""indoor"": true}"
NBA-20260111-MIA-OKC-19,NBA,2026-01-12T00:00:00,OKC,MIA,124,112,0,,,,,,,,,"{""indoor"": true}"
NBA-20260111-MIL-DEN-20,NBA,2026-01-12T01:00:00,DEN,MIL,108,104,0,,,,,,,,,"{""indoor"": true}"
NBA-20260111-WSH-PHX-20,NBA,2026-01-12T01:00:00,PHX,WSH,112,93,0,,,,,,,,,"{""indoor"": true}"
NBA-20260111-ATL-GS-20,NBA,2026-01-12T01:30:00,GS,ATL,111,124,0,,,,,,,,,"{""indoor"": true}"
NBA-20260111-HOU-SAC-21,NBA,2026-01-12T02:00:00,SAC,HOU,111,98,0,,,,,,,,,"{""indoor"": true}"
NBA-20260112-UTAH-CLE-19,NBA,2026-01-13T00:00:00,CLE,UTAH,112,123,0,,,,,,,,,"{""indoor"": true}"
NBA-20260112-BOS-IND-19,NBA,2026-01-13T00:30:00,IND,BOS,98,96,0,,,,,,,,,"{""indoor"": true}"
NBA-20260112-PHI-TOR-19,NBA,2026-01-13T00:30:00,TOR,PHI,102,115,0,,,,,,,,,"{""indoor"": true}"
NBA-20260112-BKN-DAL-20,NBA,2026-01-13T01:30:00,DAL,BKN,113,105,0,,,,,,,,,"{""indoor"": true}"
NBA-20260112-LAL-SAC-22,NBA,2026-01-13T03:00:00,SAC,LAL,124,112,0,,,,,,,,,"{""indoor"": true}"
NBA-20260112-CHA-LAC-22,NBA,2026-01-13T03:30:00,LAC,CHA,117,109,0,,,,,,,,,"{""indoor"": true}"
NBA-20260113-PHX-MIA-19,NBA,2026-01-14T00:30:00,MIA,PHX,127,121,0,,,,,,,,,"{""indoor"": true}"
NBA-20260113-CHI-HOU-20,NBA,2026-01-14T01:00:00,HOU,CHI,119,113,0,,,,,,,,,"{""indoor"": true}"
NBA-20260113-MIN-MIL-20,NBA,2026-01-14T01:00:00,MIL,MIN,106,139,0,,,,,,,,,"{""indoor"": true}"
NBA-20260113-DEN-NO-20,NBA,2026-01-14T01:00:00,NO,DEN,116,122,0,,,,,,,,,"{""indoor"": true}"
NBA-20260113-SA-OKC-20,NBA,2026-01-14T01:00:00,OKC,SA,119,98,0,,,,,,,,,"{""indoor"": true}"
NBA-20260113-ATL-LAL-22,NBA,2026-01-14T03:30:00,LAL,ATL,141,116,0,,,,,,,,,"{""indoor"": true}"
NBA-20260113-POR-GS-23,NBA,2026-01-14T04:00:00,GS,POR,119,97,0,,,,,,,,,"{""indoor"": true}"
NBA-20260114-TOR-IND-19,NBA,2026-01-15T00:00:00,IND,TOR,101,115,0,,,,,,,,,"{""indoor"": true}"
NBA-20260114-CLE-PHI-19,NBA,2026-01-15T00:00:00,PHI,CLE,107,133,0,,,,,,,,,"{""indoor"": true}"
NBA-20260114-UTAH-CHI-20,NBA,2026-01-15T01:00:00,CHI,UTAH,128,126,0,,,,,,,,,"{""indoor"": true}"
NBA-20260114-BKN-NO-20,NBA,2026-01-15T01:00:00,NO,BKN,116,113,0,,,,,,,,,"{""indoor"": true}"
NBA-20260114-DEN-DAL-21,NBA,2026-01-15T02:30:00,DAL,DEN,109,118,0,,,,,,,,,"{""indoor"": true}"
NBA-20260114-NY-SAC-22,NBA,2026-01-15T03:00:00,SAC,NY,112,101,0,,,,,,,,,"{""indoor"": true}"
NBA-20260114-WSH-LAC-22,NBA,2026-01-15T03:30:00,LAC,WSH,119,105,0,,,,,,,,,"{""indoor"": true}"
NBA-20260115-MEM-ORL-14,NBA,2026-01-15T19:00:00,ORL,MEM,118,111,1,,,,,,,,,"{""indoor"": true}"
NBA-20260115-PHX-DET-19,NBA,2026-01-16T00:00:00,DET,PHX,108,105,0,,,,,,,,,"{""indoor"": true}"
NBA-20260115-BOS-MIA-19,NBA,2026-01-16T00:30:00,MIA,BOS,114,119,0,,,,,,,,,"{""indoor"": true}"
NBA-20260115-OKC-HOU-19,NBA,2026-01-16T00:30:00,HOU,OKC,91,111,0,,,,,,,,,"{""indoor"": true}"
NBA-20260115-MIL-SA-20,NBA,2026-01-16T01:00:00,SA,MIL,119,101,0,,,,,,,,,"{""indoor"": true}"
NBA-20260115-UTAH-DAL-20,NBA,2026-01-16T01:30:00,DAL,UTAH,144,122,0,,,,,,,,,"{""indoor"": true}"
NBA-20260115-NY-GS-22,NBA,2026-01-16T03:00:00,GS,NY,126,113,0,,,,,,,,,"{""indoor"": true}"
NBA-20260115-ATL-POR-22,NBA,2026-01-16T03:00:00,POR,ATL,117,101,0,,,,,,,,,"{""indoor"": true}"
NBA-20260115-CHA-LAL-22,NBA,2026-01-16T03:30:00,LAL,CHA,117,135,0,,,,,,,,,"{""indoor"": true}"
NBA-20260116-NO-IND-19,NBA,2026-01-17T00:00:00,IND,NO,127,119,0,,,,,,,,,"{""indoor"": true}"
NBA-20260116-CLE-PHI-19,NBA,2026-01-17T00:00:00,PHI,CLE,115,117,0,,,,,,,,,"{""indoor"": true}"
NBA-20260116-CHI-BKN-19,NBA,2026-01-17T00:30:00,BKN,CHI,112,109,0,,,,,,,,,"{""indoor"": true}"
NBA-20260116-LAC-TOR-19,NBA,2026-01-17T00:30:00,TOR,LAC,117,121,0,,,,,,,,,"{""indoor"": true}"
NBA-20260116-MIN-HOU-21,NBA,2026-01-17T02:30:00,HOU,MIN,110,105,0,,,,,,,,,"{""indoor"": true}"
NBA-20260116-WSH-SAC-22,NBA,2026-01-17T03:00:00,SAC,WSH,128,115,0,,,,,,,,,"{""indoor"": true}"
NBA-20260117-UTAH-DAL-17,NBA,2026-01-17T22:00:00,DAL,UTAH,138,120,0,,,,,,,,,"{""indoor"": true}"
NBA-20260117-BOS-ATL-19,NBA,2026-01-18T00:30:00,ATL,BOS,106,132,0,,,,,,,,,"{""indoor"": true}"
NBA-20260117-IND-DET-19,NBA,2026-01-18T00:30:00,DET,IND,121,78,0,,,,,,,,,"{""indoor"": true}"
NBA-20260117-PHX-NY-19,NBA,2026-01-18T00:30:00,NY,PHX,99,106,0,,,,,,,,,"{""indoor"": true}"
NBA-20260117-OKC-MIA-20,NBA,2026-01-18T01:00:00,MIA,OKC,122,120,0,,,,,,,,,"{""indoor"": true}"
NBA-20260117-MIN-SA-20,NBA,2026-01-18T01:00:00,SA,MIN,126,123,0,,,,,,,,,"{""indoor"": true}"
NBA-20260117-CHA-GS-20,NBA,2026-01-18T01:30:00,GS,CHA,136,116,0,,,,,,,,,"{""indoor"": true}"
NBA-20260117-WSH-DEN-21,NBA,2026-01-18T02:00:00,DEN,WSH,121,115,0,,,,,,,,,"{""indoor"": true}"
NBA-20260117-LAL-POR-22,NBA,2026-01-18T03:00:00,POR,LAL,132,116,0,,,,,,,,,"{""indoor"": true}"
NBA-20260118-ORL-MEM-12,NBA,2026-01-18T17:00:00,MEM,ORL,126,109,1,,,,,,,,,"{""indoor"": true}"
NBA-20260118-BKN-CHI-19,NBA,2026-01-19T00:00:00,CHI,BKN,124,102,0,,,,,,,,,"{""indoor"": true}"
NBA-20260118-NO-HOU-19,NBA,2026-01-19T00:00:00,HOU,NO,119,110,0,,,,,,,,,"{""indoor"": true}"
NBA-20260118-CHA-DEN-20,NBA,2026-01-19T01:00:00,DEN,CHA,87,110,0,,,,,,,,,"{""indoor"": true}"
NBA-20260118-POR-SAC-21,NBA,2026-01-19T02:00:00,SAC,POR,110,117,0,,,,,,,,,"{""indoor"": true}"
NBA-20260118-TOR-LAL-21,NBA,2026-01-19T02:30:00,LAL,TOR,110,93,0,,,,,,,,,"{""indoor"": true}"
NBA-20260119-MIL-ATL-13,NBA,2026-01-19T18:00:00,ATL,MIL,110,112,0,,,,,,,,,"{""indoor"": true}"
NBA-20260119-OKC-CLE-14,NBA,2026-01-19T19:30:00,CLE,OKC,104,136,0,,,,,,,,,"{""indoor"": true}"
NBA-20260119-LAC-WSH-15,NBA,2026-01-19T20:00:00,WSH,LAC,106,110,0,,,,,,,,,"{""indoor"": true}"
NBA-20260119-DAL-NY-17,NBA,2026-01-19T22:00:00,NY,DAL,97,114,0,,,,,,,,,"{""indoor"": true}"
NBA-20260119-UTAH-SA-17,NBA,2026-01-19T22:00:00,SA,UTAH,123,110,0,,,,,,,,,"{""indoor"": true}"
NBA-20260119-IND-PHI-19,NBA,2026-01-20T00:00:00,PHI,IND,113,104,0,,,,,,,,,"{""indoor"": true}"
NBA-20260119-PHX-BKN-19,NBA,2026-01-20T00:30:00,BKN,PHX,117,126,0,,,,,,,,,"{""indoor"": true}"
NBA-20260119-BOS-DET-20,NBA,2026-01-20T01:00:00,DET,BOS,104,103,0,,,,,,,,,"{""indoor"": true}"
NBA-20260119-MIA-GS-22,NBA,2026-01-20T03:00:00,GS,MIA,135,112,0,,,,,,,,,"{""indoor"": true}"
NBA-20260120-PHX-PHI-19,NBA,2026-01-21T00:00:00,PHI,PHX,110,116,0,,,,,,,,,"{""indoor"": true}"
NBA-20260120-LAC-CHI-20,NBA,2026-01-21T01:00:00,CHI,LAC,138,110,0,,,,,,,,,"{""indoor"": true}"
NBA-20260120-SA-HOU-20,NBA,2026-01-21T01:00:00,HOU,SA,111,106,0,,,,,,,,,"{""indoor"": true}"
NBA-20260120-MIN-UTAH-21,NBA,2026-01-21T02:00:00,UTAH,MIN,127,122,0,,,,,,,,,"{""indoor"": true}"
NBA-20260120-LAL-DEN-22,NBA,2026-01-21T03:00:00,DEN,LAL,107,115,0,,,,,,,,,"{""indoor"": true}"
NBA-20260120-TOR-GS-22,NBA,2026-01-21T03:00:00,GS,TOR,127,145,0,,,,,,,,,"{""indoor"": true}"
NBA-20260120-MIA-SAC-22,NBA,2026-01-21T03:00:00,SAC,MIA,117,130,0,,,,,,,,,"{""indoor"": true}"
NBA-20260121-CLE-CHA-19,NBA,2026-01-22T00:00:00,CHA,CLE,87,94,0,,,,,,,,,"{""indoor"": true}"
NBA-20260121-IND-BOS-19,NBA,2026-01-22T00:30:00,BOS,IND,119,104,0,,,,,,,,,"{""indoor"": true}"
NBA-20260121-BKN-NY-19,NBA,2026-01-22T00:30:00,NY,BKN,120,66,0,,,,,,,,,"{""indoor"": true}"
NBA-20260121-ATL-MEM-20,NBA,2026-01-22T01:00:00,MEM,ATL,122,124,0,,,,,,,,,"{""indoor"": true}"
NBA-20260121-DET-NO-20,NBA,2026-01-22T01:00:00,NO,DET,104,112,0,,,,,,,,,"{""indoor"": true}"
NBA-20260121-OKC-MIL-21,NBA,2026-01-22T02:30:00,MIL,OKC,102,122,0,,,,,,,,,"{""indoor"": true}"
NBA-20260121-TOR-SAC-22,NBA,2026-01-22T03:00:00,SAC,TOR,109,122,0,,,,,,,,,"{""indoor"": true}"
NBA-20260122-CHA-ORL-19,NBA,2026-01-23T00:00:00,ORL,CHA,97,124,0,,,,,,,,,"{""indoor"": true}"
NBA-20260122-HOU-PHI-19,NBA,2026-01-23T00:00:00,PHI,HOU,128,122,0,,,,,,,,,"{""indoor"": true}"
NBA-20260122-DEN-WSH-19,NBA,2026-01-23T00:00:00,WSH,DEN,97,107,0,,,,,,,,,"{""indoor"": true}"
NBA-20260122-GS-DAL-19,NBA,2026-01-23T00:30:00,DAL,GS,123,115,0,,,,,,,,,"{""indoor"": true}"
NBA-20260122-CHI-MIN-20,NBA,2026-01-23T01:00:00,MIN,CHI,115,120,0,,,,,,,,,"{""indoor"": true}"
NBA-20260122-SA-UTAH-21,NBA,2026-01-23T02:00:00,UTAH,SA,109,126,0,,,,,,,,,"{""indoor"": true}"
NBA-20260122-LAL-LAC-22,NBA,2026-01-23T03:00:00,LAC,LAL,112,104,0,,,,,,,,,"{""indoor"": true}"
NBA-20260122-MIA-POR-22,NBA,2026-01-23T03:00:00,POR,MIA,127,110,0,,,,,,,,,"{""indoor"": true}"
NBA-20260123-HOU-DET-19,NBA,2026-01-24T00:00:00,DET,HOU,104,111,0,,,,,,,,,"{""indoor"": true}"
NBA-20260123-PHX-ATL-19,NBA,2026-01-24T00:30:00,ATL,PHX,110,103,0,,,,,,,,,"{""indoor"": true}"
NBA-20260123-BOS-BKN-19,NBA,2026-01-24T00:30:00,BKN,BOS,126,130,0,,,,,,,,,"{""indoor"": true}"
NBA-20260123-SAC-CLE-19,NBA,2026-01-24T00:30:00,CLE,SAC,123,118,0,,,,,,,,,"{""indoor"": true}"
NBA-20260123-NO-MEM-20,NBA,2026-01-24T01:00:00,MEM,NO,127,133,0,,,,,,,,,"{""indoor"": true}"
NBA-20260123-IND-OKC-20,NBA,2026-01-24T01:00:00,OKC,IND,114,117,0,,,,,,,,,"{""indoor"": true}"
NBA-20260123-DEN-MIL-21,NBA,2026-01-24T02:30:00,MIL,DEN,100,102,0,,,,,,,,,"{""indoor"": true}"
NBA-20260123-TOR-POR-22,NBA,2026-01-24T03:00:00,POR,TOR,98,110,0,,,,,,,,,"{""indoor"": true}"
NBA-20260124-WSH-CHA-12,NBA,2026-01-24T17:00:00,CHA,WSH,119,115,0,,,,,,,,,"{""indoor"": true}"
NBA-20260124-NY-PHI-15,NBA,2026-01-24T20:00:00,PHI,NY,109,112,0,,,,,,,,,"{""indoor"": true}"
NBA-20260124-CLE-ORL-19,NBA,2026-01-25T00:00:00,ORL,CLE,105,119,0,,,,,,,,,"{""indoor"": true}"
NBA-20260124-BOS-CHI-20,NBA,2026-01-25T01:00:00,CHI,BOS,114,111,0,,,,,,,,,"{""indoor"": true}"
NBA-20260124-LAL-DAL-20,NBA,2026-01-25T01:30:00,DAL,LAL,110,116,0,,,,,,,,,"{""indoor"": true}"
NBA-20260124-MIA-UTAH-21,NBA,2026-01-25T02:30:00,UTAH,MIA,116,147,0,,,,,,,,,"{""indoor"": true}"
NBA-20260125-SAC-DET-15,NBA,2026-01-25T20:00:00,DET,SAC,139,116,0,,,,,,,,,"{""indoor"": true}"
NBA-20260125-GS-MIN-17,NBA,2026-01-25T22:30:00,MIN,GS,85,111,0,,,,,,,,,"{""indoor"": true}"
NBA-20260125-TOR-OKC-19,NBA,2026-01-26T00:00:00,OKC,TOR,101,103,0,,,,,,,,,"{""indoor"": true}"
NBA-20260125-NO-SA-19,NBA,2026-01-26T00:00:00,SA,NO,95,104,0,,,,,,,,,"{""indoor"": true}"
NBA-20260125-MIA-PHX-20,NBA,2026-01-26T01:00:00,PHX,MIA,102,111,0,,,,,,,,,"{""indoor"": true}"
NBA-20260125-BKN-LAC-21,NBA,2026-01-26T02:00:00,LAC,BKN,126,89,0,,,,,,,,,"{""indoor"": true}"
NBA-20260126-IND-ATL-13,NBA,2026-01-26T18:30:00,ATL,IND,132,116,0,,,,,,,,,"{""indoor"": true}"
NBA-20260126-PHI-CHA-15,NBA,2026-01-26T20:00:00,CHA,PHI,130,93,0,,,,,,,,,"{""indoor"": true}"
NBA-20260126-ORL-CLE-19,NBA,2026-01-27T00:00:00,CLE,ORL,114,98,0,,,,,,,,,"{""indoor"": true}"
NBA-20260126-POR-BOS-20,NBA,2026-01-27T01:00:00,BOS,POR,102,94,0,,,,,,,,,"{""indoor"": true}"
NBA-20260126-LAL-CHI-20,NBA,2026-01-27T01:00:00,CHI,LAL,118,129,0,,,,,,,,,"{""indoor"": true}"
NBA-20260126-MEM-HOU-20,NBA,2026-01-27T01:00:00,HOU,MEM,108,99,0,,,,,,,,,"{""indoor"": true}"
NBA-20260126-GS-MIN-21,NBA,2026-01-27T02:30:00,MIN,GS,108,83,0,,,,,,,,,"{""indoor"": true}"
NBA-20260127-POR-WSH-19,NBA,2026-01-28T00:00:00,WSH,POR,115,111,0,,,,,,,,,"{""indoor"": true}"
NBA-20260127-SAC-NY-19,NBA,2026-01-28T00:30:00,NY,SAC,103,87,0,,,,,,,,,"{""indoor"": true}"
NBA-20260127-MIL-PHI-20,NBA,2026-01-28T01:00:00,PHI,MIL,139,122,0,,,,,,,,,"{""indoor"": true}"
NBA-20260127-NO-OKC-20,NBA,2026-01-28T01:00:00,OKC,NO,104,95,0,,,,,,,,,"{""indoor"": true}"
NBA-20260127-DET-DEN-21,NBA,2026-01-28T02:00:00,DEN,DET,107,109,0,,,,,,,,,"{""indoor"": true}"
NBA-20260127-BKN-PHX-21,NBA,2026-01-28T02:00:00,PHX,BKN,106,102,0,,,,,,,,,"{""indoor"": true}"
NBA-20260127-LAC-UTAH-22,NBA,2026-01-28T03:00:00,UTAH,LAC,103,115,0,,,,,,,,,"{""indoor"": true}"
NBA-20260128-LAL-CLE-19,NBA,2026-01-29T00:00:00,CLE,LAL,129,99,0,,,,,,,,,"{""indoor"": true}"
NBA-20260128-CHI-IND-19,NBA,2026-01-29T00:00:00,IND,CHI,113,110,0,,,,,,,,,"{""indoor"": true}"
NBA-20260128-ATL-BOS-19,NBA,2026-01-29T00:30:00,BOS,ATL,106,117,0,,,,,,,,,"{""indoor"": true}"
NBA-20260128-ORL-MIA-19,NBA,2026-01-29T00:30:00,MIA,ORL,124,133,0,,,,,,,,,"{""indoor"": true}"
NBA-20260128-NY-TOR-19,NBA,2026-01-29T00:30:00,TOR,NY,92,119,0,,,,,,,,,"{""indoor"": true}"
NBA-20260128-CHA-MEM-20,NBA,2026-01-29T01:00:00,MEM,CHA,97,112,0,,,,,,,,,"{""indoor"": true}"
NBA-20260128-MIN-DAL-20,NBA,2026-01-29T01:30:00,DAL,MIN,105,118,0,,,,,,,,,"{""indoor"": true}"
NBA-20260128-GS-UTAH-21,NBA,2026-01-29T02:00:00,UTAH,GS,124,140,0,,,,,,,,,"{""indoor"": true}"
NBA-20260128-SA-HOU-21,NBA,2026-01-29T02:42:00,HOU,SA,99,111,0,,,,,,,,,"{""indoor"": true}"
NBA-20260129-SAC-PHI-19,NBA,2026-01-30T00:00:00,PHI,SAC,113,111,0,,,,,,,,,"{""indoor"": true}"
NBA-20260129-MIL-WSH-19,NBA,2026-01-30T00:00:00,WSH,MIL,109,99,0,,,,,,,,,"{""indoor"": true}"
NBA-20260129-HOU-ATL-20,NBA,2026-01-30T01:00:00,ATL,HOU,86,104,0,,,,,,,,,"{""indoor"": true}"
NBA-20260129-MIA-CHI-20,NBA,2026-01-30T01:00:00,CHI,MIA,113,116,0,,,,,,,,,"{""indoor"": true}"
NBA-20260129-CHA-DAL-20,NBA,2026-01-30T01:30:00,DAL,CHA,121,123,0,,,,,,,,,"{""indoor"": true}"
NBA-20260129-BKN-DEN-21,NBA,2026-01-30T02:00:00,DEN,BKN,107,103,0,,,,,,,,,"{""indoor"": true}"
NBA-20260129-DET-PHX-21,NBA,2026-01-30T02:00:00,PHX,DET,114,96,0,,,,,,,,,"{""indoor"": true}"
NBA-20260129-OKC-MIN-21,NBA,2026-01-30T02:30:00,MIN,OKC,123,111,0,,,,,,,,,"{""indoor"": true}"
NBA-20260130-LAL-WSH-19,NBA,2026-01-31T00:00:00,WSH,LAL,111,142,0,,,,,,,,,"{""indoor"": true}"
NBA-20260130-TOR-ORL-19,NBA,2026-01-31T00:30:00,ORL,TOR,130,120,0,,,,,,,,,"{""indoor"": true}"
NBA-20260130-SAC-BOS-19,NBA,2026-01-31T00:30:00,BOS,SAC,112,93,0,,,,,,,,,"{""indoor"": true}"
NBA-20260130-POR-NY-19,NBA,2026-01-31T00:30:00,NY,POR,127,97,0,,,,,,,,,"{""indoor"": true}"
NBA-20260130-MEM-NO-19,NBA,2026-01-31T00:30:00,NO,MEM,114,106,0,,,,,,,,,"{""indoor"": true}"
NBA-20260130-CLE-PHX-21,NBA,2026-01-31T02:00:00,PHX,CLE,126,113,0,,,,,,,,,"{""indoor"": true}"
NBA-20260130-LAC-DEN-21,NBA,2026-01-31T02:00:00,DEN,LAC,122,109,0,,,,,,,,,"{""indoor"": true}"
NBA-20260130-BKN-UTAH-21,NBA,2026-01-31T02:30:00,UTAH,BKN,99,109,0,,,,,,,,,"{""indoor"": true}"
NBA-20260130-DET-GS-22,NBA,2026-01-31T03:00:00,GS,DET,124,131,0,,,,,,,,,"{""indoor"": true}"
NBA-20260131-SA-CHA-12,NBA,2026-01-31T17:00:00,CHA,SA,111,106,0,,,,,,,,,"{""indoor"": true}"
NBA-20260131-ATL-IND-19,NBA,2026-02-01T00:00:00,IND,ATL,129,124,0,,,,,,,,,"{""indoor"": true}"
NBA-20260131-NO-PHI-19,NBA,2026-02-01T00:30:00,PHI,NO,124,114,0,,,,,,,,,"{""indoor"": true}"
NBA-20260131-CHI-MIA-20,NBA,2026-02-01T01:00:00,MIA,CHI,118,125,0,,,,,,,,,"{""indoor"": true}"
NBA-20260131-MIN-MEM-20,NBA,2026-02-01T01:00:00,MEM,MIN,114,131,0,,,,,,,,,"{""indoor"": true}"
NBA-20260131-DAL-HOU-20,NBA,2026-02-01T01:30:00,HOU,DAL,111,107,0,,,,,,,,,"{""indoor"": true}"
NBA-20260201-MIL-BOS-15,NBA,2026-02-01T20:30:00,BOS,MIL,107,79,0,,,,,,,,,"{""indoor"": true}"
NBA-20260201-BKN-DET-18,NBA,2026-02-01T23:00:00,DET,BKN,130,77,0,,,,,,,,,"{""indoor"": true}"
NBA-20260201-CHI-MIA-18,NBA,2026-02-01T23:00:00,MIA,CHI,134,91,0,,,,,,,,,"{""indoor"": true}"
NBA-20260201-UTAH-TOR-18,NBA,2026-02-01T23:00:00,TOR,UTAH,107,100,0,,,,,,,,,"{""indoor"": true}"
NBA-20260201-SAC-WSH-18,NBA,2026-02-01T23:00:00,WSH,SAC,116,112,0,,,,,,,,,"{""indoor"": true}"
NBA-20260201-LAL-NY-19,NBA,2026-02-02T00:00:00,NY,LAL,112,100,0,,,,,,,,,"{""indoor"": true}"
NBA-20260201-LAC-PHX-20,NBA,2026-02-02T01:00:00,PHX,LAC,93,117,0,,,,,,,,,"{""indoor"": true}"
NBA-20260201-ORL-SA-21,NBA,2026-02-02T02:00:00,SA,ORL,112,103,0,,,,,,,,,"{""indoor"": true}"
NBA-20260201-CLE-POR-21,NBA,2026-02-02T02:00:00,POR,CLE,111,130,0,,,,,,,,,"{""indoor"": true}"
NBA-20260201-OKC-DEN-21,NBA,2026-02-02T02:30:00,DEN,OKC,111,121,0,,,,,,,,,"{""indoor"": true}"
NBA-20260202-NO-CHA-15,NBA,2026-02-02T20:00:00,CHA,NO,102,95,0,,,,,,,,,"{""indoor"": true}"
NBA-20260202-HOU-IND-19,NBA,2026-02-03T00:00:00,IND,HOU,114,118,0,,,,,,,,,"{""indoor"": true}"
NBA-20260202-MIN-MEM-19,NBA,2026-02-03T00:30:00,MEM,MIN,137,128,0,,,,,,,,,"{""indoor"": true}"
NBA-20260202-PHI-LAC-22,NBA,2026-02-03T03:00:00,LAC,PHI,113,128,0,,,,,,,,,"{""indoor"": true}"
NBA-20260203-DEN-DET-19,NBA,2026-02-04T00:00:00,DET,DEN,124,121,0,,,,,,,,,"{""indoor"": true}"
NBA-20260203-UTAH-IND-19,NBA,2026-02-04T00:00:00,IND,UTAH,122,131,0,,,,,,,,,"{""indoor"": true}"
NBA-20260203-NY-WSH-19,NBA,2026-02-04T00:00:00,WSH,NY,101,132,0,,,,,,,,,"{""indoor"": true}"
NBA-20260203-LAL-BKN-19,NBA,2026-02-04T00:30:00,BKN,LAL,109,125,0,,,,,,,,,"{""indoor"": true}"
NBA-20260203-ATL-MIA-19,NBA,2026-02-04T00:30:00,MIA,ATL,115,127,0,,,,,,,,,"{""indoor"": true}"
NBA-20260203-BOS-DAL-20,NBA,2026-02-04T01:00:00,DAL,BOS,100,110,0,,,,,,,,,"{""indoor"": true}"
NBA-20260203-CHI-MIL-20,NBA,2026-02-04T01:00:00,MIL,CHI,131,115,0,,,,,,,,,"{""indoor"": true}"
NBA-20260203-ORL-OKC-20,NBA,2026-02-04T01:00:00,OKC,ORL,128,92,0,,,,,,,,,"{""indoor"": true}"
NBA-20260203-PHI-GS-22,NBA,2026-02-04T03:00:00,GS,PHI,94,113,0,,,,,,,,,"{""indoor"": true}"
NBA-20260203-PHX-POR-23,NBA,2026-02-04T04:00:00,POR,PHX,125,130,0,,,,,,,,,"{""indoor"": true}"
NBA-20260204-DEN-NY-19,NBA,2026-02-05T00:00:00,NY,DEN,134,127,0,,,,,,,,,"{""indoor"": true}"
NBA-20260204-MIN-TOR-19,NBA,2026-02-05T00:30:00,TOR,MIN,126,128,0,,,,,,,,,"{""indoor"": true}"
NBA-20260204-BOS-HOU-20,NBA,2026-02-05T01:00:00,HOU,BOS,93,114,0,,,,,,,,,"{""indoor"": true}"
NBA-20260204-NO-MIL-20,NBA,2026-02-05T01:00:00,MIL,NO,141,137,0,,,,,,,,,"{""indoor"": true}"
NBA-20260204-OKC-SA-21,NBA,2026-02-05T02:30:00,SA,OKC,116,106,0,,,,,,,,,"{""indoor"": true}"
NBA-20260204-MEM-SAC-22,NBA,2026-02-05T03:00:00,SAC,MEM,125,129,0,,,,,,,,,"{""indoor"": true}"
NBA-20260204-CLE-LAC-22,NBA,2026-02-05T03:30:00,LAC,CLE,91,124,0,,,,,,,,,"{""indoor"": true}"
NBA-20260205-WSH-DET-19,NBA,2026-02-06T00:00:00,DET,WSH,117,126,0,,,,,,,,,"{""indoor"": true}"
NBA-20260205-BKN-ORL-19,NBA,2026-02-06T00:00:00,ORL,BKN,118,98,0,,,,,,,,,"{""indoor"": true}"
NBA-20260205-UTAH-ATL-19,NBA,2026-02-06T00:30:00,ATL,UTAH,121,119,0,,,,,,,,,"{""indoor"": true}"
NBA-20260205-CHI-TOR-19,NBA,2026-02-06T00:30:00,TOR,CHI,123,107,0,,,,,,,,,"{""indoor"": true}"
NBA-20260205-CHA-HOU-20,NBA,2026-02-06T01:00:00,HOU,CHA,99,109,0,,,,,,,,,"{""indoor"": true}"
NBA-20260205-SA-DAL-20,NBA,2026-02-06T01:30:00,DAL,SA,123,135,0,,,,,,,,,"{""indoor"": true}"
NBA-20260205-GS-PHX-22,NBA,2026-02-06T03:00:00,PHX,GS,97,101,0,,,,,,,,,"{""indoor"": true}"
NBA-20260205-PHI-LAL-22,NBA,2026-02-06T03:00:00,LAL,PHI,119,115,0,,,,,,,,,"{""indoor"": true}"
NBA-20260206-MIA-BOS-19,NBA,2026-02-07T00:30:00,BOS,MIA,98,96,0,,,,,,,,,"{""indoor"": true}"
NBA-20260206-NY-DET-19,NBA,2026-02-07T00:30:00,DET,NY,118,80,0,,,,,,,,,"{""indoor"": true}"
NBA-20260206-IND-MIL-20,NBA,2026-02-07T01:00:00,MIL,IND,105,99,0,,,,,,,,,"{""indoor"": true}"
NBA-20260206-NO-MIN-20,NBA,2026-02-07T01:00:00,MIN,NO,115,119,0,,,,,,,,,"{""indoor"": true}"
NBA-20260206-MEM-POR-22,NBA,2026-02-07T03:00:00,POR,MEM,135,115,0,,,,,,,,,"{""indoor"": true}"
NBA-20260206-LAC-SAC-22,NBA,2026-02-07T03:00:00,SAC,LAC,111,114,0,,,,,,,,,"{""indoor"": true}"
NBA-20260207-WSH-BKN-15,NBA,2026-02-07T20:00:00,BKN,WSH,127,113,0,,,,,,,,,"{""indoor"": true}"
NBA-20260207-HOU-OKC-15,NBA,2026-02-07T20:30:00,OKC,HOU,106,112,0,,,,,,,,,"{""indoor"": true}"
NBA-20260207-DAL-SA-18,NBA,2026-02-07T23:00:00,SA,DAL,138,125,0,,,,,,,,,"{""indoor"": true}"
NBA-20260207-UTAH-ORL-19,NBA,2026-02-08T00:00:00,ORL,UTAH,120,117,0,,,,,,,,,"{""indoor"": true}"
NBA-20260207-CHA-ATL-19,NBA,2026-02-08T00:30:00,ATL,CHA,119,126,0,,,,,,,,,"{""indoor"": true}"
NBA-20260207-DEN-CHI-20,NBA,2026-02-08T01:00:00,CHI,DEN,120,136,0,,,,,,,,,"{""indoor"": true}"
NBA-20260207-GS-LAL-20,NBA,2026-02-08T01:30:00,LAL,GS,105,99,0,,,,,,,,,"{""indoor"": true}"
NBA-20260207-PHI-PHX-21,NBA,2026-02-08T02:00:00,PHX,PHI,103,109,0,,,,,,,,,"{""indoor"": true}"
NBA-20260207-MEM-POR-22,NBA,2026-02-08T03:00:00,POR,MEM,122,115,0,,,,,,,,,"{""indoor"": true}"
NBA-20260207-CLE-SAC-22,NBA,2026-02-08T03:00:00,SAC,CLE,126,132,0,,,,,,,,,"{""indoor"": true}"
NBA-20260208-NY-BOS-12,NBA,2026-02-08T17:30:00,BOS,NY,89,111,0,,,,,,,,,"{""indoor"": true}"
NBA-20260208-MIA-WSH-14,NBA,2026-02-08T19:00:00,WSH,MIA,101,132,0,,,,,,,,,"{""indoor"": true}"
NBA-20260208-IND-TOR-15,NBA,2026-02-08T20:00:00,TOR,IND,122,104,0,,,,,,,,,"{""indoor"": true}"
NBA-20260208-LAC-MIN-15,NBA,2026-02-08T20:00:00,MIN,LAC,96,115,0,,,,,,,,,"{""indoor"": true}"
NBA-20260209-DET-CHA-19,NBA,2026-02-10T00:00:00,CHA,DET,104,110,0,,,,,,,,,"{""indoor"": true}"
NBA-20260209-CHI-BKN-19,NBA,2026-02-10T00:30:00,BKN,CHI,123,115,0,,,,,,,,,"{""indoor"": true}"
NBA-20260209-UTAH-MIA-19,NBA,2026-02-10T00:30:00,MIA,UTAH,111,115,0,,,,,,,,,"{""indoor"": true}"
NBA-20260209-MIL-ORL-19,NBA,2026-02-10T00:30:00,ORL,MIL,118,99,0,,,,,,,,,"{""indoor"": true}"
NBA-20260209-ATL-MIN-20,NBA,2026-02-10T01:00:00,MIN,ATL,138,116,0,,,,,,,,,"{""indoor"": true}"
NBA-20260209-SAC-NO-20,NBA,2026-02-10T01:00:00,NO,SAC,120,94,0,,,,,,,,,"{""indoor"": true}"
NBA-20260209-CLE-DEN-21,NBA,2026-02-10T02:00:00,DEN,CLE,117,119,0,,,,,,,,,"{""indoor"": true}"
NBA-20260209-MEM-GS-22,NBA,2026-02-10T03:00:00,GS,MEM,114,113,0,,,,,,,,,"{""indoor"": true}"
NBA-20260209-OKC-LAL-22,NBA,2026-02-10T03:00:00,LAL,OKC,110,119,0,,,,,,,,,"{""indoor"": true}"
NBA-20260209-PHI-POR-22,NBA,2026-02-10T03:00:00,POR,PHI,135,118,0,,,,,,,,,"{""indoor"": true}"
NBA-20260210-IND-NY-19,NBA,2026-02-11T00:30:00,NY,IND,134,137,0,,,,,,,,,"{""indoor"": true}"
NBA-20260210-LAC-HOU-20,NBA,2026-02-11T01:00:00,HOU,LAC,102,95,0,,,,,,,,,"{""indoor"": true}"
NBA-20260210-DAL-PHX-21,NBA,2026-02-11T02:00:00,PHX,DAL,120,111,0,,,,,,,,,"{""indoor"": true}"
NBA-20260210-SA-LAL-22,NBA,2026-02-11T03:30:00,LAL,SA,108,136,0,,,,,,,,,"{""indoor"": true}"
NBA-20260211-ATL-CHA-19,NBA,2026-02-12T00:00:00,CHA,ATL,110,107,0,,,,,,,,,"{""indoor"": true}"
NBA-20260211-WSH-CLE-19,NBA,2026-02-12T00:00:00,CLE,WSH,138,113,0,,,,,,,,,"{""indoor"": true}"
NBA-20260211-MIL-ORL-19,NBA,2026-02-12T00:00:00,ORL,MIL,108,116,0,,,,,,,,,"{""indoor"": true}"
NBA-20260211-CHI-BOS-19,NBA,2026-02-12T00:30:00,BOS,CHI,124,105,0,,,,,,,,,"{""indoor"": true}"
NBA-20260211-IND-BKN-19,NBA,2026-02-12T00:30:00,BKN,IND,110,115,0,,,,,,,,,"{""indoor"": true}"
NBA-20260211-NY-PHI-19,NBA,2026-02-12T00:30:00,PHI,NY,89,138,0,,,,,,,,,"{""indoor"": true}"
NBA-20260211-DET-TOR-19,NBA,2026-02-12T00:30:00,TOR,DET,95,113,0,,,,,,,,,"{""indoor"": true}"
NBA-20260211-LAC-HOU-20,NBA,2026-02-12T01:00:00,HOU,LAC,102,105,0,,,,,,,,,"{""indoor"": true}"
NBA-20260211-POR-MIN-20,NBA,2026-02-12T01:00:00,MIN,POR,133,109,0,,,,,,,,,"{""indoor"": true}"
NBA-20260211-MIA-NO-20,NBA,2026-02-12T01:00:00,NO,MIA,111,123,0,,,,,,,,,"{""indoor"": true}"
NBA-20260211-OKC-PHX-21,NBA,2026-02-12T02:00:00,PHX,OKC,109,136,0,,,,,,,,,"{""indoor"": true}"
NBA-20260211-SAC-UTAH-21,NBA,2026-02-12T02:00:00,UTAH,SAC,121,93,0,,,,,,,,,"{""indoor"": true}"
NBA-20260211-MEM-DEN-21,NBA,2026-02-12T02:00:00,DEN,MEM,122,116,0,,,,,,,,,"{""indoor"": true}"
NBA-20260211-SA-GS-22,NBA,2026-02-12T03:00:00,GS,SA,113,126,0,,,,,,,,,"{""indoor"": true}"
NBA-20260212-MIL-OKC-19,NBA,2026-02-13T00:30:00,OKC,MIL,93,110,0,,,,,,,,,"{""indoor"": true}"
NBA-20260212-POR-UTAH-21,NBA,2026-02-13T02:00:00,UTAH,POR,119,135,0,,,,,,,,,"{""indoor"": true}"
NBA-20260212-DAL-LAL-22,NBA,2026-02-13T03:00:00,LAL,DAL,124,104,0,,,,,,,,,"{""indoor"": true}"
NBA-20260219-HOU-CHA-19,NBA,2026-02-20T00:00:00,CHA,HOU,101,105,0,,,,,,,,,"{""indoor"": true}"
NBA-20260219-BKN-CLE-19,NBA,2026-02-20T00:00:00,CLE,BKN,112,84,0,,,,,,,,,"{""indoor"": true}"
NBA-20260219-ATL-PHI-19,NBA,2026-02-20T00:00:00,PHI,ATL,107,117,0,,,,,,,,,"{""indoor"": true}"
NBA-20260219-IND-WSH-19,NBA,2026-02-20T00:00:00,WSH,IND,112,105,0,,,,,,,,,"{""indoor"": true}"
NBA-20260219-DET-NY-19,NBA,2026-02-20T00:30:00,NY,DET,111,126,0,,,,,,,,,"{""indoor"": true}"
NBA-20260219-TOR-CHI-20,NBA,2026-02-20T01:00:00,CHI,TOR,101,110,0,,,,,,,,,"{""indoor"": true}"
NBA-20260219-PHX-SA-20,NBA,2026-02-20T01:30:00,SA,PHX,121,94,0,,,,,,,,,"{""indoor"": true}"
NBA-20260219-BOS-GS-22,NBA,2026-02-20T03:00:00,GS,BOS,110,121,0,,,,,,,,,"{""indoor"": true}"
NBA-20260219-ORL-SAC-22,NBA,2026-02-20T03:00:00,SAC,ORL,94,131,0,,,,,,,,,"{""indoor"": true}"
NBA-20260219-DEN-LAC-22,NBA,2026-02-20T03:30:00,LAC,DEN,115,114,0,,,,,,,,,"{""indoor"": true}"
NBA-20260220-CLE-CHA-19,NBA,2026-02-21T00:00:00,CHA,CLE,113,118,0,,,,,,,,,"{""indoor"": true}"
NBA-20260220-IND-WSH-19,NBA,2026-02-21T00:00:00,WSH,IND,131,118,0,,,,,,,,,"{""indoor"": true}"
NBA-20260220-UTAH-MEM-19,NBA,2026-02-21T00:00:00,MEM,UTAH,123,114,0,,,,,,,,,"{""indoor"": true}"
NBA-20260220-MIA-ATL-19,NBA,2026-02-21T00:30:00,ATL,MIA,97,128,0,,,,,,,,,"{""indoor"": true}"
NBA-20260220-DAL-MIN-19,NBA,2026-02-21T00:30:00,MIN,DAL,122,111,0,,,,,,,,,"{""indoor"": true}"
NBA-20260220-MIL-NO-20,NBA,2026-02-21T01:00:00,NO,MIL,118,139,0,,,,,,,,,"{""indoor"": true}"
NBA-20260220-BKN-OKC-20,NBA,2026-02-21T01:00:00,OKC,BKN,105,86,0,,,,,,,,,"{""indoor"": true}"
NBA-20260220-DEN-POR-22,NBA,2026-02-21T03:00:00,POR,DEN,103,157,0,,,,,,,,,"{""indoor"": true}"
NBA-20260220-LAC-LAL-22,NBA,2026-02-21T03:15:00,LAL,LAC,125,122,0,,,,,,,,,"{""indoor"": true}"
NBA-20260221-ORL-PHX-17,NBA,2026-02-21T22:00:00,PHX,ORL,113,110,0,,,,,,,,,"{""indoor"": true}"
NBA-20260221-PHI-NO-19,NBA,2026-02-22T00:00:00,NO,PHI,126,111,0,,,,,,,,,"{""indoor"": true}"
NBA-20260221-MEM-MIA-20,NBA,2026-02-22T01:00:00,MIA,MEM,136,120,0,,,,,,,,,"{""indoor"": true}"
NBA-20260221-DET-CHI-20,NBA,2026-02-22T01:00:00,CHI,DET,110,126,0,,,,,,,,,"{""indoor"": true}"
NBA-20260221-SAC-SA-20,NBA,2026-02-22T01:00:00,SA,SAC,139,122,0,,,,,,,,,"{""indoor"": true}"
NBA-20260221-HOU-NY-20,NBA,2026-02-22T01:30:00,NY,HOU,108,106,0,,,,,,,,,"{""indoor"": true}"
NBA-20260222-CLE-OKC-13,NBA,2026-02-22T18:00:00,OKC,CLE,121,113,0,,,,,,,,,"{""indoor"": true}"
NBA-20260222-BKN-ATL-15,NBA,2026-02-22T20:30:00,ATL,BKN,115,104,0,,,,,,,,,"{""indoor"": true}"
NBA-20260222-TOR-MIL-15,NBA,2026-02-22T20:30:00,MIL,TOR,94,122,0,,,,,,,,,"{""indoor"": true}"
NBA-20260222-DEN-GS-15,NBA,2026-02-22T20:30:00,GS,DEN,128,117,0,,,,,,,,,"{""indoor"": true}"
NBA-20260222-DAL-IND-17,NBA,2026-02-22T22:00:00,IND,DAL,130,134,0,,,,,,,,,"{""indoor"": true}"
NBA-20260222-CHA-WSH-18,NBA,2026-02-22T23:00:00,WSH,CHA,112,129,0,,,,,,,,,"{""indoor"": true}"
NBA-20260222-BOS-LAL-18,NBA,2026-02-22T23:30:00,LAL,BOS,89,111,0,,,,,,,,,"{""indoor"": true}"
NBA-20260222-PHI-MIN-19,NBA,2026-02-23T00:00:00,MIN,PHI,108,135,0,,,,,,,,,"{""indoor"": true}"
NBA-20260222-NY-CHI-20,NBA,2026-02-23T01:00:00,CHI,NY,99,105,0,,,,,,,,,"{""indoor"": true}"
NBA-20260222-POR-PHX-20,NBA,2026-02-23T01:00:00,PHX,POR,77,92,0,,,,,,,,,"{""indoor"": true}"
NBA-20260222-ORL-LAC-21,NBA,2026-02-23T02:00:00,LAC,ORL,109,111,0,,,,,,,,,"{""indoor"": true}"
NBA-20260223-SA-DET-19,NBA,2026-02-24T00:00:00,DET,SA,103,114,0,,,,,,,,,"{""indoor"": true}"
NBA-20260223-SAC-MEM-20,NBA,2026-02-24T01:00:00,MEM,SAC,114,123,0,,,,,,,,,"{""indoor"": true}"
NBA-20260223-UTAH-HOU-21,NBA,2026-02-24T02:30:00,HOU,UTAH,125,105,0,,,,,,,,,"{""indoor"": true}"
NBA-20260224-PHI-IND-19,NBA,2026-02-25T00:00:00,IND,PHI,114,135,0,,,,,,,,,"{""indoor"": true}"
NBA-20260224-WSH-ATL-19,NBA,2026-02-25T00:30:00,ATL,WSH,119,98,0,,,,,,,,,"{""indoor"": true}"
NBA-20260224-DAL-BKN-19,NBA,2026-02-25T00:30:00,BKN,DAL,114,123,0,,,,,,,,,"{""indoor"": true}"
NBA-20260224-OKC-TOR-19,NBA,2026-02-25T00:30:00,TOR,OKC,107,116,0,,,,,,,,,"{""indoor"": true}"
NBA-20260224-NY-CLE-19,NBA,2026-02-25T00:30:00,CLE,NY,109,94,0,,,,,,,,,"{""indoor"": true}"
NBA-20260224-CHA-CHI-20,NBA,2026-02-25T01:00:00,CHI,CHA,99,131,0,,,,,,,,,"{""indoor"": true}"
NBA-20260224-MIA-MIL-20,NBA,2026-02-25T01:00:00,MIL,MIA,128,117,0,,,,,,,,,"{""indoor"": true}"
NBA-20260224-GS-NO-20,NBA,2026-02-25T01:00:00,NO,GS,113,109,0,,,,,,,,,"{""indoor"": true}"
NBA-20260224-BOS-PHX-21,NBA,2026-02-25T02:00:00,PHX,BOS,81,97,0,,,,,,,,,"{""indoor"": true}"
NBA-20260224-MIN-POR-22,NBA,2026-02-25T03:00:00,POR,MIN,121,124,0,,,,,,,,,"{""indoor"": true}"
NBA-20260224-ORL-LAL-22,NBA,2026-02-25T03:30:00,LAL,ORL,109,110,0,,,,,,,,,"{""indoor"": true}"
NBA-20260225-OKC-DET-19,NBA,2026-02-26T00:30:00,DET,OKC,124,116,0,,,,,,,,,"{""indoor"": true}"
NBA-20260225-SA-TOR-19,NBA,2026-02-26T00:30:00,TOR,SA,107,110,0,,,,,,,,,"{""indoor"": true}"
NBA-20260225-GS-MEM-19,NBA,2026-02-26T00:30:00,MEM,GS,112,133,0,,,,,,,,,"{""indoor"": true}"
NBA-20260225-SAC-HOU-20,NBA,2026-02-26T01:00:00,HOU,SAC,128,97,0,,,,,,,,,"{""indoor"": true}"
NBA-20260225-CLE-MIL-20,NBA,2026-02-26T01:00:00,MIL,CLE,118,116,0,,,,,,,,,"{""indoor"": true}"
NBA-20260225-BOS-DEN-22,NBA,2026-02-26T03:00:00,DEN,BOS,103,84,0,,,,,,,,,"{""indoor"": true}"
NBA-20260226-CHA-IND-19,NBA,2026-02-27T00:00:00,IND,CHA,109,133,0,,,,,,,,,"{""indoor"": true}"
NBA-20260226-MIA-PHI-19,NBA,2026-02-27T00:00:00,PHI,MIA,124,117,0,,,,,,,,,"{""indoor"": true}"
NBA-20260226-WSH-ATL-19,NBA,2026-02-27T00:30:00,ATL,WSH,126,96,0,,,,,,,,,"{""indoor"": true}"
NBA-20260226-SA-BKN-19,NBA,2026-02-27T00:30:00,BKN,SA,110,126,0,,,,,,,,,"{""indoor"": true}"
NBA-20260226-HOU-ORL-19,NBA,2026-02-27T00:30:00,ORL,HOU,108,113,0,,,,,,,,,"{""indoor"": true}"
NBA-20260226-POR-CHI-20,NBA,2026-02-27T01:00:00,CHI,POR,112,121,0,,,,,,,,,"{""indoor"": true}"
NBA-20260226-SAC-DAL-20,NBA,2026-02-27T01:30:00,DAL,SAC,121,130,0,,,,,,,,,"{""indoor"": true}"
NBA-20260226-LAL-PHX-21,NBA,2026-02-27T02:00:00,PHX,LAL,113,110,0,,,,,,,,,"{""indoor"": true}"
NBA-20260226-NO-UTAH-21,NBA,2026-02-27T02:00:00,UTAH,NO,118,129,0,,,,,,,,,"{""indoor"": true}"
NBA-20260226-MIN-LAC-22,NBA,2026-02-27T03:00:00,LAC,MIN,88,94,0,,,,,,,,,"{""indoor"": true}"
NBA-20260227-CLE-DET-19,NBA,2026-02-28T00:00:00,DET,CLE,122,119,0,,,,,,,,,"{""indoor"": true}"
NBA-20260227-BKN-BOS-19,NBA,2026-02-28T00:30:00,BOS,BKN,148,111,0,,,,,,,,,"{""indoor"": true}"
NBA-20260227-NY-MIL-20,NBA,2026-02-28T01:00:00,MIL,NY,98,127,0,,,,,,,,,"{""indoor"": true}"
NBA-20260227-MEM-DAL-20,NBA,2026-02-28T01:30:00,DAL,MEM,105,124,0,,,,,,,,,"{""indoor"": true}"
NBA-20260227-DEN-OKC-21,NBA,2026-02-28T02:47:00,OKC,DEN,127,121,0,,,,,,,,,"{""indoor"": true}"
NBA-20260228-POR-CHA-13,NBA,2026-02-28T18:00:00,CHA,POR,109,93,0,,,,,,,,,"{""indoor"": true}"
NBA-20260228-HOU-MIA-15,NBA,2026-02-28T20:30:00,MIA,HOU,115,105,0,,,,,,,,,"{""indoor"": true}"
NBA-20260228-TOR-WSH-19,NBA,2026-03-01T00:00:00,WSH,TOR,125,134,0,,,,,,,,,"{""indoor"": true}"
NBA-20260228-LAL-GS-20,NBA,2026-03-01T01:30:00,GS,LAL,101,129,0,,,,,,,,,"{""indoor"": true}"
NBA-20260228-NO-UTAH-21,NBA,2026-03-01T02:30:00,UTAH,NO,105,115,0,,,,,,,,,"{""indoor"": true}"
NBA-20260301-SA-NY-13,NBA,2026-03-01T18:00:00,NY,SA,114,89,0,,,,,,,,,"{""indoor"": true}"
NBA-20260301-CLE-BKN-15,NBA,2026-03-01T20:30:00,BKN,CLE,102,106,0,,,,,,,,,"{""indoor"": true}"
NBA-20260301-MIL-CHI-15,NBA,2026-03-01T20:30:00,CHI,MIL,120,97,0,,,,,,,,,"{""indoor"": true}"
NBA-20260301-MIN-DEN-15,NBA,2026-03-01T20:30:00,DEN,MIN,108,117,0,,,,,,,,,"{""indoor"": true}"
NBA-20260301-MEM-IND-17,NBA,2026-03-01T22:00:00,IND,MEM,106,125,0,,,,,,,,,"{""indoor"": true}"
NBA-20260301-POR-ATL-18,NBA,2026-03-01T23:00:00,ATL,POR,135,101,0,,,,,,,,,"{""indoor"": true}"
NBA-20260301-DET-ORL-18,NBA,2026-03-01T23:00:00,ORL,DET,92,106,0,,,,,,,,,"{""indoor"": true}"
NBA-20260301-PHI-BOS-20,NBA,2026-03-02T01:00:00,BOS,PHI,114,98,0,,,,,,,,,"{""indoor"": true}"
NBA-20260301-OKC-DAL-20,NBA,2026-03-02T01:00:00,DAL,OKC,87,100,0,,,,,,,,,"{""indoor"": true}"
NBA-20260301-NO-LAC-21,NBA,2026-03-02T02:00:00,LAC,NO,137,117,0,,,,,,,,,"{""indoor"": true}"
NBA-20260301-SAC-LAL-21,NBA,2026-03-02T02:30:00,LAL,SAC,128,104,0,,,,,,,,,"{""indoor"": true}"
NBA-20260302-HOU-WSH-19,NBA,2026-03-03T00:00:00,WSH,HOU,118,123,0,,,,,,,,,"{""indoor"": true}"
NBA-20260302-BOS-MIL-19,NBA,2026-03-03T00:30:00,MIL,BOS,81,108,0,,,,,,,,,"{""indoor"": true}"
NBA-20260302-DEN-UTAH-21,NBA,2026-03-03T02:00:00,UTAH,DEN,125,128,0,,,,,,,,,"{""indoor"": true}"
NBA-20260302-LAC-GS-22,NBA,2026-03-03T03:00:00,GS,LAC,101,114,0,,,,,,,,,"{""indoor"": true}"
NBA-20260303-DAL-CHA-19,NBA,2026-03-04T00:00:00,CHA,DAL,117,90,0,,,,,,,,,"{""indoor"": true}"
NBA-20260303-DET-CLE-19,NBA,2026-03-04T00:00:00,CLE,DET,113,109,0,,,,,,,,,"{""indoor"": true}"
NBA-20260303-WSH-ORL-19,NBA,2026-03-04T00:00:00,ORL,WSH,126,109,0,,,,,,,,,"{""indoor"": true}"
NBA-20260303-BKN-MIA-19,NBA,2026-03-04T00:30:00,MIA,BKN,124,98,0,,,,,,,,,"{""indoor"": true}"
NBA-20260303-NY-TOR-19,NBA,2026-03-04T00:30:00,TOR,NY,95,111,0,,,,,,,,,"{""indoor"": true}"
NBA-20260303-SA-PHI-20,NBA,2026-03-04T01:00:00,PHI,SA,91,131,0,,,,,,,,,"{""indoor"": true}"
NBA-20260303-OKC-CHI-20,NBA,2026-03-04T01:00:00,CHI,OKC,108,116,0,,,,,,,,,"{""indoor"": true}"
NBA-20260303-MEM-MIN-20,NBA,2026-03-04T01:00:00,MIN,MEM,117,110,0,,,,,,,,,"{""indoor"": true}"
NBA-20260303-NO-LAL-22,NBA,2026-03-04T03:30:00,LAL,NO,110,101,0,,,,,,,,,"{""indoor"": true}"
NBA-20260303-PHX-SAC-23,NBA,2026-03-04T04:00:00,SAC,PHX,103,114,0,,,,,,,,,"{""indoor"": true}"
NBA-20260304-OKC-NY-19,NBA,2026-03-05T00:00:00,NY,OKC,100,103,0,,,,,,,,,"{""indoor"": true}"
NBA-20260304-CHA-BOS-19,NBA,2026-03-05T00:30:00,BOS,CHA,89,118,0,,,,,,,,,"{""indoor"": true}"
NBA-20260304-UTAH-PHI-19,NBA,2026-03-05T00:30:00,PHI,UTAH,106,102,0,,,,,,,,,"{""indoor"": true}"
NBA-20260304-POR-MEM-20,NBA,2026-03-05T01:00:00,MEM,POR,114,122,0,,,,,,,,,"{""indoor"": true}"
NBA-20260304-ATL-MIL-21,NBA,2026-03-05T02:30:00,MIL,ATL,113,131,0,,,,,,,,,"{""indoor"": true}"
NBA-20260304-IND-LAC-22,NBA,2026-03-05T03:30:00,LAC,IND,130,107,0,,,,,,,,,"{""indoor"": true}"
NBA-20260305-DAL-ORL-19,NBA,2026-03-06T00:00:00,ORL,DAL,115,114,0,,,,,,,,,"{""indoor"": true}"
NBA-20260305-UTAH-WSH-19,NBA,2026-03-06T00:00:00,WSH,UTAH,112,122,0,,,,,,,,,"{""indoor"": true}"
NBA-20260305-BKN-MIA-19,NBA,2026-03-06T00:30:00,MIA,BKN,126,110,0,,,,,,,,,"{""indoor"": true}"
NBA-20260305-GS-HOU-19,NBA,2026-03-06T00:30:00,HOU,GS,113,115,0,,,,,,,,,"{""indoor"": true}"
NBA-20260305-TOR-MIN-20,NBA,2026-03-06T01:00:00,MIN,TOR,115,107,0,,,,,,,,,"{""indoor"": true}"
NBA-20260305-DET-SA-20,NBA,2026-03-06T01:00:00,SA,DET,121,106,0,,,,,,,,,"{""indoor"": true}"
NBA-20260305-CHI-PHX-21,NBA,2026-03-06T02:00:00,PHX,CHI,103,105,0,,,,,,,,,"{""indoor"": true}"
NBA-20260305-LAL-DEN-22,NBA,2026-03-06T03:00:00,DEN,LAL,120,113,0,,,,,,,,,"{""indoor"": true}"
NBA-20260305-NO-SAC-22,NBA,2026-03-06T03:00:00,SAC,NO,123,133,0,,,,,,,,,"{""indoor"": true}"
NBA-20260306-DAL-BOS-19,NBA,2026-03-07T00:00:00,BOS,DAL,120,100,0,,,,,,,,,"{""indoor"": true}"
NBA-20260306-MIA-CHA-19,NBA,2026-03-07T00:00:00,CHA,MIA,120,128,0,,,,,,,,,"{""indoor"": true}"
NBA-20260306-POR-HOU-20,NBA,2026-03-07T01:00:00,HOU,POR,106,99,0,,,,,,,,,"{""indoor"": true}"
NBA-20260306-NY-DEN-21,NBA,2026-03-07T02:00:00,DEN,NY,103,142,0,,,,,,,,,"{""indoor"": true}"
NBA-20260306-NO-PHX-21,NBA,2026-03-07T02:00:00,PHX,NO,118,116,0,,,,,,,,,"{""indoor"": true}"
NBA-20260306-LAC-SA-21,NBA,2026-03-07T02:30:00,SA,LAC,116,112,0,,,,,,,,,"{""indoor"": true}"
NBA-20260306-IND-LAL-22,NBA,2026-03-07T03:30:00,LAL,IND,128,117,0,,,,,,,,,"{""indoor"": true}"
NBA-20260307-ORL-MIN-15,NBA,2026-03-07T20:00:00,MIN,ORL,92,119,0,,,,,,,,,"{""indoor"": true}"
NBA-20260307-BKN-DET-18,NBA,2026-03-07T23:00:00,DET,BKN,105,107,0,,,,,,,,,"{""indoor"": true}"
NBA-20260307-PHI-ATL-18,NBA,2026-03-07T23:00:00,ATL,PHI,125,116,0,,,,,,,,,"{""indoor"": true}"
NBA-20260307-LAC-MEM-20,NBA,2026-03-08T01:00:00,MEM,LAC,120,123,0,,,,,,,,,"{""indoor"": true}"
NBA-20260307-UTAH-MIL-20,NBA,2026-03-08T01:00:00,MIL,UTAH,113,99,0,,,,,,,,,"{""indoor"": true}"
NBA-20260307-GS-OKC-20,NBA,2026-03-08T01:30:00,OKC,GS,104,97,0,,,,,,,,,"{""indoor"": true}"
NBA-20260308-BOS-CLE-13,NBA,2026-03-08T17:00:00,CLE,BOS,98,109,0,,,,,,,,,"{""indoor"": true}"
NBA-20260308-NY-LAL-15,NBA,2026-03-08T19:30:00,LAL,NY,110,97,0,,,,,,,,,"{""indoor"": true}"
NBA-20260308-DET-MIA-18,NBA,2026-03-08T22:00:00,MIA,DET,121,110,0,,,,,,,,,"{""indoor"": true}"
NBA-20260308-DAL-TOR-18,NBA,2026-03-08T22:00:00,TOR,DAL,122,92,0,,,,,,,,,"{""indoor"": true}"
NBA-20260308-WSH-NO-19,NBA,2026-03-08T23:00:00,NO,WSH,138,118,0,,,,,,,,,"{""indoor"": true}"
NBA-20260308-ORL-MIL-20,NBA,2026-03-09T00:00:00,MIL,ORL,91,130,0,,,,,,,,,"{""indoor"": true}"
NBA-20260308-HOU-SA-20,NBA,2026-03-09T00:00:00,SA,HOU,145,120,0,,,,,,,,,"{""indoor"": true}"
NBA-20260308-IND-POR-21,NBA,2026-03-09T01:00:00,POR,IND,131,111,0,,,,,,,,,"{""indoor"": true}"
NBA-20260308-CHI-SAC-21,NBA,2026-03-09T01:00:00,SAC,CHI,126,110,0,,,,,,,,,"{""indoor"": true}"
NBA-20260308-CHA-PHX-22,NBA,2026-03-09T02:00:00,PHX,CHA,111,99,0,,,,,,,,,"{""indoor"": true}"
NBA-20260309-PHI-CLE-19,NBA,2026-03-09T23:00:00,CLE,PHI,115,101,0,,,,,,,,,"{""indoor"": true}"
NBA-20260309-MEM-BKN-19,NBA,2026-03-09T23:30:00,BKN,MEM,126,115,0,,,,,,,,,"{""indoor"": true}"
NBA-20260309-DEN-OKC-19,NBA,2026-03-09T23:30:00,OKC,DEN,129,126,0,,,,,,,,,"{""indoor"": true}"
NBA-20260309-GS-UTAH-21,NBA,2026-03-10T01:00:00,UTAH,GS,119,116,0,,,,,,,,,"{""indoor"": true}"
NBA-20260309-NY-LAC-22,NBA,2026-03-10T02:00:00,LAC,NY,126,118,0,,,,,,,,,"{""indoor"": true}"
NBA-20260310-MEM-PHI-19,NBA,2026-03-10T23:00:00,PHI,MEM,139,129,0,,,,,,,,,"{""indoor"": true}"
NBA-20260310-DET-BKN-19,NBA,2026-03-10T23:30:00,BKN,DET,100,138,0,,,,,,,,,"{""indoor"": true}"
NBA-20260310-WSH-MIA-19,NBA,2026-03-10T23:30:00,MIA,WSH,150,129,0,,,,,,,,,"{""indoor"": true}"
NBA-20260310-DAL-ATL-19,NBA,2026-03-10T23:30:00,ATL,DAL,124,112,0,,,,,,,,,"{""indoor"": true}"
NBA-20260310-TOR-HOU-20,NBA,2026-03-11T00:00:00,HOU,TOR,113,99,0,,,,,,,,,"{""indoor"": true}"
NBA-20260310-PHX-MIL-20,NBA,2026-03-11T00:00:00,MIL,PHX,114,129,0,,,,,,,,,"{""indoor"": true}"
NBA-20260310-BOS-SA-20,NBA,2026-03-11T00:00:00,SA,BOS,125,116,0,,,,,,,,,"{""indoor"": true}"
NBA-20260310-CHI-GS-22,NBA,2026-03-11T02:00:00,GS,CHI,124,130,0,,,,,,,,,"{""indoor"": true}"
NBA-20260310-CHA-POR-22,NBA,2026-03-11T02:00:00,POR,CHA,101,103,0,,,,,,,,,"{""indoor"": true}"
NBA-20260310-IND-SAC-22,NBA,2026-03-11T02:00:00,SAC,IND,114,109,0,,,,,,,,,"{""indoor"": true}"
NBA-20260310-MIN-LAL-23,NBA,2026-03-11T03:00:00,LAL,MIN,120,106,0,,,,,,,,,"{""indoor"": true}"
NBA-20260311-CLE-ORL-19,NBA,2026-03-11T23:30:00,ORL,CLE,128,122,0,,,,,,,,,"{""indoor"": true}"
NBA-20260311-TOR-NO-20,NBA,2026-03-12T00:00:00,NO,TOR,122,111,0,,,,,,,,,"{""indoor"": true}"
NBA-20260311-NY-UTAH-21,NBA,2026-03-12T01:00:00,UTAH,NY,117,134,0,,,,,,,,,"{""indoor"": true}"
NBA-20260311-HOU-DEN-22,NBA,2026-03-12T02:00:00,DEN,HOU,129,93,0,,,,,,,,,"{""indoor"": true}"
NBA-20260311-CHA-SAC-22,NBA,2026-03-12T02:00:00,SAC,CHA,109,117,0,,,,,,,,,"{""indoor"": true}"
NBA-20260311-MIN-LAC-22,NBA,2026-03-12T02:30:00,LAC,MIN,153,128,0,,,,,,,,,"{""indoor"": true}"
NBA-20260312-PHI-DET-19,NBA,2026-03-12T23:00:00,DET,PHI,131,109,0,,,,,,,,,"{""indoor"": true}"
NBA-20260312-PHX-IND-19,NBA,2026-03-12T23:00:00,IND,PHX,108,123,0,,,,,,,,,"{""indoor"": true}"
NBA-20260312-WSH-ORL-19,NBA,2026-03-12T23:00:00,ORL,WSH,136,131,0,,,,,,,,,"{""indoor"": true}"
NBA-20260312-BKN-ATL-19,NBA,2026-03-12T23:30:00,ATL,BKN,108,97,0,,,,,,,,,"{""indoor"": true}"
NBA-20260312-MIL-MIA-19,NBA,2026-03-12T23:30:00,MIA,MIL,112,105,0,,,,,,,,,"{""indoor"": true}"
NBA-20260312-DAL-MEM-20,NBA,2026-03-13T00:00:00,MEM,DAL,112,120,0,,,,,,,,,"{""indoor"": true}"
NBA-20260312-DEN-SA-21,NBA,2026-03-13T01:00:00,SA,DEN,131,136,0,,,,,,,,,"{""indoor"": true}"
NBA-20260312-BOS-OKC-21,NBA,2026-03-13T01:30:00,OKC,BOS,104,102,0,,,,,,,,,"{""indoor"": true}"
NBA-20260312-CHI-LAL-22,NBA,2026-03-13T02:30:00,LAL,CHI,142,130,0,,,,,,,,,"{""indoor"": true}"
NBA-20260313-MEM-DET-19,NBA,2026-03-13T23:30:00,DET,MEM,126,110,0,,,,,,,,,"{""indoor"": true}"
NBA-20260313-NY-IND-19,NBA,2026-03-13T23:30:00,IND,NY,92,101,0,,,,,,,,,"{""indoor"": true}"
NBA-20260313-PHX-TOR-19,NBA,2026-03-13T23:30:00,TOR,PHX,122,115,0,,,,,,,,,"{""indoor"": true}"
NBA-20260313-CLE-DAL-19,NBA,2026-03-13T23:30:00,DAL,CLE,105,138,0,,,,,,,,,"{""indoor"": true}"
NBA-20260313-NO-HOU-20,NBA,2026-03-14T00:00:00,HOU,NO,107,105,0,,,,,,,,,"{""indoor"": true}"
NBA-20260313-MIN-GS-22,NBA,2026-03-14T02:00:00,GS,MIN,117,127,0,,,,,,,,,"{""indoor"": true}"
NBA-20260313-UTAH-POR-22,NBA,2026-03-14T02:00:00,POR,UTAH,124,114,0,,,,,,,,,"{""indoor"": true}"
NBA-20260313-CHI-LAC-22,NBA,2026-03-14T02:30:00,LAC,CHI,119,108,0,,,,,,,,,"{""indoor"": true}"
NBA-20260314-BKN-PHI-13,NBA,2026-03-14T17:00:00,PHI,BKN,104,97,0,,,,,,,,,"{""indoor"": true}"
NBA-20260314-MIL-ATL-15,NBA,2026-03-14T19:00:00,ATL,MIL,122,99,0,,,,,,,,,"{""indoor"": true}"
NBA-20260314-CHA-SA-15,NBA,2026-03-14T19:30:00,SA,CHA,115,102,0,,,,,,,,,"{""indoor"": true}"
NBA-20260314-WSH-BOS-18,NBA,2026-03-14T22:00:00,BOS,WSH,111,100,0,,,,,,,,,"{""indoor"": true}"
NBA-20260314-ORL-MIA-20,NBA,2026-03-15T00:00:00,MIA,ORL,117,121,0,,,,,,,,,"{""indoor"": true}"
NBA-20260314-DEN-LAL-20,NBA,2026-03-15T00:30:00,LAL,DEN,127,125,0,,,,,,,,,"{""indoor"": true}"
NBA-20260314-SAC-LAC-22,NBA,2026-03-15T02:30:00,LAC,SAC,109,118,0,,,,,,,,,"{""indoor"": true}"
NBA-20260315-MIN-OKC-13,NBA,2026-03-15T17:00:00,OKC,MIN,116,103,0,,,,,,,,,"{""indoor"": true}"
NBA-20260315-DAL-CLE-15,NBA,2026-03-15T19:30:00,CLE,DAL,120,130,0,,,,,,,,,"{""indoor"": true}"
NBA-20260315-DET-TOR-15,NBA,2026-03-15T19:30:00,TOR,DET,119,108,0,,,,,,,,,"{""indoor"": true}"
NBA-20260315-IND-MIL-15,NBA,2026-03-15T19:30:00,MIL,IND,134,123,0,,,,,,,,,"{""indoor"": true}"
NBA-20260315-POR-PHI-18,NBA,2026-03-15T22:00:00,PHI,POR,109,103,0,,,,,,,,,"{""indoor"": true}"
NBA-20260315-GS-NY-20,NBA,2026-03-16T00:00:00,NY,GS,110,107,0,,,,,,,,,"{""indoor"": true}"
NBA-20260315-UTAH-SAC-22,NBA,2026-03-16T02:00:00,SAC,UTAH,116,111,0,,,,,,,,,"{""indoor"": true}"
NBA-20260316-ORL-ATL-19,NBA,2026-03-16T23:00:00,ATL,ORL,124,112,0,,,,,,,,,"{""indoor"": true}"
NBA-20260316-GS-WSH-19,NBA,2026-03-16T23:00:00,WSH,GS,117,125,0,,,,,,,,,"{""indoor"": true}"
NBA-20260316-POR-BKN-19,NBA,2026-03-16T23:30:00,BKN,POR,95,114,0,,,,,,,,,"{""indoor"": true}"
NBA-20260316-PHX-BOS-19,NBA,2026-03-16T23:30:00,BOS,PHX,120,112,0,,,,,,,,,"{""indoor"": true}"
NBA-20260316-MEM-CHI-20,NBA,2026-03-17T00:00:00,CHI,MEM,132,107,0,,,,,,,,,"{""indoor"": true}"
NBA-20260316-DAL-NO-20,NBA,2026-03-17T00:00:00,NO,DAL,129,111,0,,,,,,,,,"{""indoor"": true}"
NBA-20260316-LAL-HOU-21,NBA,2026-03-17T01:30:00,HOU,LAL,92,100,0,,,,,,,,,"{""indoor"": true}"
NBA-20260316-SA-LAC-22,NBA,2026-03-17T02:00:00,LAC,SA,115,119,0,,,,,,,,,"{""indoor"": true}"
NBA-20260317-MIA-CHA-19,NBA,2026-03-17T23:00:00,CHA,MIA,136,106,0,,,,,,,,,"{""indoor"": true}"
NBA-20260317-OKC-ORL-19,NBA,2026-03-17T23:00:00,ORL,OKC,108,113,0,,,,,,,,,"{""indoor"": true}"
NBA-20260317-DET-WSH-19,NBA,2026-03-17T23:00:00,WSH,DET,117,130,0,,,,,,,,,"{""indoor"": true}"
NBA-20260317-IND-NY-19,NBA,2026-03-17T23:30:00,NY,IND,136,110,0,,,,,,,,,"{""indoor"": true}"
NBA-20260317-CLE-MIL-20,NBA,2026-03-18T00:00:00,MIL,CLE,116,123,0,,,,,,,,,"{""indoor"": true}"
NBA-20260317-PHX-MIN-20,NBA,2026-03-18T00:00:00,MIN,PHX,116,104,0,,,,,,,,,"{""indoor"": true}"
NBA-20260317-PHI-DEN-22,NBA,2026-03-18T02:00:00,DEN,PHI,124,96,0,,,,,,,,,"{""indoor"": true}"
NBA-20260317-SA-SAC-22,NBA,2026-03-18T02:00:00,SAC,SA,104,132,0,,,,,,,,,"{""indoor"": true}"
NBA-20260318-GS-BOS-19,NBA,2026-03-18T23:00:00,BOS,GS,120,99,0,,,,,,,,,"{""indoor"": true}"
NBA-20260318-OKC-BKN-19,NBA,2026-03-18T23:30:00,BKN,OKC,92,121,0,,,,,,,,,"{""indoor"": true}"
NBA-20260318-POR-IND-19,NBA,2026-03-18T23:30:00,IND,POR,119,127,0,,,,,,,,,"{""indoor"": true}"
NBA-20260318-TOR-CHI-20,NBA,2026-03-19T00:00:00,CHI,TOR,109,139,0,,,,,,,,,"{""indoor"": true}"
NBA-20260318-UTAH-MIN-20,NBA,2026-03-19T00:00:00,MIN,UTAH,147,111,0,,,,,,,,,"{""indoor"": true}"
NBA-20260318-LAC-NO-20,NBA,2026-03-19T00:00:00,NO,LAC,124,109,0,,,,,,,,,"{""indoor"": true}"
NBA-20260318-ATL-DAL-20,NBA,2026-03-19T00:30:00,DAL,ATL,120,135,0,,,,,,,,,"{""indoor"": true}"
NBA-20260318-DEN-MEM-20,NBA,2026-03-19T00:30:00,MEM,DEN,125,118,0,,,,,,,,,"{""indoor"": true}"
NBA-20260318-LAL-HOU-21,NBA,2026-03-19T01:30:00,HOU,LAL,116,124,0,,,,,,,,,"{""indoor"": true}"
NBA-20260319-ORL-CHA-19,NBA,2026-03-19T23:00:00,CHA,ORL,130,111,0,,,,,,,,,"{""indoor"": true}"
NBA-20260319-DET-WSH-19,NBA,2026-03-19T23:00:00,WSH,DET,95,117,0,,,,,,,,,"{""indoor"": true}"
NBA-20260319-LAL-MIA-20,NBA,2026-03-20T00:00:00,MIA,LAL,126,134,0,,,,,,,,,"{""indoor"": true}"
NBA-20260319-CLE-CHI-20,NBA,2026-03-20T00:00:00,CHI,CLE,110,115,0,,,,,,,,,"{""indoor"": true}"
NBA-20260319-LAC-NO-20,NBA,2026-03-20T00:00:00,NO,LAC,105,99,0,,,,,,,,,"{""indoor"": true}"
NBA-20260319-PHX-SA-20,NBA,2026-03-20T00:00:00,SA,PHX,101,100,0,,,,,,,,,"{""indoor"": true}"
NBA-20260319-MIL-UTAH-21,NBA,2026-03-20T01:00:00,UTAH,MIL,128,96,0,,,,,,,,,"{""indoor"": true}"
NBA-20260319-PHI-SAC-22,NBA,2026-03-20T02:00:00,SAC,PHI,118,139,0,,,,,,,,,"{""indoor"": true}"
NBA-20260320-NY-BKN-19,NBA,2026-03-20T23:30:00,BKN,NY,92,93,0,,,,,,,,,"{""indoor"": true}"
NBA-20260320-GS-DET-19,NBA,2026-03-20T23:30:00,DET,GS,115,101,0,,,,,,,,,"{""indoor"": true}"
NBA-20260320-ATL-HOU-20,NBA,2026-03-21T00:00:00,HOU,ATL,117,95,0,,,,,,,,,"{""indoor"": true}"
NBA-20260320-BOS-MEM-20,NBA,2026-03-21T00:00:00,MEM,BOS,112,117,0,,,,,,,,,"{""indoor"": true}"
NBA-20260320-POR-MIN-20,NBA,2026-03-21T00:00:00,MIN,POR,104,108,0,,,,,,,,,"{""indoor"": true}"
NBA-20260320-TOR-DEN-21,NBA,2026-03-21T01:00:00,DEN,TOR,121,115,0,,,,,,,,,"{""indoor"": true}"
NBA-20260321-OKC-WSH-17,NBA,2026-03-21T21:00:00,WSH,OKC,111,132,0,,,,,,,,,"{""indoor"": true}"
NBA-20260321-MEM-CHA-19,NBA,2026-03-21T23:00:00,CHA,MEM,124,101,0,,,,,,,,,"{""indoor"": true}"
NBA-20260321-LAL-ORL-19,NBA,2026-03-21T23:00:00,ORL,LAL,104,105,0,,,,,,,,,"{""indoor"": true}"
NBA-20260321-CLE-NO-19,NBA,2026-03-21T23:00:00,NO,CLE,106,111,0,,,,,,,,,"{""indoor"": true}"
NBA-20260321-GS-ATL-20,NBA,2026-03-22T00:00:00,ATL,GS,126,110,0,,,,,,,,,"{""indoor"": true}"
NBA-20260321-MIA-HOU-20,NBA,2026-03-22T00:00:00,HOU,MIA,123,122,0,,,,,,,,,"{""indoor"": true}"
NBA-20260321-IND-SA-20,NBA,2026-03-22T00:00:00,SA,IND,134,119,0,,,,,,,,,"{""indoor"": true}"
NBA-20260321-LAC-DAL-20,NBA,2026-03-22T00:30:00,DAL,LAC,131,138,0,,,,,,,,,"{""indoor"": true}"
NBA-20260321-PHI-UTAH-21,NBA,2026-03-22T01:30:00,UTAH,PHI,116,126,0,,,,,,,,,"{""indoor"": true}"
NBA-20260321-MIL-PHX-22,NBA,2026-03-22T02:00:00,PHX,MIL,105,108,0,,,,,,,,,"{""indoor"": true}"
NBA-20260322-POR-DEN-17,NBA,2026-03-22T21:00:00,DEN,POR,128,112,0,,,,,,,,,"{""indoor"": true}"
NBA-20260322-BKN-SAC-18,NBA,2026-03-22T22:00:00,SAC,BKN,126,122,0,,,,,,,,,"{""indoor"": true}"
NBA-20260322-WSH-NY-19,NBA,2026-03-22T23:30:00,NY,WSH,145,113,0,,,,,,,,,"{""indoor"": true}"
NBA-20260322-MIN-BOS-20,NBA,2026-03-23T00:00:00,BOS,MIN,92,102,0,,,,,,,,,"{""indoor"": true}"
NBA-20260322-TOR-PHX-21,NBA,2026-03-23T01:00:00,PHX,TOR,120,98,0,,,,,,,,,"{""indoor"": true}"
NBA-20260323-LAL-DET-19,NBA,2026-03-23T23:00:00,DET,LAL,113,110,0,,,,,,,,,"{""indoor"": true}"
NBA-20260323-IND-ORL-19,NBA,2026-03-23T23:00:00,ORL,IND,126,128,0,,,,,,,,,"{""indoor"": true}"
NBA-20260323-OKC-PHI-19,NBA,2026-03-23T23:00:00,PHI,OKC,103,123,0,,,,,,,,,"{""indoor"": true}"
NBA-20260323-SA-MIA-19,NBA,2026-03-23T23:00:00,MIA,SA,111,136,0,,,,,,,,,"{""indoor"": true}"
NBA-20260323-MEM-ATL-19,NBA,2026-03-23T23:30:00,ATL,MEM,146,107,0,,,,,,,,,"{""indoor"": true}"
NBA-20260323-HOU-CHI-20,NBA,2026-03-24T00:00:00,CHI,HOU,132,124,0,,,,,,,,,"{""indoor"": true}"
NBA-20260323-TOR-UTAH-21,NBA,2026-03-24T01:00:00,UTAH,TOR,127,143,0,,,,,,,,,"{""indoor"": true}"
NBA-20260323-GS-DAL-21,NBA,2026-03-24T01:30:00,DAL,GS,131,137,0,,,,,,,,,"{""indoor"": true}"
NBA-20260323-BKN-POR-22,NBA,2026-03-24T02:00:00,POR,BKN,134,99,0,,,,,,,,,"{""indoor"": true}"
NBA-20260323-MIL-LAC-22,NBA,2026-03-24T02:30:00,LAC,MIL,129,96,0,,,,,,,,,"{""indoor"": true}"
NBA-20260324-SAC-CHA-19,NBA,2026-03-24T23:00:00,CHA,SAC,134,90,0,,,,,,,,,"{""indoor"": true}"
NBA-20260324-NO-NY-19,NBA,2026-03-24T23:30:00,NY,NO,121,116,0,,,,,,,,,"{""indoor"": true}"
NBA-20260324-ORL-CLE-20,NBA,2026-03-25T00:00:00,CLE,ORL,136,131,0,,,,,,,,,"{""indoor"": true}"
NBA-20260324-DEN-PHX-23,NBA,2026-03-25T03:00:00,PHX,DEN,123,125,0,,,,,,,,,"{""indoor"": true}"
NBA-20260325-ATL-DET-19,NBA,2026-03-25T23:00:00,DET,ATL,129,130,0,,,,,,,,,"{""indoor"": true}"
NBA-20260325-LAL-IND-19,NBA,2026-03-25T23:00:00,IND,LAL,130,137,0,,,,,,,,,"{""indoor"": true}"
NBA-20260325-CHI-PHI-19,NBA,2026-03-25T23:00:00,PHI,CHI,157,137,0,,,,,,,,,"{""indoor"": true}"
NBA-20260325-OKC-BOS-19,NBA,2026-03-25T23:30:00,BOS,OKC,119,109,0,,,,,,,,,"{""indoor"": true}"
NBA-20260325-MIA-CLE-19,NBA,2026-03-25T23:30:00,CLE,MIA,103,120,0,,,,,,,,,"{""indoor"": true}"
NBA-20260325-SA-MEM-20,NBA,2026-03-26T00:00:00,MEM,SA,98,123,0,,,,,,,,,"{""indoor"": true}"
NBA-20260325-WSH-UTAH-21,NBA,2026-03-26T01:00:00,UTAH,WSH,110,133,0,,,,,,,,,"{""indoor"": true}"
NBA-20260325-HOU-MIN-21,NBA,2026-03-26T01:42:00,MIN,HOU,110,108,0,,,,,,,,,"{""indoor"": true}"
NBA-20260325-DAL-DEN-22,NBA,2026-03-26T02:00:00,DEN,DAL,142,135,0,,,,,,,,,"{""indoor"": true}"
NBA-20260325-BKN-GS-22,NBA,2026-03-26T02:00:00,GS,BKN,109,106,0,,,,,,,,,"{""indoor"": true}"
NBA-20260325-MIL-POR-22,NBA,2026-03-26T02:00:00,POR,MIL,130,99,0,,,,,,,,,"{""indoor"": true}"
NBA-20260325-TOR-LAC-22,NBA,2026-03-26T02:30:00,LAC,TOR,119,94,0,,,,,,,,,"{""indoor"": true}"
NBA-20260326-NY-CHA-19,NBA,2026-03-26T23:00:00,CHA,NY,114,103,0,,,,,,,,,"{""indoor"": true}"
NBA-20260326-NO-DET-19,NBA,2026-03-26T23:00:00,DET,NO,129,108,0,,,,,,,,,"{""indoor"": true}"
NBA-20260326-SAC-ORL-19,NBA,2026-03-26T23:00:00,ORL,SAC,121,117,0,,,,,,,,,"{""indoor"": true}"
NBA-20260327-LAC-IND-19,NBA,2026-03-27T23:00:00,IND,LAC,113,114,0,,,,,,,,,"{""indoor"": true}"
NBA-20260327-ATL-BOS-19,NBA,2026-03-27T23:30:00,BOS,ATL,109,102,0,,,,,,,,,"{""indoor"": true}"
NBA-20260327-MIA-CLE-19,NBA,2026-03-27T23:30:00,CLE,MIA,149,128,0,,,,,,,,,"{""indoor"": true}"
NBA-20260327-HOU-MEM-20,NBA,2026-03-28T00:00:00,MEM,HOU,109,119,0,,,,,,,,,"{""indoor"": true}"
NBA-20260327-CHI-OKC-20,NBA,2026-03-28T00:00:00,OKC,CHI,131,113,0,,,,,,,,,"{""indoor"": true}"
NBA-20260327-NO-TOR-20,NBA,2026-03-28T00:30:00,TOR,NO,119,106,0,,,,,,,,,"{""indoor"": true}"
NBA-20260327-UTAH-DEN-21,NBA,2026-03-28T01:00:00,DEN,UTAH,135,129,0,,,,,,,,,"{""indoor"": true}"
NBA-20260327-WSH-GS-22,NBA,2026-03-28T02:00:00,GS,WSH,131,126,0,,,,,,,,,"{""indoor"": true}"
NBA-20260327-DAL-POR-22,NBA,2026-03-28T02:00:00,POR,DAL,93,100,0,,,,,,,,,"{""indoor"": true}"
NBA-20260327-BKN-LAL-22,NBA,2026-03-28T02:30:00,LAL,BKN,116,99,0,,,,,,,,,"{""indoor"": true}"
NBA-20260328-SA-MIL-15,NBA,2026-03-28T19:00:00,MIL,SA,95,127,0,,,,,,,,,"{""indoor"": true}"
NBA-20260328-DET-MIN-17,NBA,2026-03-28T21:30:00,MIN,DET,87,109,0,,,,,,,,,"{""indoor"": true}"
NBA-20260328-PHI-CHA-18,NBA,2026-03-28T22:00:00,CHA,PHI,114,118,0,,,,,,,,,"{""indoor"": true}"
NBA-20260328-SAC-ATL-19,NBA,2026-03-28T23:30:00,ATL,SAC,123,113,0,,,,,,,,,"{""indoor"": true}"
NBA-20260328-CHI-MEM-20,NBA,2026-03-29T00:00:00,MEM,CHI,125,124,0,,,,,,,,,"{""indoor"": true}"
NBA-20260328-UTAH-PHX-22,NBA,2026-03-29T02:00:00,PHX,UTAH,134,109,0,,,,,,,,,"{""indoor"": true}"
NBA-20260329-LAC-MIL-15,NBA,2026-03-29T19:30:00,MIL,LAC,113,127,0,,,,,,,,,"{""indoor"": true}"
NBA-20260329-MIA-IND-17,NBA,2026-03-29T21:00:00,IND,MIA,135,118,0,,,,,,,,,"{""indoor"": true}"
NBA-20260329-SAC-BKN-18,NBA,2026-03-29T22:00:00,BKN,SAC,116,99,0,,,,,,,,,"{""indoor"": true}"
NBA-20260329-BOS-CHA-18,NBA,2026-03-29T22:00:00,CHA,BOS,99,114,0,,,,,,,,,"{""indoor"": true}"
NBA-20260329-ORL-TOR-18,NBA,2026-03-29T22:00:00,TOR,ORL,139,87,0,,,,,,,,,"{""indoor"": true}"
NBA-20260329-WSH-POR-18,NBA,2026-03-29T22:00:00,POR,WSH,123,88,0,,,,,,,,,"{""indoor"": true}"
NBA-20260329-HOU-NO-19,NBA,2026-03-29T23:00:00,NO,HOU,102,134,0,,,,,,,,,"{""indoor"": true}"
NBA-20260329-NY-OKC-19,NBA,2026-03-29T23:30:00,OKC,NY,111,100,0,,,,,,,,,"{""indoor"": true}"
NBA-20260329-GS-DEN-22,NBA,2026-03-30T02:00:00,DEN,GS,116,93,0,,,,,,,,,"{""indoor"": true}"
NBA-20260330-PHI-MIA-19,NBA,2026-03-30T23:00:00,MIA,PHI,119,109,0,,,,,,,,,"{""indoor"": true}"
NBA-20260330-BOS-ATL-19,NBA,2026-03-30T23:30:00,ATL,BOS,112,102,0,,,,,,,,,"{""indoor"": true}"
NBA-20260330-PHX-MEM-20,NBA,2026-03-31T00:00:00,MEM,PHX,105,131,0,,,,,,,,,"{""indoor"": true}"
NBA-20260330-CHI-SA-20,NBA,2026-03-31T00:00:00,SA,CHI,129,114,0,,,,,,,,,"{""indoor"": true}"
NBA-20260330-MIN-DAL-20,NBA,2026-03-31T00:30:00,DAL,MIN,94,124,0,,,,,,,,,"{""indoor"": true}"
NBA-20260330-CLE-UTAH-21,NBA,2026-03-31T01:00:00,UTAH,CLE,113,122,0,,,,,,,,,"{""indoor"": true}"
NBA-20260330-DET-OKC-21,NBA,2026-03-31T01:30:00,OKC,DET,114,110,0,,,,,,,,,"{""indoor"": true}"
NBA-20260330-WSH-LAL-22,NBA,2026-03-31T02:00:00,LAL,WSH,120,101,0,,,,,,,,,"{""indoor"": true}"
NBA-20260331-PHX-ORL-19,NBA,2026-03-31T23:00:00,ORL,PHX,115,111,0,,,,,,,,,"{""indoor"": true}"
NBA-20260331-CHA-BKN-19,NBA,2026-03-31T23:30:00,BKN,CHA,86,117,0,,,,,,,,,"{""indoor"": true}"
NBA-20260331-TOR-DET-20,NBA,2026-04-01T00:00:00,DET,TOR,127,116,0,,,,,,,,,"{""indoor"": true}"
NBA-20260331-NY-HOU-20,NBA,2026-04-01T00:00:00,HOU,NY,111,94,0,,,,,,,,,"{""indoor"": true}"
NBA-20260331-DAL-MIL-20,NBA,2026-04-01T00:00:00,MIL,DAL,123,99,0,,,,,,,,,"{""indoor"": true}"
NBA-20260331-CLE-LAL-22,NBA,2026-04-01T02:30:00,LAL,CLE,127,113,0,,,,,,,,,"{""indoor"": true}"
NBA-20260331-POR-LAC-23,NBA,2026-04-01T03:00:00,LAC,POR,104,114,0,,,,,,,,,"{""indoor"": true}"
NBA-20260401-PHI-WSH-19,NBA,2026-04-01T23:00:00,WSH,PHI,131,153,0,,,,,,,,,"{""indoor"": true}"
NBA-20260401-ATL-ORL-19,NBA,2026-04-01T23:00:00,ORL,ATL,101,130,0,,,,,,,,,"{""indoor"": true}"
NBA-20260401-BOS-MIA-19,NBA,2026-04-01T23:30:00,MIA,BOS,129,147,0,,,,,,,,,"{""indoor"": true}"
NBA-20260401-NY-MEM-20,NBA,2026-04-02T00:00:00,MEM,NY,119,130,0,,,,,,,,,"{""indoor"": true}"
NBA-20260401-SAC-TOR-20,NBA,2026-04-02T00:00:00,TOR,SAC,115,123,0,,,,,,,,,"{""indoor"": true}"
NBA-20260401-IND-CHI-20,NBA,2026-04-02T00:00:00,CHI,IND,126,145,0,,,,,,,,,"{""indoor"": true}"
NBA-20260401-MIL-HOU-20,NBA,2026-04-02T00:00:00,HOU,MIL,119,113,0,,,,,,,,,"{""indoor"": true}"
NBA-20260401-DEN-UTAH-21,NBA,2026-04-02T01:00:00,UTAH,DEN,117,130,0,,,,,,,,,"{""indoor"": true}"
NBA-20260401-SA-GS-22,NBA,2026-04-02T02:00:00,GS,SA,113,127,0,,,,,,,,,"{""indoor"": true}"
NBA-20260402-PHX-CHA-19,NBA,2026-04-02T23:00:00,CHA,PHX,127,107,0,,,,,,,,,"{""indoor"": true}"
NBA-20260402-MIN-DET-19,NBA,2026-04-02T23:00:00,DET,MIN,113,108,0,,,,,,,,,"{""indoor"": true}"
NBA-20260402-LAL-OKC-21,NBA,2026-04-03T01:30:00,OKC,LAL,139,96,0,,,,,,,,,"{""indoor"": true}"
NBA-20260402-CLE-GS-22,NBA,2026-04-03T02:00:00,GS,CLE,111,118,0,,,,,,,,,"{""indoor"": true}"
NBA-20260402-NO-POR-22,NBA,2026-04-03T02:00:00,POR,NO,118,106,0,,,,,,,,,"{""indoor"": true}"
NBA-20260402-SA-LAC-22,NBA,2026-04-03T02:30:00,LAC,SA,99,118,0,,,,,,,,,"{""indoor"": true}"
NBA-20260403-IND-CHA-19,NBA,2026-04-03T23:00:00,CHA,IND,129,108,0,,,,,,,,,"{""indoor"": true}"
NBA-20260403-MIN-PHI-19,NBA,2026-04-03T23:00:00,PHI,MIN,115,103,0,,,,,,,,,"{""indoor"": true}"
NBA-20260403-ATL-BKN-19,NBA,2026-04-03T23:30:00,BKN,ATL,107,141,0,,,,,,,,,"{""indoor"": true}"
NBA-20260403-CHI-NY-19,NBA,2026-04-03T23:30:00,NY,CHI,136,96,0,,,,,,,,,"{""indoor"": true}"
NBA-20260403-UTAH-HOU-20,NBA,2026-04-04T00:00:00,HOU,UTAH,140,106,0,,,,,,,,,"{""indoor"": true}"
NBA-20260403-TOR-MEM-20,NBA,2026-04-04T00:00:00,MEM,TOR,96,128,0,,,,,,,,,"{""indoor"": true}"
NBA-20260403-BOS-MIL-20,NBA,2026-04-04T00:00:00,MIL,BOS,101,133,0,,,,,,,,,"{""indoor"": true}"
NBA-20260403-ORL-DAL-20,NBA,2026-04-04T00:30:00,DAL,ORL,127,138,0,,,,,,,,,"{""indoor"": true}"
NBA-20260403-NO-SAC-22,NBA,2026-04-04T02:00:00,SAC,NO,117,113,0,,,,,,,,,"{""indoor"": true}"
NBA-20260404-WSH-MIA-15,NBA,2026-04-04T19:00:00,MIA,WSH,152,136,0,,,,,,,,,"{""indoor"": true}"
NBA-20260404-SA-DEN-15,NBA,2026-04-04T19:00:00,DEN,SA,136,134,0,,,,,,,,,"{""indoor"": true}"
NBA-20260404-DET-PHI-19,NBA,2026-04-04T23:00:00,PHI,DET,93,116,0,,,,,,,,,"{""indoor"": true}"
NBA-20260405-TOR-BOS-15,NBA,2026-04-05T19:30:00,BOS,TOR,115,101,0,,,,,,,,,"{""indoor"": true}"
NBA-20260405-WSH-BKN-15,NBA,2026-04-05T19:30:00,BKN,WSH,121,115,0,,,,,,,,,"{""indoor"": true}"
NBA-20260405-PHX-CHI-15,NBA,2026-04-05T19:30:00,CHI,PHX,110,120,0,,,,,,,,,"{""indoor"": true}"
NBA-20260405-MEM-MIL-15,NBA,2026-04-05T19:30:00,MIL,MEM,131,115,0,,,,,,,,,"{""indoor"": true}"
NBA-20260405-IND-CLE-18,NBA,2026-04-05T22:00:00,CLE,IND,117,108,0,,,,,,,,,"{""indoor"": true}"
NBA-20260405-CHA-MIN-19,NBA,2026-04-05T23:00:00,MIN,CHA,108,122,0,,,,,,,,,"{""indoor"": true}"
NBA-20260405-ORL-NO-19,NBA,2026-04-05T23:00:00,NO,ORL,108,112,0,,,,,,,,,"{""indoor"": true}"
NBA-20260405-UTAH-OKC-19,NBA,2026-04-05T23:00:00,OKC,UTAH,146,111,0,,,,,,,,,"{""indoor"": true}"
NBA-20260405-LAL-DAL-19,NBA,2026-04-05T23:30:00,DAL,LAL,134,128,0,,,,,,,,,"{""indoor"": true}"
NBA-20260405-LAC-SAC-21,NBA,2026-04-06T01:00:00,SAC,LAC,109,138,0,,,,,,,,,"{""indoor"": true}"
NBA-20260405-HOU-GS-22,NBA,2026-04-06T02:00:00,GS,HOU,116,117,0,,,,,,,,,"{""indoor"": true}"
NBA-20260406-NY-ATL-19,NBA,2026-04-06T23:00:00,ATL,NY,105,108,0,,,,,,,,,"{""indoor"": true}"
NBA-20260406-DET-ORL-19,NBA,2026-04-06T23:00:00,ORL,DET,123,107,0,,,,,,,,,"{""indoor"": true}"
NBA-20260406-CLE-MEM-20,NBA,2026-04-07T00:00:00,MEM,CLE,126,142,0,,,,,,,,,"{""indoor"": true}"
NBA-20260406-PHI-SA-20,NBA,2026-04-07T00:00:00,SA,PHI,115,102,0,,,,,,,,,"{""indoor"": true}"
NBA-20260406-POR-DEN-21,NBA,2026-04-07T01:00:00,DEN,POR,137,132,0,,,,,,,,,"{""indoor"": true}"
NBA-20260407-CHI-WSH-19,NBA,2026-04-07T23:00:00,WSH,CHI,98,129,0,,,,,,,,,"{""indoor"": true}"
NBA-20260407-MIN-IND-19,NBA,2026-04-07T23:00:00,IND,MIN,104,124,0,,,,,,,,,"{""indoor"": true}"
NBA-20260407-MIL-BKN-19,NBA,2026-04-07T23:30:00,BKN,MIL,96,90,0,,,,,,,,,"{""indoor"": true}"
NBA-20260407-MIA-TOR-19,NBA,2026-04-07T23:30:00,TOR,MIA,121,95,0,,,,,,,,,"{""indoor"": true}"
NBA-20260407-CHA-BOS-20,NBA,2026-04-08T00:00:00,BOS,CHA,113,102,0,,,,,,,,,"{""indoor"": true}"
NBA-20260407-UTAH-NO-20,NBA,2026-04-08T00:00:00,NO,UTAH,156,137,0,,,,,,,,,"{""indoor"": true}"
NBA-20260407-SAC-GS-22,NBA,2026-04-08T02:00:00,GS,SAC,110,105,0,,,,,,,,,"{""indoor"": true}"
NBA-20260407-OKC-LAL-22,NBA,2026-04-08T02:30:00,LAL,OKC,87,123,0,,,,,,,,,"{""indoor"": true}"
NBA-20260407-DAL-LAC-22,NBA,2026-04-08T02:30:00,LAC,DAL,116,103,0,,,,,,,,,"{""indoor"": true}"
NBA-20260407-HOU-PHX-23,NBA,2026-04-08T03:00:00,PHX,HOU,105,119,0,,,,,,,,,"{""indoor"": true}"
NBA-20260408-ATL-CLE-19,NBA,2026-04-08T23:00:00,CLE,ATL,122,116,0,,,,,,,,,"{""indoor"": true}"
NBA-20260408-MIN-ORL-19,NBA,2026-04-08T23:00:00,ORL,MIN,132,120,0,,,,,,,,,"{""indoor"": true}"
NBA-20260408-MIL-DET-19,NBA,2026-04-08T23:00:00,DET,MIL,137,111,0,,,,,,,,,"{""indoor"": true}"
NBA-20260408-MEM-DEN-21,NBA,2026-04-09T01:00:00,DEN,MEM,136,119,0,,,,,,,,,"{""indoor"": true}"
NBA-20260408-POR-SA-21,NBA,2026-04-09T01:30:00,SA,POR,112,101,0,,,,,,,,,"{""indoor"": true}"
NBA-20260408-OKC-LAC-22,NBA,2026-04-09T02:00:00,LAC,OKC,110,128,0,,,,,,,,,"{""indoor"": true}"
NBA-20260408-DAL-PHX-22,NBA,2026-04-09T02:00:00,PHX,DAL,112,107,0,,,,,,,,,"{""indoor"": true}"
NBA-20260409-MIA-TOR-19,NBA,2026-04-09T23:00:00,TOR,MIA,128,114,0,,,,,,,,,"{""indoor"": true}"
NBA-20260409-CHI-WSH-19,NBA,2026-04-09T23:00:00,WSH,CHI,108,119,0,,,,,,,,,"{""indoor"": true}"
NBA-20260409-IND-BKN-19,NBA,2026-04-09T23:30:00,BKN,IND,94,123,0,,,,,,,,,"{""indoor"": true}"
NBA-20260409-BOS-NY-19,NBA,2026-04-09T23:30:00,NY,BOS,112,106,0,,,,,,,,,"{""indoor"": true}"
NBA-20260409-PHI-HOU-20,NBA,2026-04-10T00:00:00,HOU,PHI,113,102,0,,,,,,,,,"{""indoor"": true}"
NBA-20260409-LAL-GS-22,NBA,2026-04-10T02:00:00,GS,LAL,103,119,0,,,,,,,,,"{""indoor"": true}"
NBA-20260410-DET-CHA-19,NBA,2026-04-10T23:00:00,CHA,DET,100,118,0,,,,,,,,,"{""indoor"": true}"
NBA-20260410-MIA-WSH-19,NBA,2026-04-10T23:00:00,WSH,MIA,117,140,0,,,,,,,,,"{""indoor"": true}"
NBA-20260410-CLE-ATL-19,NBA,2026-04-10T23:00:00,ATL,CLE,124,102,0,,,,,,,,,"{""indoor"": true}"
NBA-20260410-NO-BOS-19,NBA,2026-04-10T23:30:00,BOS,NO,144,118,0,,,,,,,,,"{""indoor"": true}"
NBA-20260410-PHI-IND-19,NBA,2026-04-10T23:30:00,IND,PHI,94,105,0,,,,,,,,,"{""indoor"": true}"
NBA-20260410-TOR-NY-19,NBA,2026-04-10T23:30:00,NY,TOR,112,95,0,,,,,,,,,"{""indoor"": true}"
NBA-20260410-ORL-CHI-20,NBA,2026-04-11T00:00:00,CHI,ORL,103,127,0,,,,,,,,,"{""indoor"": true}"
NBA-20260410-BKN-MIL-20,NBA,2026-04-11T00:00:00,MIL,BKN,125,108,0,,,,,,,,,"{""indoor"": true}"
NBA-20260410-DAL-SA-20,NBA,2026-04-11T00:00:00,SA,DAL,139,120,0,,,,,,,,,"{""indoor"": true}"
NBA-20260410-OKC-DEN-21,NBA,2026-04-11T01:00:00,DEN,OKC,127,107,0,,,,,,,,,"{""indoor"": true}"
NBA-20260410-MIN-HOU-21,NBA,2026-04-11T01:30:00,HOU,MIN,132,136,0,,,,,,,,,"{""indoor"": true}"
NBA-20260410-MEM-UTAH-21,NBA,2026-04-11T01:30:00,UTAH,MEM,147,101,0,,,,,,,,,"{""indoor"": true}"
NBA-20260410-LAC-POR-22,NBA,2026-04-11T02:00:00,POR,LAC,116,97,0,,,,,,,,,"{""indoor"": true}"
NBA-20260410-GS-SAC-22,NBA,2026-04-11T02:00:00,SAC,GS,124,118,0,,,,,,,,,"{""indoor"": true}"
NBA-20260410-PHX-LAL-22,NBA,2026-04-11T02:30:00,LAL,PHX,101,73,0,,,,,,,,,"{""indoor"": true}"
NBA-20260412-ORL-BOS-18,NBA,2026-04-12T22:00:00,BOS,ORL,113,108,0,,,,,,,,,"{""indoor"": true}"
NBA-20260412-WSH-CLE-18,NBA,2026-04-12T22:00:00,CLE,WSH,130,117,0,,,,,,,,,"{""indoor"": true}"
NBA-20260412-DET-IND-18,NBA,2026-04-12T22:00:00,IND,DET,121,133,0,,,,,,,,,"{""indoor"": true}"
NBA-20260412-ATL-MIA-18,NBA,2026-04-12T22:00:00,MIA,ATL,143,117,0,,,,,,,,,"{""indoor"": true}"
NBA-20260412-CHA-NY-18,NBA,2026-04-12T22:00:00,NY,CHA,96,110,0,,,,,,,,,"{""indoor"": true}"
NBA-20260412-MIL-PHI-18,NBA,2026-04-12T22:00:00,PHI,MIL,126,106,0,,,,,,,,,"{""indoor"": true}"
NBA-20260412-BKN-TOR-18,NBA,2026-04-12T22:00:00,TOR,BKN,136,101,0,,,,,,,,,"{""indoor"": true}"
NBA-20260412-CHI-DAL-20,NBA,2026-04-13T00:30:00,DAL,CHI,149,128,0,,,,,,,,,"{""indoor"": true}"
NBA-20260412-MEM-HOU-20,NBA,2026-04-13T00:30:00,HOU,MEM,132,101,0,,,,,,,,,"{""indoor"": true}"
NBA-20260412-NO-MIN-20,NBA,2026-04-13T00:30:00,MIN,NO,132,126,0,,,,,,,,,"{""indoor"": true}"
NBA-20260412-PHX-OKC-20,NBA,2026-04-13T00:30:00,OKC,PHX,103,135,0,,,,,,,,,"{""indoor"": true}"
NBA-20260412-DEN-SA-20,NBA,2026-04-13T00:30:00,SA,DEN,118,128,0,,,,,,,,,"{""indoor"": true}"
NBA-20260412-UTAH-LAL-20,NBA,2026-04-13T00:30:00,LAL,UTAH,131,107,0,,,,,,,,,"{""indoor"": true}"
NBA-20260412-GS-LAC-20,NBA,2026-04-13T00:30:00,LAC,GS,115,110,0,,,,,,,,,"{""indoor"": true}"
NBA-20260412-SAC-POR-20,NBA,2026-04-13T00:30:00,POR,SAC,122,110,0,,,,,,,,,"{""indoor"": true}"
NBA-20260414-MIA-CHA-19,NBA,2026-04-14T23:30:00,CHA,MIA,127,126,0,,,,,,,,,"{""indoor"": true}"
NBA-20260414-POR-PHX-22,NBA,2026-04-15T02:00:00,PHX,POR,110,114,0,,,,,,,,,"{""indoor"": true}"
NBA-20260415-ORL-PHI-19,NBA,2026-04-15T23:30:00,PHI,ORL,109,97,0,,,,,,,,,"{""indoor"": true}"
NBA-20260415-GS-LAC-22,NBA,2026-04-16T02:00:00,LAC,GS,121,126,0,,,,,,,,,"{""indoor"": true}"
NBA-20260417-CHA-ORL-19,NBA,2026-04-17T23:30:00,ORL,CHA,121,90,0,,,,,,,,,"{""indoor"": true}"
NBA-20260417-GS-PHX-22,NBA,2026-04-18T02:00:00,PHX,GS,111,96,0,,,,,,,,,"{""indoor"": true}"
NBA-20260418-TOR-CLE-13,NBA,2026-04-18T17:00:00,CLE,TOR,126,113,0,,,,,,,,,"{""indoor"": true}"
NBA-20260418-MIN-DEN-15,NBA,2026-04-18T19:30:00,DEN,MIN,116,105,0,,,,,,,,,"{""indoor"": true}"
NBA-20260418-ATL-NY-18,NBA,2026-04-18T22:00:00,NY,ATL,113,102,0,,,,,,,,,"{""indoor"": true}"
NBA-20260418-HOU-LAL-20,NBA,2026-04-19T00:30:00,LAL,HOU,107,98,0,,,,,,,,,"{""indoor"": true}"
NBA-20260419-PHI-BOS-13,NBA,2026-04-19T17:00:00,BOS,PHI,123,91,0,,,,,,,,,"{""indoor"": true}"
NBA-20260419-PHX-OKC-15,NBA,2026-04-19T19:30:00,OKC,PHX,119,84,0,,,,,,,,,"{""indoor"": true}"
NBA-20260419-ORL-DET-18,NBA,2026-04-19T22:30:00,DET,ORL,101,112,0,,,,,,,,,"{""indoor"": true}"
NBA-20260419-POR-SA-21,NBA,2026-04-20T01:00:00,SA,POR,111,98,0,,,,,,,,,"{""indoor"": true}"
NBA-20260420-TOR-CLE-19,NBA,2026-04-20T23:00:00,CLE,TOR,115,105,0,,,,,,,,,"{""indoor"": true}"
NBA-20260420-ATL-NY-20,NBA,2026-04-21T00:00:00,NY,ATL,106,107,0,,,,,,,,,"{""indoor"": true}"
NBA-20260420-MIN-DEN-22,NBA,2026-04-21T02:30:00,DEN,MIN,114,119,0,,,,,,,,,"{""indoor"": true}"
NBA-20260421-PHI-BOS-19,NBA,2026-04-21T23:00:00,BOS,PHI,97,111,0,,,,,,,,,"{""indoor"": true}"
NBA-20260421-POR-SA-20,NBA,2026-04-22T00:00:00,SA,POR,103,106,0,,,,,,,,,"{""indoor"": true}"
NBA-20260421-HOU-LAL-22,NBA,2026-04-22T02:30:00,LAL,HOU,101,94,0,,,,,,,,,"{""indoor"": true}"
NBA-20260422-ORL-DET-19,NBA,2026-04-22T23:00:00,DET,ORL,98,83,0,,,,,,,,,"{""indoor"": true}"
NBA-20260422-PHX-OKC-21,NBA,2026-04-23T01:30:00,OKC,PHX,120,107,0,,,,,,,,,"{""indoor"": true}"
NBA-20260423-NY-ATL-19,NBA,2026-04-23T23:00:00,ATL,NY,109,108,0,,,,,,,,,"{""indoor"": true}"
NBA-20260423-CLE-TOR-20,NBA,2026-04-24T00:00:00,TOR,CLE,126,104,0,,,,,,,,,"{""indoor"": true}"
NBA-20260423-DEN-MIN-21,NBA,2026-04-24T01:30:00,MIN,DEN,113,96,0,,,,,,,,,"{""indoor"": true}"
NBA-20260424-BOS-PHI-19,NBA,2026-04-24T23:00:00,PHI,BOS,100,108,0,,,,,,,,,"{""indoor"": true}"
NBA-20260424-LAL-HOU-20,NBA,2026-04-25T00:00:00,HOU,LAL,108,112,0,,,,,,,,,"{""indoor"": true}"
NBA-20260424-SA-POR-22,NBA,2026-04-25T02:30:00,POR,SA,108,120,0,,,,,,,,,"{""indoor"": true}"
NBA-20260425-DET-ORL-13,NBA,2026-04-25T17:00:00,ORL,DET,113,105,0,,,,,,,,,"{""indoor"": true}"
NBA-20260425-OKC-PHX-15,NBA,2026-04-25T19:30:00,PHX,OKC,109,121,0,,,,,,,,,"{""indoor"": true}"
NBA-20260425-NY-ATL-18,NBA,2026-04-25T22:00:00,ATL,NY,98,114,0,,,,,,,,,"{""indoor"": true}"
NBA-20260425-DEN-MIN-20,NBA,2026-04-26T00:30:00,MIN,DEN,112,96,0,,,,,,,,,"{""indoor"": true}"
NBA-20260426-CLE-TOR-13,NBA,2026-04-26T17:00:00,TOR,CLE,93,89,0,,,,,,,,,"{""indoor"": true}"
NBA-20260426-SA-POR-15,NBA,2026-04-26T19:30:00,POR,SA,93,114,0,,,,,,,,,"{""indoor"": true}"
NBA-20260426-BOS-PHI-19,NBA,2026-04-26T23:00:00,PHI,BOS,96,128,0,,,,,,,,,"{""indoor"": true}"
NBA-20260426-LAL-HOU-21,NBA,2026-04-27T01:30:00,HOU,LAL,115,96,0,,,,,,,,,"{""indoor"": true}"
NBA-20260427-DET-ORL-20,NBA,2026-04-28T00:00:00,ORL,DET,94,88,0,,,,,,,,,"{""indoor"": true}"
NBA-20260427-OKC-PHX-21,NBA,2026-04-28T01:30:00,PHX,OKC,122,131,0,,,,,,,,,"{""indoor"": true}"
NBA-20260427-MIN-DEN-22,NBA,2026-04-28T02:30:00,DEN,MIN,125,113,0,,,,,,,,,"{""indoor"": true}"
NBA-20260428-PHI-BOS-19,NBA,2026-04-28T23:00:00,BOS,PHI,97,113,0,,,,,,,,,"{""indoor"": true}"
NBA-20260428-ATL-NY-20,NBA,2026-04-29T00:00:00,NY,ATL,126,97,0,,,,,,,,,"{""indoor"": true}"
NBA-20260428-POR-SA-21,NBA,2026-04-29T01:30:00,SA,POR,114,95,0,,,,,,,,,"{""indoor"": true}"
NBA-20260429-ORL-DET-19,NBA,2026-04-29T23:00:00,DET,ORL,116,109,0,,,,,,,,,"{""indoor"": true}"
NBA-20260429-TOR-CLE-19,NBA,2026-04-29T23:30:00,CLE,TOR,125,120,0,,,,,,,,,"{""indoor"": true}"
NBA-20260429-HOU-LAL-22,NBA,2026-04-30T02:00:00,LAL,HOU,93,99,0,,,,,,,,,"{""indoor"": true}"
NBA-20260430-NY-ATL-19,NBA,2026-04-30T23:00:00,ATL,NY,89,140,0,,,,,,,,,"{""indoor"": true}"
NBA-20260430-BOS-PHI-20,NBA,2026-05-01T00:00:00,PHI,BOS,106,93,0,,,,,,,,,"{""indoor"": true}"
NBA-20260430-DEN-MIN-21,NBA,2026-05-01T01:30:00,MIN,DEN,110,98,0,,,,,,,,,"{""indoor"": true}"
NBA-20260501-DET-ORL-19,NBA,2026-05-01T23:00:00,ORL,DET,79,93,0,,,,,,,,,"{""indoor"": true}"
NBA-20260501-CLE-TOR-19,NBA,2026-05-01T23:30:00,TOR,CLE,112,110,0,,,,,,,,,"{""indoor"": true}"
NBA-20260501-LAL-HOU-21,NBA,2026-05-02T01:30:00,HOU,LAL,78,98,0,,,,,,,,,"{""indoor"": true}"
NBA-20260502-PHI-BOS-19,NBA,2026-05-02T23:30:00,BOS,PHI,100,109,0,,,,,,,,,"{""indoor"": true}"
NBA-20260503-ORL-DET-15,NBA,2026-05-03T19:30:00,DET,ORL,116,94,0,,,,,,,,,"{""indoor"": true}"
NBA-20260503-TOR-CLE-19,NBA,2026-05-03T23:30:00,CLE,TOR,114,102,0,,,,,,,,,"{""indoor"": true}"
NBA-20260504-PHI-NY-20,NBA,2026-05-05T00:00:00,NY,PHI,137,98,0,,,,,,,,,"{""indoor"": true}"
NBA-20260504-MIN-SA-21,NBA,2026-05-05T01:30:00,SA,MIN,102,104,0,,,,,,,,,"{""indoor"": true}"
NBA-20260505-CLE-DET-19,NBA,2026-05-05T23:00:00,DET,CLE,111,101,0,,,,,,,,,"{""indoor"": true}"
NBA-20260505-LAL-OKC-20,NBA,2026-05-06T00:30:00,OKC,LAL,108,90,0,,,,,,,,,"{""indoor"": true}"
NBA-20260506-PHI-NY-19,NBA,2026-05-06T23:00:00,NY,PHI,108,102,0,,,,,,,,,"{""indoor"": true}"
NBA-20260506-MIN-SA-21,NBA,2026-05-07T01:30:00,SA,MIN,133,95,0,,,,,,,,,"{""indoor"": true}"
NBA-20260507-CLE-DET-19,NBA,2026-05-07T23:00:00,DET,CLE,107,97,0,,,,,,,,,"{""indoor"": true}"
NBA-20260507-LAL-OKC-21,NBA,2026-05-08T01:30:00,OKC,LAL,125,107,0,,,,,,,,,"{""indoor"": true}"
NBA-20260508-NY-PHI-19,NBA,2026-05-08T23:00:00,PHI,NY,94,108,0,,,,,,,,,"{""indoor"": true}"
NBA-20260508-SA-MIN-21,NBA,2026-05-09T01:30:00,MIN,SA,108,115,0,,,,,,,,,"{""indoor"": true}"
NBA-20260509-DET-CLE-15,NBA,2026-05-09T19:00:00,CLE,DET,116,109,0,,,,,,,,,"{""indoor"": true}"
NBA-20260509-OKC-LAL-20,NBA,2026-05-10T00:30:00,LAL,OKC,108,131,0,,,,,,,,,"{""indoor"": true}"
NBA-20260510-NY-PHI-15,NBA,2026-05-10T19:30:00,PHI,NY,114,144,0,,,,,,,,,"{""indoor"": true}"
NBA-20260510-SA-MIN-19,NBA,2026-05-10T23:30:00,MIN,SA,114,109,0,,,,,,,,,"{""indoor"": true}"
NBA-20260511-DET-CLE-20,NBA,2026-05-12T00:00:00,CLE,DET,112,103,0,,,,,,,,,"{""indoor"": true}"
NBA-20260511-OKC-LAL-22,NBA,2026-05-12T02:30:00,LAL,OKC,110,115,0,,,,,,,,,"{""indoor"": true}"
NBA-20260512-MIN-SA-20,NBA,2026-05-13T00:00:00,SA,MIN,126,97,0,,,,,,,,,"{""indoor"": true}"
NBA-20260513-CLE-DET-20,NBA,2026-05-14T00:00:00,DET,CLE,113,117,0,,,,,,,,,"{""indoor"": true}"
NBA-20260515-DET-CLE-19,NBA,2026-05-15T23:00:00,CLE,DET,94,115,0,,,,,,,,,"{""indoor"": true}"
NBA-20260515-SA-MIN-21,NBA,2026-05-16T01:30:00,MIN,SA,109,139,0,,,,,,,,,"{""indoor"": true}"
NBA-20260517-CLE-DET-20,NBA,2026-05-18T00:00:00,DET,CLE,94,125,0,,,,,,,,,"{""indoor"": true}"
NBA-20260518-SA-OKC-20,NBA,2026-05-19T00:30:00,OKC,SA,115,122,0,,,,,,,,,"{""indoor"": true}"
NBA-20260519-CLE-NY-20,NBA,2026-05-20T00:00:00,NY,CLE,115,104,0,,,,,,,,,"{""indoor"": true}"
NBA-20260520-SA-OKC-20,NBA,2026-05-21T00:30:00,OKC,SA,122,113,0,,,,,,,,,"{""indoor"": true}"
NBA-20260521-CLE-NY-20,NBA,2026-05-22T00:00:00,NY,CLE,109,93,0,,,,,,,,,"{""indoor"": true}"
NBA-20260522-OKC-SA-20,NBA,2026-05-23T00:30:00,SA,OKC,108,123,0,,,,,,,,,"{""indoor"": true}"
NBA-20260523-NY-CLE-20,NBA,2026-05-24T00:00:00,CLE,NY,108,121,0,,,,,,,,,"{""indoor"": true}"
NBA-20260524-OKC-SA-20,NBA,2026-05-25T00:00:00,SA,OKC,103,82,0,,,,,,,,,"{""indoor"": true}"
NBA-20260525-NY-CLE-20,NBA,2026-05-26T00:00:00,CLE,NY,93,130,0,,,,,,,,,"{""indoor"": true}"
NBA-20260526-SA-OKC-20,NBA,2026-05-27T00:30:00,OKC,SA,127,114,0,,,,,,,,,"{""indoor"": true}"
NBA-20260528-OKC-SA-20,NBA,2026-05-29T00:30:00,SA,OKC,118,91,0,,,,,,,,,"{""indoor"": true}"
NBA-20260530-SA-OKC-20,NBA,2026-05-31T00:00:00,OKC,SA,103,111,0,,,,,,,,,"{""indoor"": true}"
NBA-20260603-NY-SA-20,NBA,2026-06-04T00:30:00,SA,NY,95,105,0,,,,,,,,,"{""indoor"": true}"
NBA-20260605-NY-SA-20,NBA,2026-06-06T00:30:00,SA,NY,104,105,0,,,,,,,,,"{""indoor"": true}"
NBA-20260608-SA-NY-20,NBA,2026-06-09T00:30:00,NY,SA,111,115,0,,,,,,,,,"{""indoor"": true}"
NBA-20260610-SA-NY-20,NBA,2026-06-11T00:30:00,NY,SA,107,106,0,,,,,,,,,"{""indoor"": true}"
NBA-20260613-NY-SA-20,NBA,2026-06-14T00:30:00,SA,NY,90,94,0,,,,,,,,,"{""indoor"": true}"
