game_id,league,date,home,away,home_score,away_score,neutral,home_ml,away_ml,spread,home_spread_price,away_spread_price,total,over_price,under_price,extras
NHL-20241004-NJ-BUF-13,NHL,2024-10-04T17:00:00,BUF,NJ,1,4,1,,,,,,,,,"{""indoor"": true}"
NHL-20241005-BUF-NJ-10,NHL,2024-10-05T14:00:00,NJ,BUF,3,1,1,,,,,,,,,"{""indoor"": true}"
NHL-20241008-STL-SEA-16,NHL,2024-10-08T20:30:00,SEA,STL,2,3,0,,,,,,,,,"{""indoor"": true}"
NHL-20241008-BOS-FLA-19,NHL,2024-10-08T23:00:00,FLA,BOS,6,4,0,,,,,,,,,"{""indoor"": true}"
NHL-20241008-CHI-UTAH-22,NHL,2024-10-09T02:00:00,UTAH,CHI,5,2,0,,,,,,,,,"{""indoor"": true}"
NHL-20241009-TOR-MTL-19,NHL,2024-10-09T23:00:00,MTL,TOR,1,0,0,,,,,,,,,"{""indoor"": true}"
NHL-20241009-NYR-PIT-19,NHL,2024-10-09T23:30:00,PIT,NYR,0,6,0,,,,,,,,,"{""indoor"": true}"
NHL-20241009-WPG-EDM-22,NHL,2024-10-10T02:00:00,EDM,WPG,0,6,0,,,,,,,,,"{""indoor"": true}"
NHL-20241009-CGY-VAN-22,NHL,2024-10-10T02:00:00,VAN,CGY,5,6,0,,,,,,,,,"{""indoor"": true}"
NHL-20241009-COL-VGK-22,NHL,2024-10-10T02:00:00,VGK,COL,8,4,0,,,,,,,,,"{""indoor"": true}"
NHL-20241010-MTL-BOS-19,NHL,2024-10-10T23:00:00,BOS,MTL,6,4,0,,,,,,,,,"{""indoor"": true}"
NHL-20241010-LA-BUF-19,NHL,2024-10-10T23:00:00,BUF,LA,1,3,0,,,,,,,,,"{""indoor"": true}"
NHL-20241010-FLA-OTT-19,NHL,2024-10-10T23:00:00,OTT,FLA,3,1,0,,,,,,,,,"{""indoor"": true}"
NHL-20241010-TOR-NJ-19,NHL,2024-10-10T23:00:00,NJ,TOR,2,4,0,,,,,,,,,"{""indoor"": true}"
NHL-20241010-UTAH-NYI-19,NHL,2024-10-10T23:30:00,NYI,UTAH,4,5,0,,,,,,,,,"{""indoor"": true}"
NHL-20241010-PIT-DET-20,NHL,2024-10-11T00:00:00,DET,PIT,3,6,0,,,,,,,,,"{""indoor"": true}"
NHL-20241010-DAL-NSH-20,NHL,2024-10-11T00:00:00,NSH,DAL,3,4,0,,,,,,,,,"{""indoor"": true}"
NHL-20241010-CBJ-MIN-20,NHL,2024-10-11T00:00:00,MIN,CBJ,3,2,0,,,,,,,,,"{""indoor"": true}"
NHL-20241010-STL-SJ-22,NHL,2024-10-11T02:30:00,SJ,STL,4,5,0,,,,,,,,,"{""indoor"": true}"
NHL-20241011-TB-CAR-19,NHL,2024-10-11T23:00:00,CAR,TB,1,4,0,,,,,,,,,"{""indoor"": true}"
NHL-20241011-CHI-WPG-20,NHL,2024-10-12T00:00:00,WPG,CHI,2,1,0,,,,,,,,,"{""indoor"": true}"
NHL-20241011-PHI-VAN-22,NHL,2024-10-12T02:00:00,VAN,PHI,2,3,0,,,,,,,,,"{""indoor"": true}"
NHL-20241011-STL-VGK-22,NHL,2024-10-12T02:00:00,VGK,STL,4,3,0,,,,,,,,,"{""indoor"": true}"
NHL-20241012-LA-BOS-13,NHL,2024-10-12T17:00:00,BOS,LA,2,1,0,,,,,,,,,"{""indoor"": true}"
NHL-20241012-FLA-BUF-19,NHL,2024-10-12T23:00:00,BUF,FLA,5,2,0,,,,,,,,,"{""indoor"": true}"
NHL-20241012-PIT-TOR-19,NHL,2024-10-12T23:00:00,TOR,PIT,4,2,0,,,,,,,,,"{""indoor"": true}"
NHL-20241012-OTT-MTL-19,NHL,2024-10-12T23:00:00,MTL,OTT,4,1,0,,,,,,,,,"{""indoor"": true}"
NHL-20241012-NSH-DET-19,NHL,2024-10-12T23:00:00,DET,NSH,3,0,0,,,,,,,,,"{""indoor"": true}"
NHL-20241012-UTAH-NYR-19,NHL,2024-10-12T23:00:00,NYR,UTAH,5,6,0,,,,,,,,,"{""indoor"": true}"
NHL-20241012-NJ-WSH-19,NHL,2024-10-12T23:00:00,WSH,NJ,3,5,0,,,,,,,,,"{""indoor"": true}"
NHL-20241012-NYI-DAL-20,NHL,2024-10-13T00:00:00,DAL,NYI,3,0,0,,,,,,,,,"{""indoor"": true}"
NHL-20241012-SEA-MIN-20,NHL,2024-10-13T00:00:00,MIN,SEA,4,5,0,,,,,,,,,"{""indoor"": true}"
NHL-20241012-CBJ-COL-21,NHL,2024-10-13T01:00:00,COL,CBJ,4,6,0,,,,,,,,,"{""indoor"": true}"
NHL-20241012-PHI-CGY-22,NHL,2024-10-13T02:00:00,CGY,PHI,6,3,0,,,,,,,,,"{""indoor"": true}"
NHL-20241012-CHI-EDM-22,NHL,2024-10-13T02:00:00,EDM,CHI,2,5,0,,,,,,,,,"{""indoor"": true}"
NHL-20241012-ANA-SJ-22,NHL,2024-10-13T02:00:00,SJ,ANA,0,2,0,,,,,,,,,"{""indoor"": true}"
NHL-20241013-MIN-WPG-18,NHL,2024-10-13T22:00:00,WPG,MIN,2,1,0,,,,,,,,,"{""indoor"": true}"
NHL-20241013-SEA-DAL-20,NHL,2024-10-14T00:00:00,DAL,SEA,2,0,0,,,,,,,,,"{""indoor"": true}"
NHL-20241013-CGY-EDM-20,NHL,2024-10-14T00:00:00,EDM,CGY,1,4,0,,,,,,,,,"{""indoor"": true}"
NHL-20241013-ANA-VGK-22,NHL,2024-10-14T02:00:00,VGK,ANA,3,1,0,,,,,,,,,"{""indoor"": true}"
NHL-20241014-FLA-BOS-13,NHL,2024-10-14T17:00:00,BOS,FLA,3,4,0,,,,,,,,,"{""indoor"": true}"
NHL-20241014-LA-OTT-13,NHL,2024-10-14T17:00:00,OTT,LA,8,7,0,,,,,,,,,"{""indoor"": true}"
NHL-20241014-UTAH-NJ-13,NHL,2024-10-14T17:00:00,NJ,UTAH,3,0,0,,,,,,,,,"{""indoor"": true}"
NHL-20241014-DET-NYR-19,NHL,2024-10-14T23:00:00,NYR,DET,4,1,0,,,,,,,,,"{""indoor"": true}"
NHL-20241014-PIT-MTL-19,NHL,2024-10-14T23:30:00,MTL,PIT,3,6,0,,,,,,,,,"{""indoor"": true}"
NHL-20241014-NYI-COL-21,NHL,2024-10-15T01:00:00,COL,NYI,2,6,0,,,,,,,,,"{""indoor"": true}"
NHL-20241015-VAN-TB-19,NHL,2024-10-15T23:00:00,TB,VAN,4,1,0,,,,,,,,,"{""indoor"": true}"
NHL-20241015-VGK-WSH-19,NHL,2024-10-15T23:00:00,WSH,VGK,4,2,0,,,,,,,,,"{""indoor"": true}"
NHL-20241015-NJ-CAR-19,NHL,2024-10-15T23:00:00,CAR,NJ,4,2,0,,,,,,,,,"{""indoor"": true}"
NHL-20241015-FLA-CBJ-19,NHL,2024-10-15T23:00:00,CBJ,FLA,3,4,0,,,,,,,,,"{""indoor"": true}"
NHL-20241015-MIN-STL-19,NHL,2024-10-15T23:30:00,STL,MIN,1,4,0,,,,,,,,,"{""indoor"": true}"
NHL-20241015-SEA-NSH-20,NHL,2024-10-16T00:00:00,NSH,SEA,3,7,0,,,,,,,,,"{""indoor"": true}"
NHL-20241015-SJ-DAL-20,NHL,2024-10-16T00:00:00,DAL,SJ,3,2,0,,,,,,,,,"{""indoor"": true}"
NHL-20241015-CHI-CGY-21,NHL,2024-10-16T01:00:00,CGY,CHI,3,1,0,,,,,,,,,"{""indoor"": true}"
NHL-20241015-PHI-EDM-22,NHL,2024-10-16T02:00:00,EDM,PHI,4,3,0,,,,,,,,,"{""indoor"": true}"
NHL-20241016-BUF-PIT-19,NHL,2024-10-16T23:00:00,PIT,BUF,6,5,0,,,,,,,,,"{""indoor"": true}"
NHL-20241016-LA-TOR-19,NHL,2024-10-16T23:30:00,TOR,LA,6,2,0,,,,,,,,,"{""indoor"": true}"
NHL-20241016-BOS-COL-21,NHL,2024-10-17T01:30:00,COL,BOS,3,5,0,,,,,,,,,"{""indoor"": true}"
NHL-20241016-UTAH-ANA-22,NHL,2024-10-17T02:00:00,ANA,UTAH,5,4,0,,,,,,,,,"{""indoor"": true}"
NHL-20241017-LA-MTL-19,NHL,2024-10-17T23:00:00,MTL,LA,1,4,0,,,,,,,,,"{""indoor"": true}"
NHL-20241017-NJ-OTT-19,NHL,2024-10-17T23:00:00,OTT,NJ,1,3,0,,,,,,,,,"{""indoor"": true}"
NHL-20241017-VGK-TB-19,NHL,2024-10-17T23:00:00,TB,VGK,4,3,0,,,,,,,,,"{""indoor"": true}"
NHL-20241017-VAN-FLA-19,NHL,2024-10-17T23:00:00,FLA,VAN,2,3,0,,,,,,,,,"{""indoor"": true}"
NHL-20241017-DAL-WSH-19,NHL,2024-10-17T23:00:00,WSH,DAL,3,2,0,,,,,,,,,"{""indoor"": true}"
NHL-20241017-BUF-CBJ-19,NHL,2024-10-17T23:00:00,CBJ,BUF,6,4,0,,,,,,,,,"{""indoor"": true}"
NHL-20241017-NYR-DET-19,NHL,2024-10-17T23:30:00,DET,NYR,2,5,0,,,,,,,,,"{""indoor"": true}"
NHL-20241017-NYI-STL-20,NHL,2024-10-18T00:00:00,STL,NYI,1,0,0,,,,,,,,,"{""indoor"": true}"
NHL-20241017-EDM-NSH-20,NHL,2024-10-18T00:00:00,NSH,EDM,2,4,0,,,,,,,,,"{""indoor"": true}"
NHL-20241017-SJ-CHI-20,NHL,2024-10-18T00:30:00,CHI,SJ,4,2,0,,,,,,,,,"{""indoor"": true}"
NHL-20241017-PHI-SEA-22,NHL,2024-10-18T02:00:00,SEA,PHI,6,4,0,,,,,,,,,"{""indoor"": true}"
NHL-20241018-CAR-PIT-19,NHL,2024-10-18T23:00:00,PIT,CAR,1,4,0,,,,,,,,,"{""indoor"": true}"
NHL-20241018-SJ-WPG-20,NHL,2024-10-19T00:00:00,WPG,SJ,8,3,0,,,,,,,,,"{""indoor"": true}"
NHL-20241018-ANA-COL-21,NHL,2024-10-19T01:00:00,COL,ANA,4,3,0,,,,,,,,,"{""indoor"": true}"
NHL-20241019-TB-OTT-13,NHL,2024-10-19T17:00:00,OTT,TB,5,4,0,,,,,,,,,"{""indoor"": true}"
NHL-20241019-DET-NSH-14,NHL,2024-10-19T18:00:00,NSH,DET,2,5,0,,,,,,,,,"{""indoor"": true}"
NHL-20241019-EDM-DAL-16,NHL,2024-10-19T20:00:00,DAL,EDM,4,1,0,,,,,,,,,"{""indoor"": true}"
NHL-20241019-VGK-FLA-18,NHL,2024-10-19T22:00:00,FLA,VGK,4,3,0,,,,,,,,,"{""indoor"": true}"
NHL-20241019-NYR-TOR-19,NHL,2024-10-19T23:00:00,TOR,NYR,1,4,0,,,,,,,,,"{""indoor"": true}"
NHL-20241019-WSH-NJ-19,NHL,2024-10-19T23:00:00,NJ,WSH,5,6,0,,,,,,,,,"{""indoor"": true}"
NHL-20241019-MTL-NYI-19,NHL,2024-10-19T23:00:00,NYI,MTL,4,3,0,,,,,,,,,"{""indoor"": true}"
NHL-20241019-VAN-PHI-19,NHL,2024-10-19T23:00:00,PHI,VAN,0,3,0,,,,,,,,,"{""indoor"": true}"
NHL-20241019-MIN-CBJ-19,NHL,2024-10-19T23:00:00,CBJ,MIN,1,3,0,,,,,,,,,"{""indoor"": true}"
NHL-20241019-CAR-STL-19,NHL,2024-10-19T23:00:00,STL,CAR,4,3,0,,,,,,,,,"{""indoor"": true}"
NHL-20241019-BUF-CHI-20,NHL,2024-10-20T00:00:00,CHI,BUF,2,4,0,,,,,,,,,"{""indoor"": true}"
NHL-20241019-BOS-UTAH-21,NHL,2024-10-20T01:00:00,UTAH,BOS,2,1,0,,,,,,,,,"{""indoor"": true}"
NHL-20241019-CGY-SEA-22,NHL,2024-10-20T02:00:00,SEA,CGY,2,1,0,,,,,,,,,"{""indoor"": true}"
NHL-20241020-PIT-WPG-15,NHL,2024-10-20T19:00:00,WPG,PIT,6,3,0,,,,,,,,,"{""indoor"": true}"
NHL-20241020-COL-SJ-20,NHL,2024-10-21T00:00:00,SJ,COL,1,4,0,,,,,,,,,"{""indoor"": true}"
NHL-20241020-LA-ANA-20,NHL,2024-10-21T00:00:00,ANA,LA,1,4,0,,,,,,,,,"{""indoor"": true}"
NHL-20241021-TB-TOR-19,NHL,2024-10-21T23:30:00,TOR,TB,5,2,0,,,,,,,,,"{""indoor"": true}"
NHL-20241022-WSH-PHI-18,NHL,2024-10-22T22:00:00,PHI,WSH,1,4,0,,,,,,,,,"{""indoor"": true}"
NHL-20241022-MIN-FLA-18,NHL,2024-10-22T22:30:00,FLA,MIN,1,5,0,,,,,,,,,"{""indoor"": true}"
NHL-20241022-TB-NJ-18,NHL,2024-10-22T22:45:00,NJ,TB,5,8,0,,,,,,,,,"{""indoor"": true}"
NHL-20241022-DAL-BUF-19,NHL,2024-10-22T23:00:00,BUF,DAL,4,2,0,,,,,,,,,"{""indoor"": true}"
NHL-20241022-NYR-MTL-19,NHL,2024-10-22T23:15:00,MTL,NYR,2,7,0,,,,,,,,,"{""indoor"": true}"
NHL-20241022-TOR-CBJ-19,NHL,2024-10-22T23:30:00,CBJ,TOR,6,2,0,,,,,,,,,"{""indoor"": true}"
NHL-20241022-DET-NYI-19,NHL,2024-10-22T23:45:00,NYI,DET,0,1,0,,,,,,,,,"{""indoor"": true}"
NHL-20241022-WPG-STL-20,NHL,2024-10-23T00:00:00,STL,WPG,2,3,0,,,,,,,,,"{""indoor"": true}"
NHL-20241022-VAN-CHI-20,NHL,2024-10-23T00:15:00,CHI,VAN,3,6,0,,,,,,,,,"{""indoor"": true}"
NHL-20241022-COL-SEA-20,NHL,2024-10-23T00:30:00,SEA,COL,2,3,0,,,,,,,,,"{""indoor"": true}"
NHL-20241022-BOS-NSH-20,NHL,2024-10-23T00:45:00,NSH,BOS,4,0,0,,,,,,,,,"{""indoor"": true}"
NHL-20241022-CAR-EDM-21,NHL,2024-10-23T01:00:00,EDM,CAR,2,3,0,,,,,,,,,"{""indoor"": true}"
NHL-20241022-OTT-UTAH-21,NHL,2024-10-23T01:15:00,UTAH,OTT,0,4,0,,,,,,,,,"{""indoor"": true}"
NHL-20241022-PIT-CGY-21,NHL,2024-10-23T01:30:00,CGY,PIT,4,3,0,,,,,,,,,"{""indoor"": true}"
NHL-20241022-SJ-ANA-22,NHL,2024-10-23T02:15:00,ANA,SJ,3,1,0,,,,,,,,,"{""indoor"": true}"
NHL-20241022-LA-VGK-23,NHL,2024-10-23T03:00:00,VGK,LA,6,1,0,,,,,,,,,"{""indoor"": true}"
NHL-20241023-PHI-WSH-19,NHL,2024-10-23T23:30:00,WSH,PHI,6,3,0,,,,,,,,,"{""indoor"": true}"
NHL-20241024-DAL-BOS-19,NHL,2024-10-24T23:00:00,BOS,DAL,2,5,0,,,,,,,,,"{""indoor"": true}"
NHL-20241024-STL-TOR-19,NHL,2024-10-24T23:00:00,TOR,STL,1,5,0,,,,,,,,,"{""indoor"": true}"
NHL-20241024-NJ-DET-19,NHL,2024-10-24T23:00:00,DET,NJ,5,3,0,,,,,,,,,"{""indoor"": true}"
NHL-20241024-MIN-TB-19,NHL,2024-10-24T23:00:00,TB,MIN,2,4,0,,,,,,,,,"{""indoor"": true}"
NHL-20241024-FLA-NYR-19,NHL,2024-10-24T23:00:00,NYR,FLA,1,3,0,,,,,,,,,"{""indoor"": true}"
NHL-20241024-CAR-CGY-21,NHL,2024-10-25T01:00:00,CGY,CAR,2,4,0,,,,,,,,,"{""indoor"": true}"
NHL-20241024-COL-UTAH-21,NHL,2024-10-25T01:00:00,UTAH,COL,1,5,0,,,,,,,,,"{""indoor"": true}"
NHL-20241024-WPG-SEA-22,NHL,2024-10-25T02:00:00,SEA,WPG,3,4,0,,,,,,,,,"{""indoor"": true}"
NHL-20241024-SJ-LA-22,NHL,2024-10-25T02:30:00,LA,SJ,3,2,0,,,,,,,,,"{""indoor"": true}"
NHL-20241025-OTT-VGK-18,NHL,2024-10-25T22:00:00,VGK,OTT,6,4,0,,,,,,,,,"{""indoor"": true}"
NHL-20241025-NYI-NJ-19,NHL,2024-10-25T23:00:00,NJ,NYI,3,4,0,,,,,,,,,"{""indoor"": true}"
NHL-20241025-NSH-CHI-20,NHL,2024-10-26T00:30:00,CHI,NSH,2,3,0,,,,,,,,,"{""indoor"": true}"
NHL-20241025-PIT-EDM-21,NHL,2024-10-26T01:00:00,EDM,PIT,4,0,0,,,,,,,,,"{""indoor"": true}"
NHL-20241026-DET-BUF-13,NHL,2024-10-26T17:00:00,BUF,DET,5,3,0,,,,,,,,,"{""indoor"": true}"
NHL-20241026-MIN-PHI-13,NHL,2024-10-26T17:00:00,PHI,MIN,7,5,0,,,,,,,,,"{""indoor"": true}"
NHL-20241026-UTAH-LA-16,NHL,2024-10-26T20:00:00,LA,UTAH,3,2,0,,,,,,,,,"{""indoor"": true}"
NHL-20241026-TOR-BOS-19,NHL,2024-10-26T23:00:00,BOS,TOR,4,3,0,,,,,,,,,"{""indoor"": true}"
NHL-20241026-STL-MTL-19,NHL,2024-10-26T23:00:00,MTL,STL,5,2,0,,,,,,,,,"{""indoor"": true}"
NHL-20241026-WSH-TB-19,NHL,2024-10-26T23:00:00,TB,WSH,3,0,0,,,,,,,,,"{""indoor"": true}"
NHL-20241026-ANA-NYR-19,NHL,2024-10-26T23:00:00,NYR,ANA,2,1,0,,,,,,,,,"{""indoor"": true}"
NHL-20241026-WPG-CGY-19,NHL,2024-10-26T23:00:00,CGY,WPG,3,5,0,,,,,,,,,"{""indoor"": true}"
NHL-20241026-FLA-NYI-19,NHL,2024-10-26T23:30:00,NYI,FLA,3,6,0,,,,,,,,,"{""indoor"": true}"
NHL-20241026-CBJ-NSH-20,NHL,2024-10-27T00:00:00,NSH,CBJ,4,3,0,,,,,,,,,"{""indoor"": true}"
NHL-20241026-CHI-DAL-20,NHL,2024-10-27T00:00:00,DAL,CHI,4,2,0,,,,,,,,,"{""indoor"": true}"
NHL-20241026-PIT-VAN-22,NHL,2024-10-27T02:00:00,VAN,PIT,4,3,0,,,,,,,,,"{""indoor"": true}"
NHL-20241026-SJ-VGK-22,NHL,2024-10-27T02:00:00,VGK,SJ,7,3,0,,,,,,,,,"{""indoor"": true}"
NHL-20241026-CAR-SEA-22,NHL,2024-10-27T02:00:00,SEA,CAR,1,4,0,,,,,,,,,"{""indoor"": true}"
NHL-20241027-EDM-DET-18,NHL,2024-10-27T22:00:00,DET,EDM,2,3,0,,,,,,,,,"{""indoor"": true}"
NHL-20241027-ANA-NJ-19,NHL,2024-10-27T23:00:00,NJ,ANA,6,2,0,,,,,,,,,"{""indoor"": true}"
NHL-20241027-MTL-PHI-19,NHL,2024-10-27T23:00:00,PHI,MTL,3,4,0,,,,,,,,,"{""indoor"": true}"
NHL-20241027-OTT-COL-21,NHL,2024-10-28T01:00:00,COL,OTT,5,4,0,,,,,,,,,"{""indoor"": true}"
NHL-20241028-FLA-BUF-19,NHL,2024-10-28T23:00:00,BUF,FLA,2,5,0,,,,,,,,,"{""indoor"": true}"
NHL-20241028-EDM-CBJ-19,NHL,2024-10-28T23:00:00,CBJ,EDM,6,1,0,,,,,,,,,"{""indoor"": true}"
NHL-20241028-NSH-TB-19,NHL,2024-10-28T23:30:00,TB,NSH,3,2,0,,,,,,,,,"{""indoor"": true}"
NHL-20241028-TOR-WPG-19,NHL,2024-10-28T23:30:00,WPG,TOR,4,6,0,,,,,,,,,"{""indoor"": true}"
NHL-20241028-CHI-COL-21,NHL,2024-10-29T01:00:00,COL,CHI,2,5,0,,,,,,,,,"{""indoor"": true}"
NHL-20241028-SJ-UTAH-21,NHL,2024-10-29T01:00:00,UTAH,SJ,4,5,0,,,,,,,,,"{""indoor"": true}"
NHL-20241028-CAR-VAN-22,NHL,2024-10-29T02:00:00,VAN,CAR,3,4,0,,,,,,,,,"{""indoor"": true}"
NHL-20241028-CGY-VGK-22,NHL,2024-10-29T02:00:00,VGK,CGY,5,0,0,,,,,,,,,"{""indoor"": true}"
NHL-20241029-PHI-BOS-19,NHL,2024-10-29T23:00:00,BOS,PHI,0,2,0,,,,,,,,,"{""indoor"": true}"
NHL-20241029-SEA-MTL-19,NHL,2024-10-29T23:00:00,MTL,SEA,2,8,0,,,,,,,,,"{""indoor"": true}"
NHL-20241029-ANA-NYI-19,NHL,2024-10-29T23:00:00,NYI,ANA,1,3,0,,,,,,,,,"{""indoor"": true}"
NHL-20241029-MIN-PIT-19,NHL,2024-10-29T23:00:00,PIT,MIN,3,5,0,,,,,,,,,"{""indoor"": true}"
NHL-20241029-STL-OTT-19,NHL,2024-10-29T23:30:00,OTT,STL,8,1,0,,,,,,,,,"{""indoor"": true}"
NHL-20241029-NYR-WSH-19,NHL,2024-10-29T23:30:00,WSH,NYR,5,3,0,,,,,,,,,"{""indoor"": true}"
NHL-20241029-LA-SJ-22,NHL,2024-10-30T02:00:00,SJ,LA,4,2,0,,,,,,,,,"{""indoor"": true}"
NHL-20241030-NYI-CBJ-19,NHL,2024-10-30T23:00:00,CBJ,NYI,2,0,0,,,,,,,,,"{""indoor"": true}"
NHL-20241030-WPG-DET-19,NHL,2024-10-30T23:30:00,DET,WPG,2,6,0,,,,,,,,,"{""indoor"": true}"
NHL-20241030-TB-COL-21,NHL,2024-10-31T01:00:00,COL,TB,2,5,0,,,,,,,,,"{""indoor"": true}"
NHL-20241030-CGY-UTAH-21,NHL,2024-10-31T01:30:00,UTAH,CGY,5,1,0,,,,,,,,,"{""indoor"": true}"
NHL-20241030-VGK-LA-22,NHL,2024-10-31T02:00:00,LA,VGK,6,3,0,,,,,,,,,"{""indoor"": true}"
NHL-20241030-NJ-VAN-22,NHL,2024-10-31T02:30:00,VAN,NJ,0,6,0,,,,,,,,,"{""indoor"": true}"
NHL-20241031-SEA-TOR-19,NHL,2024-10-31T23:00:00,TOR,SEA,4,1,0,,,,,,,,,"{""indoor"": true}"
NHL-20241031-STL-PHI-19,NHL,2024-10-31T23:00:00,PHI,STL,2,1,0,,,,,,,,,"{""indoor"": true}"
NHL-20241031-ANA-PIT-19,NHL,2024-10-31T23:00:00,PIT,ANA,2,1,0,,,,,,,,,"{""indoor"": true}"
NHL-20241031-MTL-WSH-19,NHL,2024-10-31T23:00:00,WSH,MTL,6,3,0,,,,,,,,,"{""indoor"": true}"
NHL-20241031-BOS-CAR-19,NHL,2024-10-31T23:00:00,CAR,BOS,8,2,0,,,,,,,,,"{""indoor"": true}"
NHL-20241031-EDM-NSH-20,NHL,2024-11-01T00:00:00,NSH,EDM,1,5,0,,,,,,,,,"{""indoor"": true}"
NHL-20241031-CHI-SJ-22,NHL,2024-11-01T02:30:00,SJ,CHI,3,2,0,,,,,,,,,"{""indoor"": true}"
NHL-20241101-FLA-DAL-14,NHL,2024-11-01T18:00:00,DAL,FLA,4,6,1,,,,,,,,,"{""indoor"": true}"
NHL-20241101-NYI-BUF-19,NHL,2024-11-01T23:00:00,BUF,NYI,3,4,0,,,,,,,,,"{""indoor"": true}"
NHL-20241101-OTT-NYR-19,NHL,2024-11-01T23:00:00,NYR,OTT,2,1,0,,,,,,,,,"{""indoor"": true}"
NHL-20241101-WPG-CBJ-19,NHL,2024-11-01T23:00:00,CBJ,WPG,2,6,0,,,,,,,,,"{""indoor"": true}"
NHL-20241101-TB-MIN-20,NHL,2024-11-02T00:00:00,MIN,TB,5,3,0,,,,,,,,,"{""indoor"": true}"
NHL-20241101-NJ-CGY-21,NHL,2024-11-02T01:00:00,CGY,NJ,3,0,0,,,,,,,,,"{""indoor"": true}"
NHL-20241102-DAL-FLA-12,NHL,2024-11-02T16:00:00,FLA,DAL,4,2,1,,,,,,,,,"{""indoor"": true}"
NHL-20241102-BOS-PHI-13,NHL,2024-11-02T17:00:00,PHI,BOS,0,3,0,,,,,,,,,"{""indoor"": true}"
NHL-20241102-CHI-LA-16,NHL,2024-11-02T20:00:00,LA,CHI,3,4,0,,,,,,,,,"{""indoor"": true}"
NHL-20241102-CBJ-WSH-17,NHL,2024-11-02T21:00:00,WSH,CBJ,7,2,0,,,,,,,,,"{""indoor"": true}"
NHL-20241102-SEA-OTT-19,NHL,2024-11-02T23:00:00,OTT,SEA,3,0,0,,,,,,,,,"{""indoor"": true}"
NHL-20241102-BUF-DET-19,NHL,2024-11-02T23:00:00,DET,BUF,2,1,0,,,,,,,,,"{""indoor"": true}"
NHL-20241102-MTL-PIT-19,NHL,2024-11-02T23:00:00,PIT,MTL,3,1,0,,,,,,,,,"{""indoor"": true}"
NHL-20241102-TOR-STL-19,NHL,2024-11-02T23:00:00,STL,TOR,4,2,0,,,,,,,,,"{""indoor"": true}"
NHL-20241102-COL-NSH-20,NHL,2024-11-03T00:00:00,NSH,COL,5,2,0,,,,,,,,,"{""indoor"": true}"
NHL-20241102-UTAH-VGK-22,NHL,2024-11-03T02:00:00,VGK,UTAH,4,3,0,,,,,,,,,"{""indoor"": true}"
NHL-20241102-VAN-SJ-22,NHL,2024-11-03T02:00:00,SJ,VAN,2,3,0,,,,,,,,,"{""indoor"": true}"
NHL-20241103-NYI-NYR-13,NHL,2024-11-03T18:00:00,NYR,NYI,5,2,0,,,,,,,,,"{""indoor"": true}"
NHL-20241103-TB-WPG-15,NHL,2024-11-03T20:00:00,WPG,TB,7,4,0,,,,,,,,,"{""indoor"": true}"
NHL-20241103-SEA-BOS-17,NHL,2024-11-03T22:00:00,BOS,SEA,2,0,0,,,,,,,,,"{""indoor"": true}"
NHL-20241103-WSH-CAR-17,NHL,2024-11-03T22:00:00,CAR,WSH,4,2,0,,,,,,,,,"{""indoor"": true}"
NHL-20241103-TOR-MIN-18,NHL,2024-11-03T23:00:00,MIN,TOR,2,1,0,,,,,,,,,"{""indoor"": true}"
NHL-20241103-EDM-CGY-20,NHL,2024-11-04T01:00:00,CGY,EDM,2,4,0,,,,,,,,,"{""indoor"": true}"
NHL-20241103-CHI-ANA-20,NHL,2024-11-04T01:00:00,ANA,CHI,2,4,0,,,,,,,,,"{""indoor"": true}"
NHL-20241104-LA-NSH-20,NHL,2024-11-05T01:00:00,NSH,LA,0,3,0,,,,,,,,,"{""indoor"": true}"
NHL-20241104-NJ-EDM-20,NHL,2024-11-05T01:30:00,EDM,NJ,0,3,0,,,,,,,,,"{""indoor"": true}"
NHL-20241105-OTT-BUF-19,NHL,2024-11-06T00:00:00,BUF,OTT,5,1,0,,,,,,,,,"{""indoor"": true}"
NHL-20241105-BOS-TOR-19,NHL,2024-11-06T00:00:00,TOR,BOS,4,0,0,,,,,,,,,"{""indoor"": true}"
NHL-20241105-CGY-MTL-19,NHL,2024-11-06T00:00:00,MTL,CGY,2,3,0,,,,,,,,,"{""indoor"": true}"
NHL-20241105-PHI-CAR-19,NHL,2024-11-06T00:00:00,CAR,PHI,6,4,0,,,,,,,,,"{""indoor"": true}"
NHL-20241105-PIT-NYI-19,NHL,2024-11-06T00:30:00,NYI,PIT,4,3,0,,,,,,,,,"{""indoor"": true}"
NHL-20241105-TB-STL-20,NHL,2024-11-06T01:00:00,STL,TB,3,2,0,,,,,,,,,"{""indoor"": true}"
NHL-20241105-LA-MIN-20,NHL,2024-11-06T01:00:00,MIN,LA,1,5,0,,,,,,,,,"{""indoor"": true}"
NHL-20241105-UTAH-WPG-20,NHL,2024-11-06T01:00:00,WPG,UTAH,3,0,0,,,,,,,,,"{""indoor"": true}"
NHL-20241105-SEA-COL-21,NHL,2024-11-06T02:00:00,COL,SEA,6,3,0,,,,,,,,,"{""indoor"": true}"
NHL-20241105-VAN-ANA-22,NHL,2024-11-06T03:00:00,ANA,VAN,1,5,0,,,,,,,,,"{""indoor"": true}"
NHL-20241105-CBJ-SJ-22,NHL,2024-11-06T03:30:00,SJ,CBJ,2,1,0,,,,,,,,,"{""indoor"": true}"
NHL-20241106-NSH-WSH-19,NHL,2024-11-07T00:00:00,WSH,NSH,3,2,0,,,,,,,,,"{""indoor"": true}"
NHL-20241106-DET-CHI-20,NHL,2024-11-07T01:00:00,CHI,DET,1,4,0,,,,,,,,,"{""indoor"": true}"
NHL-20241106-VGK-EDM-20,NHL,2024-11-07T01:30:00,EDM,VGK,2,4,0,,,,,,,,,"{""indoor"": true}"
NHL-20241107-CGY-BOS-19,NHL,2024-11-08T00:00:00,BOS,CGY,4,3,0,,,,,,,,,"{""indoor"": true}"
NHL-20241107-NYI-OTT-19,NHL,2024-11-08T00:00:00,OTT,NYI,2,4,0,,,,,,,,,"{""indoor"": true}"
NHL-20241107-NSH-FLA-19,NHL,2024-11-08T00:00:00,FLA,NSH,6,2,0,,,,,,,,,"{""indoor"": true}"
NHL-20241107-MTL-NJ-19,NHL,2024-11-08T00:00:00,NJ,MTL,5,3,0,,,,,,,,,"{""indoor"": true}"
NHL-20241107-BUF-NYR-19,NHL,2024-11-08T00:00:00,NYR,BUF,1,6,0,,,,,,,,,"{""indoor"": true}"
NHL-20241107-PIT-CAR-19,NHL,2024-11-08T00:00:00,CAR,PIT,5,1,0,,,,,,,,,"{""indoor"": true}"
NHL-20241107-PHI-TB-19,NHL,2024-11-08T00:30:00,TB,PHI,1,2,0,,,,,,,,,"{""indoor"": true}"
NHL-20241107-UTAH-STL-20,NHL,2024-11-08T01:00:00,STL,UTAH,2,4,0,,,,,,,,,"{""indoor"": true}"
NHL-20241107-CHI-DAL-20,NHL,2024-11-08T01:00:00,DAL,CHI,3,1,0,,,,,,,,,"{""indoor"": true}"
NHL-20241107-COL-WPG-20,NHL,2024-11-08T01:00:00,WPG,COL,1,0,0,,,,,,,,,"{""indoor"": true}"
NHL-20241107-VAN-LA-22,NHL,2024-11-08T03:30:00,LA,VAN,2,4,0,,,,,,,,,"{""indoor"": true}"
NHL-20241107-MIN-SJ-22,NHL,2024-11-08T03:30:00,SJ,MIN,2,5,0,,,,,,,,,"{""indoor"": true}"
NHL-20241108-DET-TOR-19,NHL,2024-11-09T00:00:00,TOR,DET,3,1,0,,,,,,,,,"{""indoor"": true}"
NHL-20241108-PIT-WSH-19,NHL,2024-11-09T00:30:00,WSH,PIT,2,4,0,,,,,,,,,"{""indoor"": true}"
NHL-20241108-MIN-ANA-22,NHL,2024-11-09T03:00:00,ANA,MIN,2,5,0,,,,,,,,,"{""indoor"": true}"
NHL-20241108-VGK-SEA-22,NHL,2024-11-09T03:00:00,SEA,VGK,4,3,0,,,,,,,,,"{""indoor"": true}"
NHL-20241109-CGY-BUF-13,NHL,2024-11-09T18:00:00,BUF,CGY,3,2,0,,,,,,,,,"{""indoor"": true}"
NHL-20241109-DAL-WPG-15,NHL,2024-11-09T20:00:00,WPG,DAL,4,1,0,,,,,,,,,"{""indoor"": true}"
NHL-20241109-PHI-FLA-18,NHL,2024-11-09T23:00:00,FLA,PHI,4,3,0,,,,,,,,,"{""indoor"": true}"
NHL-20241109-OTT-BOS-19,NHL,2024-11-10T00:00:00,BOS,OTT,2,3,0,,,,,,,,,"{""indoor"": true}"
NHL-20241109-MTL-TOR-19,NHL,2024-11-10T00:00:00,TOR,MTL,4,1,0,,,,,,,,,"{""indoor"": true}"
NHL-20241109-NYR-DET-19,NHL,2024-11-10T00:00:00,DET,NYR,0,4,0,,,,,,,,,"{""indoor"": true}"
NHL-20241109-WSH-STL-19,NHL,2024-11-10T00:00:00,STL,WSH,1,8,0,,,,,,,,,"{""indoor"": true}"
NHL-20241109-NJ-NYI-19,NHL,2024-11-10T00:30:00,NYI,NJ,3,4,0,,,,,,,,,"{""indoor"": true}"
NHL-20241109-UTAH-NSH-20,NHL,2024-11-10T01:00:00,NSH,UTAH,4,0,0,,,,,,,,,"{""indoor"": true}"
NHL-20241109-CAR-COL-21,NHL,2024-11-10T02:00:00,COL,CAR,6,4,0,,,,,,,,,"{""indoor"": true}"
NHL-20241109-CBJ-LA-21,NHL,2024-11-10T02:00:00,LA,CBJ,5,2,0,,,,,,,,,"{""indoor"": true}"
NHL-20241109-EDM-VAN-22,NHL,2024-11-10T03:00:00,VAN,EDM,3,7,0,,,,,,,,,"{""indoor"": true}"
NHL-20241110-SJ-NJ-19,NHL,2024-11-11T00:00:00,NJ,SJ,0,1,0,,,,,,,,,"{""indoor"": true}"
NHL-20241110-MIN-CHI-19,NHL,2024-11-11T00:00:00,CHI,MIN,2,1,0,,,,,,,,,"{""indoor"": true}"
NHL-20241110-CBJ-ANA-20,NHL,2024-11-11T01:00:00,ANA,CBJ,4,2,0,,,,,,,,,"{""indoor"": true}"
NHL-20241111-MTL-BUF-12,NHL,2024-11-11T17:30:00,BUF,MTL,5,7,0,,,,,,,,,"{""indoor"": true}"
NHL-20241111-SJ-PHI-19,NHL,2024-11-12T00:00:00,PHI,SJ,4,3,0,,,,,,,,,"{""indoor"": true}"
NHL-20241111-DAL-PIT-19,NHL,2024-11-12T00:00:00,PIT,DAL,1,7,0,,,,,,,,,"{""indoor"": true}"
NHL-20241111-LA-CGY-20,NHL,2024-11-12T01:30:00,CGY,LA,3,1,0,,,,,,,,,"{""indoor"": true}"
NHL-20241111-NSH-COL-21,NHL,2024-11-12T02:00:00,COL,NSH,3,2,0,,,,,,,,,"{""indoor"": true}"
NHL-20241111-CAR-VGK-22,NHL,2024-11-12T03:00:00,VGK,CAR,2,5,0,,,,,,,,,"{""indoor"": true}"
NHL-20241112-OTT-TOR-19,NHL,2024-11-13T00:00:00,TOR,OTT,0,3,0,,,,,,,,,"{""indoor"": true}"
NHL-20241112-WPG-NYR-19,NHL,2024-11-13T00:00:00,NYR,WPG,3,6,0,,,,,,,,,"{""indoor"": true}"
NHL-20241112-NJ-FLA-19,NHL,2024-11-13T00:30:00,FLA,NJ,1,4,0,,,,,,,,,"{""indoor"": true}"
NHL-20241112-BOS-STL-20,NHL,2024-11-13T01:00:00,STL,BOS,2,3,0,,,,,,,,,"{""indoor"": true}"
NHL-20241112-NYI-EDM-21,NHL,2024-11-13T02:00:00,EDM,NYI,4,3,0,,,,,,,,,"{""indoor"": true}"
NHL-20241112-CGY-VAN-22,NHL,2024-11-13T03:00:00,VAN,CGY,3,1,0,,,,,,,,,"{""indoor"": true}"
NHL-20241112-CBJ-SEA-22,NHL,2024-11-13T03:00:00,SEA,CBJ,5,2,0,,,,,,,,,"{""indoor"": true}"
NHL-20241113-DET-PIT-19,NHL,2024-11-14T00:30:00,PIT,DET,2,3,0,,,,,,,,,"{""indoor"": true}"
NHL-20241113-TOR-WSH-19,NHL,2024-11-14T00:30:00,WSH,TOR,3,4,0,,,,,,,,,"{""indoor"": true}"
NHL-20241113-CAR-UTAH-21,NHL,2024-11-14T02:00:00,UTAH,CAR,4,1,0,,,,,,,,,"{""indoor"": true}"
NHL-20241113-LA-COL-22,NHL,2024-11-14T03:00:00,COL,LA,4,2,0,,,,,,,,,"{""indoor"": true}"
NHL-20241113-VGK-ANA-22,NHL,2024-11-14T03:00:00,ANA,VGK,2,3,0,,,,,,,,,"{""indoor"": true}"
NHL-20241114-PHI-OTT-19,NHL,2024-11-15T00:00:00,OTT,PHI,4,5,0,,,,,,,,,"{""indoor"": true}"
NHL-20241114-WPG-TB-19,NHL,2024-11-15T00:00:00,TB,WPG,4,1,0,,,,,,,,,"{""indoor"": true}"
NHL-20241114-NJ-FLA-19,NHL,2024-11-15T00:00:00,FLA,NJ,2,6,0,,,,,,,,,"{""indoor"": true}"
NHL-20241114-SJ-NYR-19,NHL,2024-11-15T00:00:00,NYR,SJ,3,2,0,,,,,,,,,"{""indoor"": true}"
NHL-20241114-STL-BUF-19,NHL,2024-11-15T00:30:00,BUF,STL,4,3,0,,,,,,,,,"{""indoor"": true}"
NHL-20241114-BOS-DAL-20,NHL,2024-11-15T01:00:00,DAL,BOS,7,2,0,,,,,,,,,"{""indoor"": true}"
NHL-20241114-MTL-MIN-20,NHL,2024-11-15T01:00:00,MIN,MTL,3,0,0,,,,,,,,,"{""indoor"": true}"
NHL-20241114-NSH-EDM-21,NHL,2024-11-15T02:00:00,EDM,NSH,3,2,0,,,,,,,,,"{""indoor"": true}"
NHL-20241114-NYI-VAN-22,NHL,2024-11-15T03:00:00,VAN,NYI,2,5,0,,,,,,,,,"{""indoor"": true}"
NHL-20241114-CHI-SEA-22,NHL,2024-11-15T03:00:00,SEA,CHI,3,1,0,,,,,,,,,"{""indoor"": true}"
NHL-20241115-PIT-CBJ-19,NHL,2024-11-16T00:00:00,CBJ,PIT,6,2,0,,,,,,,,,"{""indoor"": true}"
NHL-20241115-WSH-COL-21,NHL,2024-11-16T02:00:00,COL,WSH,2,5,0,,,,,,,,,"{""indoor"": true}"
NHL-20241115-NSH-CGY-21,NHL,2024-11-16T02:00:00,CGY,NSH,2,0,0,,,,,,,,,"{""indoor"": true}"
NHL-20241115-VGK-UTAH-21,NHL,2024-11-16T02:00:00,UTAH,VGK,2,4,0,,,,,,,,,"{""indoor"": true}"
NHL-20241115-DET-ANA-22,NHL,2024-11-16T03:00:00,ANA,DET,6,4,0,,,,,,,,,"{""indoor"": true}"
NHL-20241116-STL-BOS-13,NHL,2024-11-16T18:00:00,BOS,STL,2,3,0,,,,,,,,,"{""indoor"": true}"
NHL-20241116-NYI-SEA-16,NHL,2024-11-16T21:00:00,SEA,NYI,3,2,0,,,,,,,,,"{""indoor"": true}"
NHL-20241116-EDM-TOR-19,NHL,2024-11-17T00:00:00,TOR,EDM,4,3,0,,,,,,,,,"{""indoor"": true}"
NHL-20241116-CBJ-MTL-19,NHL,2024-11-17T00:00:00,MTL,CBJ,5,1,0,,,,,,,,,"{""indoor"": true}"
NHL-20241116-NJ-TB-19,NHL,2024-11-17T00:00:00,TB,NJ,4,0,0,,,,,,,,,"{""indoor"": true}"
NHL-20241116-WPG-FLA-19,NHL,2024-11-17T00:00:00,FLA,WPG,5,0,0,,,,,,,,,"{""indoor"": true}"
NHL-20241116-BUF-PHI-19,NHL,2024-11-17T00:00:00,PHI,BUF,5,2,0,,,,,,,,,"{""indoor"": true}"
NHL-20241116-SJ-PIT-19,NHL,2024-11-17T00:00:00,PIT,SJ,4,3,0,,,,,,,,,"{""indoor"": true}"
NHL-20241116-OTT-CAR-19,NHL,2024-11-17T00:00:00,CAR,OTT,4,0,0,,,,,,,,,"{""indoor"": true}"
NHL-20241116-DAL-MIN-20,NHL,2024-11-17T01:00:00,MIN,DAL,1,2,0,,,,,,,,,"{""indoor"": true}"
NHL-20241116-DET-LA-20,NHL,2024-11-17T01:00:00,LA,DET,4,1,0,,,,,,,,,"{""indoor"": true}"
NHL-20241116-CHI-VAN-22,NHL,2024-11-17T03:00:00,VAN,CHI,4,1,0,,,,,,,,,"{""indoor"": true}"
NHL-20241117-STL-CAR-17,NHL,2024-11-17T22:00:00,CAR,STL,4,1,0,,,,,,,,,"{""indoor"": true}"
NHL-20241117-WSH-VGK-20,NHL,2024-11-18T01:00:00,VGK,WSH,2,5,0,,,,,,,,,"{""indoor"": true}"
NHL-20241117-NYR-SEA-21,NHL,2024-11-18T02:00:00,SEA,NYR,0,2,0,,,,,,,,,"{""indoor"": true}"
NHL-20241117-NSH-VAN-22,NHL,2024-11-18T03:00:00,VAN,NSH,3,5,0,,,,,,,,,"{""indoor"": true}"
NHL-20241118-CBJ-BOS-19,NHL,2024-11-19T00:00:00,BOS,CBJ,1,5,0,,,,,,,,,"{""indoor"": true}"
NHL-20241118-COL-PHI-19,NHL,2024-11-19T00:00:00,PHI,COL,2,3,0,,,,,,,,,"{""indoor"": true}"
NHL-20241118-EDM-MTL-19,NHL,2024-11-19T00:30:00,MTL,EDM,3,0,0,,,,,,,,,"{""indoor"": true}"
NHL-20241118-ANA-DAL-20,NHL,2024-11-19T01:00:00,DAL,ANA,2,4,0,,,,,,,,,"{""indoor"": true}"
NHL-20241118-WSH-UTAH-21,NHL,2024-11-19T02:00:00,UTAH,WSH,2,6,0,,,,,,,,,"{""indoor"": true}"
NHL-20241118-DET-SJ-22,NHL,2024-11-19T03:30:00,SJ,DET,5,4,0,,,,,,,,,"{""indoor"": true}"
NHL-20241119-EDM-OTT-19,NHL,2024-11-20T00:00:00,OTT,EDM,2,5,0,,,,,,,,,"{""indoor"": true}"
NHL-20241119-TB-PIT-19,NHL,2024-11-20T00:00:00,PIT,TB,2,3,0,,,,,,,,,"{""indoor"": true}"
NHL-20241119-MIN-STL-20,NHL,2024-11-20T01:00:00,STL,MIN,2,4,0,,,,,,,,,"{""indoor"": true}"
NHL-20241119-FLA-WPG-20,NHL,2024-11-20T01:00:00,WPG,FLA,6,3,0,,,,,,,,,"{""indoor"": true}"
NHL-20241119-ANA-CHI-20,NHL,2024-11-20T01:30:00,CHI,ANA,2,3,0,,,,,,,,,"{""indoor"": true}"
NHL-20241119-NYI-CGY-21,NHL,2024-11-20T02:00:00,CGY,NYI,2,1,0,,,,,,,,,"{""indoor"": true}"
NHL-20241119-NYR-VAN-22,NHL,2024-11-20T03:00:00,VAN,NYR,3,4,0,,,,,,,,,"{""indoor"": true}"
NHL-20241120-VGK-TOR-19,NHL,2024-11-21T00:30:00,TOR,VGK,3,0,0,,,,,,,,,"{""indoor"": true}"
NHL-20241120-CAR-PHI-19,NHL,2024-11-21T00:30:00,PHI,CAR,1,4,0,,,,,,,,,"{""indoor"": true}"
NHL-20241120-SJ-DAL-20,NHL,2024-11-21T01:00:00,DAL,SJ,5,2,0,,,,,,,,,"{""indoor"": true}"
NHL-20241120-NSH-SEA-22,NHL,2024-11-21T03:00:00,SEA,NSH,3,0,0,,,,,,,,,"{""indoor"": true}"
NHL-20241120-BUF-LA-22,NHL,2024-11-21T03:30:00,LA,BUF,0,1,0,,,,,,,,,"{""indoor"": true}"
NHL-20241121-UTAH-BOS-19,NHL,2024-11-22T00:00:00,BOS,UTAH,1,0,0,,,,,,,,,"{""indoor"": true}"
NHL-20241121-VGK-OTT-19,NHL,2024-11-22T00:00:00,OTT,VGK,2,3,0,,,,,,,,,"{""indoor"": true}"
NHL-20241121-NYI-DET-19,NHL,2024-11-22T00:00:00,DET,NYI,2,1,0,,,,,,,,,"{""indoor"": true}"
NHL-20241121-CAR-NJ-19,NHL,2024-11-22T00:00:00,NJ,CAR,4,2,0,,,,,,,,,"{""indoor"": true}"
NHL-20241121-COL-WSH-19,NHL,2024-11-22T00:00:00,WSH,COL,1,2,0,,,,,,,,,"{""indoor"": true}"
NHL-20241121-TB-CBJ-19,NHL,2024-11-22T00:00:00,CBJ,TB,7,6,0,,,,,,,,,"{""indoor"": true}"
NHL-20241121-SJ-STL-20,NHL,2024-11-22T01:00:00,STL,SJ,3,2,0,,,,,,,,,"{""indoor"": true}"
NHL-20241121-FLA-CHI-20,NHL,2024-11-22T01:30:00,CHI,FLA,3,1,0,,,,,,,,,"{""indoor"": true}"
NHL-20241121-NYR-CGY-21,NHL,2024-11-22T02:00:00,CGY,NYR,3,2,0,,,,,,,,,"{""indoor"": true}"
NHL-20241121-MIN-EDM-21,NHL,2024-11-22T02:00:00,EDM,MIN,3,5,0,,,,,,,,,"{""indoor"": true}"
NHL-20241122-WPG-PIT-19,NHL,2024-11-23T00:00:00,PIT,WPG,1,4,0,,,,,,,,,"{""indoor"": true}"
NHL-20241122-BUF-ANA-22,NHL,2024-11-23T03:00:00,ANA,BUF,2,3,0,,,,,,,,,"{""indoor"": true}"
NHL-20241123-CHI-PHI-13,NHL,2024-11-23T18:00:00,PHI,CHI,3,2,0,,,,,,,,,"{""indoor"": true}"
NHL-20241123-MIN-CGY-16,NHL,2024-11-23T21:00:00,CGY,MIN,4,3,0,,,,,,,,,"{""indoor"": true}"
NHL-20241123-SEA-LA-16,NHL,2024-11-23T21:00:00,LA,SEA,2,1,0,,,,,,,,,"{""indoor"": true}"
NHL-20241123-COL-FLA-18,NHL,2024-11-23T23:00:00,FLA,COL,4,7,0,,,,,,,,,"{""indoor"": true}"
NHL-20241123-VGK-MTL-19,NHL,2024-11-24T00:00:00,MTL,VGK,2,6,0,,,,,,,,,"{""indoor"": true}"
NHL-20241123-VAN-OTT-19,NHL,2024-11-24T00:00:00,OTT,VAN,3,4,0,,,,,,,,,"{""indoor"": true}"
NHL-20241123-BOS-DET-19,NHL,2024-11-24T00:00:00,DET,BOS,1,2,0,,,,,,,,,"{""indoor"": true}"
NHL-20241123-DAL-TB-19,NHL,2024-11-24T00:00:00,TB,DAL,2,4,0,,,,,,,,,"{""indoor"": true}"
NHL-20241123-UTAH-PIT-19,NHL,2024-11-24T00:00:00,PIT,UTAH,1,6,0,,,,,,,,,"{""indoor"": true}"
NHL-20241123-NJ-WSH-19,NHL,2024-11-24T00:00:00,WSH,NJ,2,3,0,,,,,,,,,"{""indoor"": true}"
NHL-20241123-CAR-CBJ-19,NHL,2024-11-24T00:00:00,CBJ,CAR,5,4,0,,,,,,,,,"{""indoor"": true}"
NHL-20241123-WPG-NSH-19,NHL,2024-11-24T00:00:00,NSH,WPG,4,1,0,,,,,,,,,"{""indoor"": true}"
NHL-20241123-STL-NYI-19,NHL,2024-11-24T00:30:00,NYI,STL,3,1,0,,,,,,,,,"{""indoor"": true}"
NHL-20241123-BUF-SJ-20,NHL,2024-11-24T01:00:00,SJ,BUF,2,4,0,,,,,,,,,"{""indoor"": true}"
NHL-20241123-NYR-EDM-22,NHL,2024-11-24T03:00:00,EDM,NYR,6,2,0,,,,,,,,,"{""indoor"": true}"
NHL-20241124-UTAH-TOR-19,NHL,2024-11-25T00:00:00,TOR,UTAH,3,2,0,,,,,,,,,"{""indoor"": true}"
NHL-20241125-COL-TB-19,NHL,2024-11-26T00:00:00,TB,COL,8,2,0,,,,,,,,,"{""indoor"": true}"
NHL-20241125-WSH-FLA-19,NHL,2024-11-26T00:00:00,FLA,WSH,1,4,0,,,,,,,,,"{""indoor"": true}"
NHL-20241125-NSH-NJ-19,NHL,2024-11-26T00:00:00,NJ,NSH,5,2,0,,,,,,,,,"{""indoor"": true}"
NHL-20241125-STL-NYR-19,NHL,2024-11-26T00:00:00,NYR,STL,2,5,0,,,,,,,,,"{""indoor"": true}"
NHL-20241125-VGK-PHI-19,NHL,2024-11-26T00:00:00,PHI,VGK,4,5,0,,,,,,,,,"{""indoor"": true}"
NHL-20241125-DAL-CAR-19,NHL,2024-11-26T00:00:00,CAR,DAL,6,4,0,,,,,,,,,"{""indoor"": true}"
NHL-20241125-CGY-OTT-19,NHL,2024-11-26T00:30:00,OTT,CGY,4,3,0,,,,,,,,,"{""indoor"": true}"
NHL-20241125-DET-NYI-19,NHL,2024-11-26T00:30:00,NYI,DET,2,4,0,,,,,,,,,"{""indoor"": true}"
NHL-20241125-WPG-MIN-20,NHL,2024-11-26T01:00:00,MIN,WPG,1,4,0,,,,,,,,,"{""indoor"": true}"
NHL-20241125-SEA-ANA-22,NHL,2024-11-26T03:00:00,ANA,SEA,2,3,0,,,,,,,,,"{""indoor"": true}"
NHL-20241125-LA-SJ-22,NHL,2024-11-26T03:30:00,SJ,LA,7,2,0,,,,,,,,,"{""indoor"": true}"
NHL-20241126-VAN-BOS-19,NHL,2024-11-27T00:00:00,BOS,VAN,0,2,0,,,,,,,,,"{""indoor"": true}"
NHL-20241126-UTAH-MTL-19,NHL,2024-11-27T00:00:00,MTL,UTAH,2,3,0,,,,,,,,,"{""indoor"": true}"
NHL-20241127-MIN-BUF-19,NHL,2024-11-28T00:00:00,BUF,MIN,0,1,0,,,,,,,,,"{""indoor"": true}"
NHL-20241127-STL-NJ-19,NHL,2024-11-28T00:00:00,NJ,STL,0,3,0,,,,,,,,,"{""indoor"": true}"
NHL-20241127-NYR-CAR-19,NHL,2024-11-28T00:00:00,CAR,NYR,4,3,0,,,,,,,,,"{""indoor"": true}"
NHL-20241127-CGY-DET-19,NHL,2024-11-28T00:30:00,DET,CGY,2,1,0,,,,,,,,,"{""indoor"": true}"
NHL-20241127-WSH-TB-19,NHL,2024-11-28T00:30:00,TB,WSH,4,5,0,,,,,,,,,"{""indoor"": true}"
NHL-20241127-TOR-FLA-19,NHL,2024-11-28T00:30:00,FLA,TOR,5,1,0,,,,,,,,,"{""indoor"": true}"
NHL-20241127-BOS-NYI-19,NHL,2024-11-28T00:30:00,NYI,BOS,3,6,0,,,,,,,,,"{""indoor"": true}"
NHL-20241127-VAN-PIT-19,NHL,2024-11-28T00:30:00,PIT,VAN,5,4,0,,,,,,,,,"{""indoor"": true}"
NHL-20241127-MTL-CBJ-19,NHL,2024-11-28T00:30:00,CBJ,MTL,3,4,0,,,,,,,,,"{""indoor"": true}"
NHL-20241127-PHI-NSH-20,NHL,2024-11-28T01:00:00,NSH,PHI,2,3,0,,,,,,,,,"{""indoor"": true}"
NHL-20241127-DAL-CHI-20,NHL,2024-11-28T01:30:00,CHI,DAL,6,2,0,,,,,,,,,"{""indoor"": true}"
NHL-20241127-VGK-COL-22,NHL,2024-11-28T03:00:00,COL,VGK,2,1,0,,,,,,,,,"{""indoor"": true}"
NHL-20241127-WPG-LA-22,NHL,2024-11-28T03:00:00,LA,WPG,4,1,0,,,,,,,,,"{""indoor"": true}"
NHL-20241127-ANA-SEA-22,NHL,2024-11-28T03:00:00,SEA,ANA,2,5,0,,,,,,,,,"{""indoor"": true}"
NHL-20241127-OTT-SJ-22,NHL,2024-11-28T03:30:00,SJ,OTT,3,4,0,,,,,,,,,"{""indoor"": true}"
NHL-20241129-NYR-PHI-13,NHL,2024-11-29T18:00:00,PHI,NYR,3,1,0,,,,,,,,,"{""indoor"": true}"
NHL-20241129-CHI-MIN-14,NHL,2024-11-29T19:00:00,MIN,CHI,3,2,0,,,,,,,,,"{""indoor"": true}"
NHL-20241129-VAN-BUF-15,NHL,2024-11-29T20:00:00,BUF,VAN,3,4,0,,,,,,,,,"{""indoor"": true}"
NHL-20241129-NJ-DET-15,NHL,2024-11-29T20:00:00,DET,NJ,4,5,0,,,,,,,,,"{""indoor"": true}"
NHL-20241129-NYI-WSH-15,NHL,2024-11-29T20:00:00,WSH,NYI,5,4,0,,,,,,,,,"{""indoor"": true}"
NHL-20241129-FLA-CAR-15,NHL,2024-11-29T20:00:00,CAR,FLA,3,6,0,,,,,,,,,"{""indoor"": true}"
NHL-20241129-CGY-CBJ-15,NHL,2024-11-29T20:00:00,CBJ,CGY,5,2,0,,,,,,,,,"{""indoor"": true}"
NHL-20241129-TB-NSH-15,NHL,2024-11-29T20:00:00,NSH,TB,2,3,0,,,,,,,,,"{""indoor"": true}"
NHL-20241129-LA-ANA-15,NHL,2024-11-29T20:30:00,ANA,LA,1,2,0,,,,,,,,,"{""indoor"": true}"
NHL-20241129-SEA-SJ-15,NHL,2024-11-29T20:30:00,SJ,SEA,8,5,0,,,,,,,,,"{""indoor"": true}"
NHL-20241129-PIT-BOS-18,NHL,2024-11-29T23:30:00,BOS,PIT,1,2,0,,,,,,,,,"{""indoor"": true}"
NHL-20241129-WPG-VGK-20,NHL,2024-11-30T01:30:00,VGK,WPG,4,3,0,,,,,,,,,"{""indoor"": true}"
NHL-20241129-COL-DAL-21,NHL,2024-11-30T02:00:00,DAL,COL,5,3,0,,,,,,,,,"{""indoor"": true}"
NHL-20241129-EDM-UTAH-21,NHL,2024-11-30T02:00:00,UTAH,EDM,3,4,0,,,,,,,,,"{""indoor"": true}"
NHL-20241130-MTL-NYR-13,NHL,2024-11-30T18:00:00,NYR,MTL,4,3,0,,,,,,,,,"{""indoor"": true}"
NHL-20241130-CAR-FLA-16,NHL,2024-11-30T21:00:00,FLA,CAR,6,0,0,,,,,,,,,"{""indoor"": true}"
NHL-20241130-TOR-TB-19,NHL,2024-12-01T00:00:00,TB,TOR,3,5,0,,,,,,,,,"{""indoor"": true}"
NHL-20241130-WSH-NJ-19,NHL,2024-12-01T00:00:00,NJ,WSH,5,6,0,,,,,,,,,"{""indoor"": true}"
NHL-20241130-CGY-PIT-19,NHL,2024-12-01T00:00:00,PIT,CGY,6,2,0,,,,,,,,,"{""indoor"": true}"
NHL-20241130-PHI-STL-19,NHL,2024-12-01T00:00:00,STL,PHI,2,3,0,,,,,,,,,"{""indoor"": true}"
NHL-20241130-OTT-LA-19,NHL,2024-12-01T00:00:00,LA,OTT,5,2,0,,,,,,,,,"{""indoor"": true}"
NHL-20241130-BUF-NYI-19,NHL,2024-12-01T00:30:00,NYI,BUF,3,0,0,,,,,,,,,"{""indoor"": true}"
NHL-20241130-NSH-MIN-20,NHL,2024-12-01T01:00:00,MIN,NSH,3,2,0,,,,,,,,,"{""indoor"": true}"
NHL-20241130-EDM-COL-22,NHL,2024-12-01T03:00:00,COL,EDM,1,4,0,,,,,,,,,"{""indoor"": true}"
NHL-20241130-UTAH-VGK-22,NHL,2024-12-01T03:00:00,VGK,UTAH,0,6,0,,,,,,,,,"{""indoor"": true}"
NHL-20241130-SJ-SEA-22,NHL,2024-12-01T03:00:00,SEA,SJ,2,4,0,,,,,,,,,"{""indoor"": true}"
NHL-20241201-VAN-DET-12,NHL,2024-12-01T17:30:00,DET,VAN,4,5,0,,,,,,,,,"{""indoor"": true}"
NHL-20241201-MTL-BOS-15,NHL,2024-12-01T20:00:00,BOS,MTL,6,3,0,,,,,,,,,"{""indoor"": true}"
NHL-20241201-CBJ-CHI-15,NHL,2024-12-01T20:00:00,CHI,CBJ,3,6,0,,,,,,,,,"{""indoor"": true}"
NHL-20241201-WPG-DAL-16,NHL,2024-12-01T21:30:00,DAL,WPG,3,1,0,,,,,,,,,"{""indoor"": true}"
NHL-20241201-OTT-ANA-20,NHL,2024-12-02T01:00:00,ANA,OTT,4,3,0,,,,,,,,,"{""indoor"": true}"
NHL-20241202-NJ-NYR-19,NHL,2024-12-03T00:00:00,NYR,NJ,1,5,0,,,,,,,,,"{""indoor"": true}"
NHL-20241202-CHI-TOR-19,NHL,2024-12-03T00:30:00,TOR,CHI,4,1,0,,,,,,,,,"{""indoor"": true}"
NHL-20241202-DAL-UTAH-21,NHL,2024-12-03T02:00:00,UTAH,DAL,1,2,0,,,,,,,,,"{""indoor"": true}"
NHL-20241203-DET-BOS-19,NHL,2024-12-04T00:00:00,BOS,DET,3,2,0,,,,,,,,,"{""indoor"": true}"
NHL-20241203-COL-BUF-19,NHL,2024-12-04T00:00:00,BUF,COL,4,5,0,,,,,,,,,"{""indoor"": true}"
NHL-20241203-NYI-MTL-19,NHL,2024-12-04T00:00:00,MTL,NYI,2,1,0,,,,,,,,,"{""indoor"": true}"
NHL-20241203-FLA-PIT-19,NHL,2024-12-04T00:00:00,PIT,FLA,5,4,0,,,,,,,,,"{""indoor"": true}"
NHL-20241203-SJ-WSH-19,NHL,2024-12-04T00:00:00,WSH,SJ,1,2,0,,,,,,,,,"{""indoor"": true}"
NHL-20241203-SEA-CAR-19,NHL,2024-12-04T00:00:00,CAR,SEA,2,4,0,,,,,,,,,"{""indoor"": true}"
NHL-20241203-VAN-MIN-20,NHL,2024-12-04T01:00:00,MIN,VAN,3,2,0,,,,,,,,,"{""indoor"": true}"
NHL-20241203-STL-WPG-20,NHL,2024-12-04T01:00:00,WPG,STL,1,4,0,,,,,,,,,"{""indoor"": true}"
NHL-20241203-CBJ-CGY-21,NHL,2024-12-04T02:00:00,CGY,CBJ,3,0,0,,,,,,,,,"{""indoor"": true}"
NHL-20241203-EDM-VGK-22,NHL,2024-12-04T03:00:00,VGK,EDM,1,0,0,,,,,,,,,"{""indoor"": true}"
NHL-20241204-NSH-TOR-19,NHL,2024-12-05T00:30:00,TOR,NSH,3,2,0,,,,,,,,,"{""indoor"": true}"
NHL-20241204-BOS-CHI-19,NHL,2024-12-05T00:30:00,CHI,BOS,2,4,0,,,,,,,,,"{""indoor"": true}"
NHL-20241204-VGK-ANA-22,NHL,2024-12-05T03:00:00,ANA,VGK,1,4,0,,,,,,,,,"{""indoor"": true}"
NHL-20241204-DAL-LA-22,NHL,2024-12-05T03:00:00,LA,DAL,3,2,0,,,,,,,,,"{""indoor"": true}"
NHL-20241205-WPG-BUF-19,NHL,2024-12-06T00:00:00,BUF,WPG,2,3,0,,,,,,,,,"{""indoor"": true}"
NHL-20241205-NSH-MTL-19,NHL,2024-12-06T00:00:00,MTL,NSH,3,0,0,,,,,,,,,"{""indoor"": true}"
NHL-20241205-DET-OTT-19,NHL,2024-12-06T00:00:00,OTT,DET,2,1,0,,,,,,,,,"{""indoor"": true}"
NHL-20241205-SJ-TB-19,NHL,2024-12-06T00:00:00,TB,SJ,8,1,0,,,,,,,,,"{""indoor"": true}"
NHL-20241205-FLA-PHI-19,NHL,2024-12-06T00:00:00,PHI,FLA,5,7,0,,,,,,,,,"{""indoor"": true}"
NHL-20241205-COL-CAR-19,NHL,2024-12-06T00:00:00,CAR,COL,5,3,0,,,,,,,,,"{""indoor"": true}"
NHL-20241205-SEA-NYI-19,NHL,2024-12-06T00:30:00,NYI,SEA,2,5,0,,,,,,,,,"{""indoor"": true}"
NHL-20241205-STL-CGY-21,NHL,2024-12-06T02:00:00,CGY,STL,3,4,0,,,,,,,,,"{""indoor"": true}"
NHL-20241205-CBJ-EDM-21,NHL,2024-12-06T02:00:00,EDM,CBJ,6,3,0,,,,,,,,,"{""indoor"": true}"
NHL-20241206-WSH-TOR-19,NHL,2024-12-07T00:00:00,TOR,WSH,1,3,0,,,,,,,,,"{""indoor"": true}"
NHL-20241206-SEA-NJ-19,NHL,2024-12-07T00:00:00,NJ,SEA,3,2,0,,,,,,,,,"{""indoor"": true}"
NHL-20241206-PIT-NYR-19,NHL,2024-12-07T00:30:00,NYR,PIT,4,2,0,,,,,,,,,"{""indoor"": true}"
NHL-20241206-CBJ-VAN-22,NHL,2024-12-07T03:00:00,VAN,CBJ,5,2,0,,,,,,,,,"{""indoor"": true}"
NHL-20241206-DAL-VGK-22,NHL,2024-12-07T03:00:00,VGK,DAL,3,2,0,,,,,,,,,"{""indoor"": true}"
NHL-20241206-MIN-ANA-22,NHL,2024-12-07T03:00:00,ANA,MIN,1,5,0,,,,,,,,,"{""indoor"": true}"
NHL-20241207-PHI-BOS-13,NHL,2024-12-07T18:00:00,BOS,PHI,4,3,0,,,,,,,,,"{""indoor"": true}"
NHL-20241207-UTAH-BUF-13,NHL,2024-12-07T18:00:00,BUF,UTAH,2,5,0,,,,,,,,,"{""indoor"": true}"
NHL-20241207-WPG-CHI-16,NHL,2024-12-07T21:00:00,CHI,WPG,2,4,0,,,,,,,,,"{""indoor"": true}"
NHL-20241207-CAR-NYI-17,NHL,2024-12-07T22:00:00,NYI,CAR,4,3,0,,,,,,,,,"{""indoor"": true}"
NHL-20241207-SJ-FLA-18,NHL,2024-12-07T23:00:00,FLA,SJ,3,1,0,,,,,,,,,"{""indoor"": true}"
NHL-20241207-WSH-MTL-19,NHL,2024-12-08T00:00:00,MTL,WSH,2,4,0,,,,,,,,,"{""indoor"": true}"
NHL-20241207-NSH-OTT-19,NHL,2024-12-08T00:00:00,OTT,NSH,3,1,0,,,,,,,,,"{""indoor"": true}"
NHL-20241207-COL-DET-19,NHL,2024-12-08T00:00:00,DET,COL,1,2,0,,,,,,,,,"{""indoor"": true}"
NHL-20241207-TOR-PIT-19,NHL,2024-12-08T00:00:00,PIT,TOR,5,2,0,,,,,,,,,"{""indoor"": true}"
NHL-20241207-MIN-LA-20,NHL,2024-12-08T01:00:00,LA,MIN,4,1,0,,,,,,,,,"{""indoor"": true}"
NHL-20241207-STL-EDM-22,NHL,2024-12-08T03:00:00,EDM,STL,4,2,0,,,,,,,,,"{""indoor"": true}"
NHL-20241208-SEA-NYR-13,NHL,2024-12-08T18:00:00,NYR,SEA,5,7,0,,,,,,,,,"{""indoor"": true}"
NHL-20241208-TB-VAN-16,NHL,2024-12-08T21:00:00,VAN,TB,2,4,0,,,,,,,,,"{""indoor"": true}"
NHL-20241208-NYI-OTT-17,NHL,2024-12-08T22:00:00,OTT,NYI,2,4,0,,,,,,,,,"{""indoor"": true}"
NHL-20241208-CBJ-WPG-18,NHL,2024-12-08T23:00:00,WPG,CBJ,1,4,0,,,,,,,,,"{""indoor"": true}"
NHL-20241208-COL-NJ-19,NHL,2024-12-09T00:00:00,NJ,COL,0,4,0,,,,,,,,,"{""indoor"": true}"
NHL-20241208-UTAH-PHI-19,NHL,2024-12-09T00:30:00,PHI,UTAH,2,4,0,,,,,,,,,"{""indoor"": true}"
NHL-20241208-CGY-DAL-20,NHL,2024-12-09T01:00:00,DAL,CGY,6,2,0,,,,,,,,,"{""indoor"": true}"
NHL-20241209-DET-BUF-19,NHL,2024-12-10T00:00:00,BUF,DET,5,6,0,,,,,,,,,"{""indoor"": true}"
NHL-20241209-CHI-NYR-19,NHL,2024-12-10T00:00:00,NYR,CHI,1,2,0,,,,,,,,,"{""indoor"": true}"
NHL-20241209-ANA-MTL-19,NHL,2024-12-10T00:30:00,MTL,ANA,3,2,0,,,,,,,,,"{""indoor"": true}"
NHL-20241210-TOR-NJ-19,NHL,2024-12-11T00:00:00,NJ,TOR,1,2,0,,,,,,,,,"{""indoor"": true}"
NHL-20241210-COL-PIT-19,NHL,2024-12-11T00:00:00,PIT,COL,2,6,0,,,,,,,,,"{""indoor"": true}"
NHL-20241210-SJ-CAR-19,NHL,2024-12-11T00:00:00,CAR,SJ,3,2,0,,,,,,,,,"{""indoor"": true}"
NHL-20241210-PHI-CBJ-19,NHL,2024-12-11T00:00:00,CBJ,PHI,3,5,0,,,,,,,,,"{""indoor"": true}"
NHL-20241210-LA-NYI-19,NHL,2024-12-11T00:30:00,NYI,LA,1,3,0,,,,,,,,,"{""indoor"": true}"
NHL-20241210-CGY-NSH-20,NHL,2024-12-11T01:00:00,NSH,CGY,3,4,0,,,,,,,,,"{""indoor"": true}"
NHL-20241210-BOS-WPG-20,NHL,2024-12-11T01:00:00,WPG,BOS,8,1,0,,,,,,,,,"{""indoor"": true}"
NHL-20241210-TB-EDM-21,NHL,2024-12-11T02:00:00,EDM,TB,2,1,0,,,,,,,,,"{""indoor"": true}"
NHL-20241210-MIN-UTAH-21,NHL,2024-12-11T02:30:00,UTAH,MIN,4,5,0,,,,,,,,,"{""indoor"": true}"
NHL-20241210-STL-VAN-22,NHL,2024-12-11T03:00:00,VAN,STL,3,4,0,,,,,,,,,"{""indoor"": true}"
NHL-20241210-FLA-SEA-22,NHL,2024-12-11T03:00:00,SEA,FLA,1,2,0,,,,,,,,,"{""indoor"": true}"
NHL-20241211-NYR-BUF-19,NHL,2024-12-12T00:00:00,BUF,NYR,2,3,0,,,,,,,,,"{""indoor"": true}"
NHL-20241211-ANA-OTT-19,NHL,2024-12-12T00:30:00,OTT,ANA,5,1,0,,,,,,,,,"{""indoor"": true}"
NHL-20241212-ANA-TOR-19,NHL,2024-12-13T00:00:00,TOR,ANA,3,2,0,,,,,,,,,"{""indoor"": true}"
NHL-20241212-PIT-MTL-19,NHL,2024-12-13T00:00:00,MTL,PIT,2,9,0,,,,,,,,,"{""indoor"": true}"
NHL-20241212-LA-NJ-19,NHL,2024-12-13T00:00:00,NJ,LA,3,1,0,,,,,,,,,"{""indoor"": true}"
NHL-20241212-DET-PHI-19,NHL,2024-12-13T00:00:00,PHI,DET,4,1,0,,,,,,,,,"{""indoor"": true}"
NHL-20241212-WSH-CBJ-19,NHL,2024-12-13T00:00:00,CBJ,WSH,1,2,0,,,,,,,,,"{""indoor"": true}"
NHL-20241212-CHI-NYI-19,NHL,2024-12-13T00:30:00,NYI,CHI,5,4,0,,,,,,,,,"{""indoor"": true}"
NHL-20241212-SJ-STL-20,NHL,2024-12-13T01:00:00,STL,SJ,3,4,0,,,,,,,,,"{""indoor"": true}"
NHL-20241212-NSH-DAL-20,NHL,2024-12-13T01:00:00,DAL,NSH,1,4,0,,,,,,,,,"{""indoor"": true}"
NHL-20241212-VGK-WPG-20,NHL,2024-12-13T01:00:00,WPG,VGK,2,3,0,,,,,,,,,"{""indoor"": true}"
NHL-20241212-EDM-MIN-20,NHL,2024-12-13T01:30:00,MIN,EDM,1,7,0,,,,,,,,,"{""indoor"": true}"
NHL-20241212-UTAH-COL-21,NHL,2024-12-13T02:00:00,COL,UTAH,1,4,0,,,,,,,,,"{""indoor"": true}"
NHL-20241212-TB-CGY-21,NHL,2024-12-13T02:00:00,CGY,TB,3,8,0,,,,,,,,,"{""indoor"": true}"
NHL-20241212-FLA-VAN-22,NHL,2024-12-13T03:00:00,VAN,FLA,4,0,0,,,,,,,,,"{""indoor"": true}"
NHL-20241212-BOS-SEA-22,NHL,2024-12-13T03:00:00,SEA,BOS,5,1,0,,,,,,,,,"{""indoor"": true}"
NHL-20241213-OTT-CAR-19,NHL,2024-12-14T00:00:00,CAR,OTT,0,3,0,,,,,,,,,"{""indoor"": true}"
NHL-20241214-CHI-NJ-13,NHL,2024-12-14T18:00:00,NJ,CHI,4,1,0,,,,,,,,,"{""indoor"": true}"
NHL-20241214-LA-NYR-13,NHL,2024-12-14T18:00:00,NYR,LA,1,5,0,,,,,,,,,"{""indoor"": true}"
NHL-20241214-PHI-MIN-14,NHL,2024-12-14T19:00:00,MIN,PHI,4,1,0,,,,,,,,,"{""indoor"": true}"
NHL-20241214-VGK-EDM-16,NHL,2024-12-14T21:00:00,EDM,VGK,6,3,0,,,,,,,,,"{""indoor"": true}"
NHL-20241214-PIT-OTT-19,NHL,2024-12-15T00:00:00,OTT,PIT,3,2,0,,,,,,,,,"{""indoor"": true}"
NHL-20241214-TOR-DET-19,NHL,2024-12-15T00:00:00,DET,TOR,4,2,0,,,,,,,,,"{""indoor"": true}"
NHL-20241214-BUF-WSH-19,NHL,2024-12-15T00:00:00,WSH,BUF,4,2,0,,,,,,,,,"{""indoor"": true}"
NHL-20241214-ANA-CBJ-19,NHL,2024-12-15T00:00:00,CBJ,ANA,3,4,0,,,,,,,,,"{""indoor"": true}"
NHL-20241214-MTL-WPG-19,NHL,2024-12-15T00:00:00,WPG,MTL,4,2,0,,,,,,,,,"{""indoor"": true}"
NHL-20241214-STL-DAL-20,NHL,2024-12-15T01:00:00,DAL,STL,2,1,0,,,,,,,,,"{""indoor"": true}"
NHL-20241214-NSH-COL-21,NHL,2024-12-15T02:00:00,COL,NSH,5,2,0,,,,,,,,,"{""indoor"": true}"
NHL-20241214-FLA-CGY-22,NHL,2024-12-15T03:00:00,CGY,FLA,3,0,0,,,,,,,,,"{""indoor"": true}"
NHL-20241214-BOS-VAN-22,NHL,2024-12-15T03:00:00,VAN,BOS,1,5,0,,,,,,,,,"{""indoor"": true}"
NHL-20241214-UTAH-SJ-22,NHL,2024-12-15T03:00:00,SJ,UTAH,3,4,0,,,,,,,,,"{""indoor"": true}"
NHL-20241214-TB-SEA-22,NHL,2024-12-15T03:00:00,SEA,TB,1,5,0,,,,,,,,,"{""indoor"": true}"
NHL-20241215-NYI-CHI-15,NHL,2024-12-15T20:00:00,CHI,NYI,5,3,0,,,,,,,,,"{""indoor"": true}"
NHL-20241215-BUF-TOR-17,NHL,2024-12-15T22:00:00,TOR,BUF,5,3,0,,,,,,,,,"{""indoor"": true}"
NHL-20241215-CBJ-CAR-17,NHL,2024-12-15T22:00:00,CAR,CBJ,4,1,0,,,,,,,,,"{""indoor"": true}"
NHL-20241215-NYR-STL-18,NHL,2024-12-15T23:00:00,STL,NYR,3,2,0,,,,,,,,,"{""indoor"": true}"
NHL-20241215-VGK-MIN-18,NHL,2024-12-15T23:00:00,MIN,VGK,2,3,0,,,,,,,,,"{""indoor"": true}"
NHL-20241216-WSH-DAL-20,NHL,2024-12-17T01:00:00,DAL,WSH,3,1,0,,,,,,,,,"{""indoor"": true}"
NHL-20241216-FLA-EDM-20,NHL,2024-12-17T01:30:00,EDM,FLA,5,6,0,,,,,,,,,"{""indoor"": true}"
NHL-20241216-COL-VAN-22,NHL,2024-12-17T03:30:00,VAN,COL,3,1,0,,,,,,,,,"{""indoor"": true}"
NHL-20241217-BUF-MTL-19,NHL,2024-12-18T00:00:00,MTL,BUF,6,1,0,,,,,,,,,"{""indoor"": true}"
NHL-20241217-CBJ-TB-19,NHL,2024-12-18T00:00:00,TB,CBJ,5,3,0,,,,,,,,,"{""indoor"": true}"
NHL-20241217-LA-PIT-19,NHL,2024-12-18T00:00:00,PIT,LA,3,2,0,,,,,,,,,"{""indoor"": true}"
NHL-20241217-NYI-CAR-19,NHL,2024-12-18T00:30:00,CAR,NYI,4,0,0,,,,,,,,,"{""indoor"": true}"
NHL-20241217-NJ-STL-20,NHL,2024-12-18T01:00:00,STL,NJ,1,4,0,,,,,,,,,"{""indoor"": true}"
NHL-20241217-NYR-NSH-20,NHL,2024-12-18T01:00:00,NSH,NYR,2,0,0,,,,,,,,,"{""indoor"": true}"
NHL-20241217-WSH-CHI-20,NHL,2024-12-18T01:30:00,CHI,WSH,3,2,0,,,,,,,,,"{""indoor"": true}"
NHL-20241217-BOS-CGY-21,NHL,2024-12-18T02:00:00,CGY,BOS,3,4,0,,,,,,,,,"{""indoor"": true}"
NHL-20241217-OTT-SEA-22,NHL,2024-12-18T03:00:00,SEA,OTT,0,3,0,,,,,,,,,"{""indoor"": true}"
NHL-20241217-WPG-SJ-22,NHL,2024-12-18T03:30:00,SJ,WPG,3,4,0,,,,,,,,,"{""indoor"": true}"
NHL-20241218-PHI-DET-19,NHL,2024-12-19T00:00:00,DET,PHI,6,4,0,,,,,,,,,"{""indoor"": true}"
NHL-20241218-TOR-DAL-19,NHL,2024-12-19T00:30:00,DAL,TOR,3,5,0,,,,,,,,,"{""indoor"": true}"
NHL-20241218-FLA-MIN-21,NHL,2024-12-19T02:30:00,MIN,FLA,1,6,0,,,,,,,,,"{""indoor"": true}"
NHL-20241218-VAN-UTAH-22,NHL,2024-12-19T03:00:00,UTAH,VAN,3,2,0,,,,,,,,,"{""indoor"": true}"
NHL-20241218-WPG-ANA-22,NHL,2024-12-19T03:00:00,ANA,WPG,3,2,0,,,,,,,,,"{""indoor"": true}"
NHL-20241219-STL-TB-19,NHL,2024-12-20T00:00:00,TB,STL,3,1,0,,,,,,,,,"{""indoor"": true}"
NHL-20241219-NJ-CBJ-19,NHL,2024-12-20T00:00:00,CBJ,NJ,4,2,0,,,,,,,,,"{""indoor"": true}"
NHL-20241219-LA-PHI-19,NHL,2024-12-20T00:30:00,PHI,LA,3,7,0,,,,,,,,,"{""indoor"": true}"
NHL-20241219-PIT-NSH-20,NHL,2024-12-20T01:00:00,NSH,PIT,4,5,0,,,,,,,,,"{""indoor"": true}"
NHL-20241219-SEA-CHI-20,NHL,2024-12-20T01:30:00,CHI,SEA,3,1,0,,,,,,,,,"{""indoor"": true}"
NHL-20241219-OTT-CGY-21,NHL,2024-12-20T02:00:00,CGY,OTT,2,3,0,,,,,,,,,"{""indoor"": true}"
NHL-20241219-BOS-EDM-21,NHL,2024-12-20T02:00:00,EDM,BOS,3,2,0,,,,,,,,,"{""indoor"": true}"
NHL-20241219-VAN-VGK-22,NHL,2024-12-20T03:00:00,VGK,VAN,3,1,0,,,,,,,,,"{""indoor"": true}"
NHL-20241219-COL-SJ-22,NHL,2024-12-20T03:30:00,SJ,COL,2,4,0,,,,,,,,,"{""indoor"": true}"
NHL-20241220-TOR-BUF-19,NHL,2024-12-21T00:00:00,BUF,TOR,3,6,0,,,,,,,,,"{""indoor"": true}"
NHL-20241220-MTL-DET-19,NHL,2024-12-21T00:00:00,DET,MTL,3,4,0,,,,,,,,,"{""indoor"": true}"
NHL-20241220-STL-FLA-19,NHL,2024-12-21T00:00:00,FLA,STL,2,1,0,,,,,,,,,"{""indoor"": true}"
NHL-20241220-CAR-WSH-19,NHL,2024-12-21T00:00:00,WSH,CAR,3,1,0,,,,,,,,,"{""indoor"": true}"
NHL-20241220-NYR-DAL-20,NHL,2024-12-21T01:00:00,DAL,NYR,1,3,0,,,,,,,,,"{""indoor"": true}"
NHL-20241220-UTAH-MIN-20,NHL,2024-12-21T01:00:00,MIN,UTAH,1,2,0,,,,,,,,,"{""indoor"": true}"
NHL-20241220-COL-ANA-22,NHL,2024-12-21T03:00:00,ANA,COL,2,4,0,,,,,,,,,"{""indoor"": true}"
NHL-20241221-LA-NSH-13,NHL,2024-12-21T18:30:00,NSH,LA,3,2,0,,,,,,,,,"{""indoor"": true}"
NHL-20241221-CHI-CGY-16,NHL,2024-12-21T21:00:00,CGY,CHI,6,4,0,,,,,,,,,"{""indoor"": true}"
NHL-20241221-SJ-EDM-16,NHL,2024-12-21T21:00:00,EDM,SJ,3,2,0,,,,,,,,,"{""indoor"": true}"
NHL-20241221-BUF-BOS-19,NHL,2024-12-22T00:00:00,BOS,BUF,3,1,0,,,,,,,,,"{""indoor"": true}"
NHL-20241221-NYI-TOR-19,NHL,2024-12-22T00:00:00,TOR,NYI,3,6,0,,,,,,,,,"{""indoor"": true}"
NHL-20241221-DET-MTL-19,NHL,2024-12-22T00:00:00,MTL,DET,5,1,0,,,,,,,,,"{""indoor"": true}"
NHL-20241221-PIT-NJ-19,NHL,2024-12-22T00:00:00,NJ,PIT,3,0,0,,,,,,,,,"{""indoor"": true}"
NHL-20241221-CBJ-PHI-19,NHL,2024-12-22T00:00:00,PHI,CBJ,5,4,0,,,,,,,,,"{""indoor"": true}"
NHL-20241221-MIN-WPG-19,NHL,2024-12-22T00:00:00,WPG,MIN,5,0,0,,,,,,,,,"{""indoor"": true}"
NHL-20241221-OTT-VAN-22,NHL,2024-12-22T03:00:00,VAN,OTT,4,5,0,,,,,,,,,"{""indoor"": true}"
NHL-20241221-SEA-VGK-22,NHL,2024-12-22T03:00:00,VGK,SEA,6,2,0,,,,,,,,,"{""indoor"": true}"
NHL-20241222-CAR-NYR-12,NHL,2024-12-22T17:30:00,NYR,CAR,1,3,0,,,,,,,,,"{""indoor"": true}"
NHL-20241222-FLA-TB-17,NHL,2024-12-22T22:00:00,TB,FLA,2,4,0,,,,,,,,,"{""indoor"": true}"
NHL-20241222-LA-WSH-17,NHL,2024-12-22T22:00:00,WSH,LA,3,1,0,,,,,,,,,"{""indoor"": true}"
NHL-20241222-ANA-UTAH-17,NHL,2024-12-22T22:00:00,UTAH,ANA,4,5,0,,,,,,,,,"{""indoor"": true}"
NHL-20241222-SEA-COL-20,NHL,2024-12-23T01:00:00,COL,SEA,5,2,0,,,,,,,,,"{""indoor"": true}"
NHL-20241222-OTT-EDM-20,NHL,2024-12-23T01:00:00,EDM,OTT,3,1,0,,,,,,,,,"{""indoor"": true}"
NHL-20241223-NYR-NJ-13,NHL,2024-12-23T18:00:00,NJ,NYR,5,0,0,,,,,,,,,"{""indoor"": true}"
NHL-20241223-WPG-TOR-14,NHL,2024-12-23T19:00:00,TOR,WPG,2,5,0,,,,,,,,,"{""indoor"": true}"
NHL-20241223-WSH-BOS-19,NHL,2024-12-24T00:00:00,BOS,WSH,4,1,0,,,,,,,,,"{""indoor"": true}"
NHL-20241223-STL-DET-19,NHL,2024-12-24T00:00:00,DET,STL,0,4,0,,,,,,,,,"{""indoor"": true}"
NHL-20241223-TB-FLA-19,NHL,2024-12-24T00:00:00,FLA,TB,0,4,0,,,,,,,,,"{""indoor"": true}"
NHL-20241223-PHI-PIT-19,NHL,2024-12-24T00:00:00,PIT,PHI,7,3,0,,,,,,,,,"{""indoor"": true}"
NHL-20241223-MTL-CBJ-19,NHL,2024-12-24T00:00:00,CBJ,MTL,5,4,0,,,,,,,,,"{""indoor"": true}"
NHL-20241223-BUF-NYI-19,NHL,2024-12-24T00:30:00,NYI,BUF,1,7,0,,,,,,,,,"{""indoor"": true}"
NHL-20241223-CAR-NSH-20,NHL,2024-12-24T01:00:00,NSH,CAR,5,2,0,,,,,,,,,"{""indoor"": true}"
NHL-20241223-CHI-MIN-20,NHL,2024-12-24T01:00:00,MIN,CHI,4,3,0,,,,,,,,,"{""indoor"": true}"
NHL-20241223-SJ-VAN-21,NHL,2024-12-24T02:00:00,VAN,SJ,4,3,0,,,,,,,,,"{""indoor"": true}"
NHL-20241223-DAL-UTAH-21,NHL,2024-12-24T02:00:00,UTAH,DAL,2,3,0,,,,,,,,,"{""indoor"": true}"
NHL-20241223-ANA-VGK-22,NHL,2024-12-24T03:00:00,VGK,ANA,3,1,0,,,,,,,,,"{""indoor"": true}"
NHL-20241227-CHI-BUF-19,NHL,2024-12-28T00:00:00,BUF,CHI,6,2,0,,,,,,,,,"{""indoor"": true}"
NHL-20241227-TOR-DET-19,NHL,2024-12-28T00:00:00,DET,TOR,2,5,0,,,,,,,,,"{""indoor"": true}"
NHL-20241227-CAR-NJ-19,NHL,2024-12-28T00:00:00,NJ,CAR,4,2,0,,,,,,,,,"{""indoor"": true}"
NHL-20241227-BOS-CBJ-19,NHL,2024-12-28T00:00:00,CBJ,BOS,6,2,0,,,,,,,,,"{""indoor"": true}"
NHL-20241227-NSH-STL-20,NHL,2024-12-28T01:00:00,STL,NSH,7,4,0,,,,,,,,,"{""indoor"": true}"
NHL-20241227-MIN-DAL-20,NHL,2024-12-28T01:00:00,DAL,MIN,2,3,0,,,,,,,,,"{""indoor"": true}"
NHL-20241227-COL-UTAH-21,NHL,2024-12-28T02:30:00,UTAH,COL,1,4,0,,,,,,,,,"{""indoor"": true}"
NHL-20241227-VGK-SJ-22,NHL,2024-12-28T03:30:00,SJ,VGK,3,6,0,,,,,,,,,"{""indoor"": true}"
NHL-20241228-MTL-FLA-13,NHL,2024-12-28T18:00:00,FLA,MTL,0,4,0,,,,,,,,,"{""indoor"": true}"
NHL-20241228-SEA-VAN-16,NHL,2024-12-28T21:00:00,VAN,SEA,4,5,0,,,,,,,,,"{""indoor"": true}"
NHL-20241228-PHI-ANA-16,NHL,2024-12-28T21:00:00,ANA,PHI,1,3,0,,,,,,,,,"{""indoor"": true}"
NHL-20241228-EDM-LA-16,NHL,2024-12-28T21:00:00,LA,EDM,4,3,0,,,,,,,,,"{""indoor"": true}"
NHL-20241228-CBJ-BOS-19,NHL,2024-12-29T00:00:00,BOS,CBJ,4,0,0,,,,,,,,,"{""indoor"": true}"
NHL-20241228-WSH-TOR-19,NHL,2024-12-29T00:00:00,TOR,WSH,2,5,0,,,,,,,,,"{""indoor"": true}"
NHL-20241228-NYR-TB-19,NHL,2024-12-29T00:00:00,TB,NYR,6,2,0,,,,,,,,,"{""indoor"": true}"
NHL-20241228-NJ-CAR-19,NHL,2024-12-29T00:00:00,CAR,NJ,5,2,0,,,,,,,,,"{""indoor"": true}"
NHL-20241228-OTT-WPG-19,NHL,2024-12-29T00:00:00,WPG,OTT,4,2,0,,,,,,,,,"{""indoor"": true}"
NHL-20241228-PIT-NYI-19,NHL,2024-12-29T00:30:00,NYI,PIT,6,3,0,,,,,,,,,"{""indoor"": true}"
NHL-20241228-CGY-SJ-22,NHL,2024-12-29T03:00:00,SJ,CGY,1,3,0,,,,,,,,,"{""indoor"": true}"
NHL-20241229-BUF-STL-15,NHL,2024-12-29T20:00:00,STL,BUF,2,4,0,,,,,,,,,"{""indoor"": true}"
NHL-20241229-EDM-ANA-16,NHL,2024-12-29T21:00:00,ANA,EDM,5,3,0,,,,,,,,,"{""indoor"": true}"
NHL-20241229-WSH-DET-17,NHL,2024-12-29T22:00:00,DET,WSH,4,2,0,,,,,,,,,"{""indoor"": true}"
NHL-20241229-MTL-TB-17,NHL,2024-12-29T22:00:00,TB,MTL,2,5,0,,,,,,,,,"{""indoor"": true}"
NHL-20241229-NYI-PIT-17,NHL,2024-12-29T22:30:00,PIT,NYI,3,2,0,,,,,,,,,"{""indoor"": true}"
NHL-20241229-OTT-MIN-20,NHL,2024-12-30T01:00:00,MIN,OTT,1,3,0,,,,,,,,,"{""indoor"": true}"
NHL-20241229-CGY-VGK-20,NHL,2024-12-30T01:00:00,VGK,CGY,3,0,0,,,,,,,,,"{""indoor"": true}"
NHL-20241229-DAL-CHI-20,NHL,2024-12-30T01:30:00,CHI,DAL,1,5,0,,,,,,,,,"{""indoor"": true}"
NHL-20241229-PHI-LA-21,NHL,2024-12-30T02:00:00,LA,PHI,5,4,0,,,,,,,,,"{""indoor"": true}"
NHL-20241230-NYR-FLA-19,NHL,2024-12-31T00:00:00,FLA,NYR,5,3,0,,,,,,,,,"{""indoor"": true}"
NHL-20241230-NSH-WPG-19,NHL,2024-12-31T00:30:00,WPG,NSH,3,0,0,,,,,,,,,"{""indoor"": true}"
NHL-20241230-UTAH-SEA-20,NHL,2024-12-31T01:00:00,SEA,UTAH,5,2,0,,,,,,,,,"{""indoor"": true}"
NHL-20241231-BOS-WSH-12,NHL,2024-12-31T17:30:00,WSH,BOS,3,1,0,,,,,,,,,"{""indoor"": true}"
NHL-20241231-NYI-TOR-13,NHL,2024-12-31T18:00:00,TOR,NYI,3,1,0,,,,,,,,,"{""indoor"": true}"
NHL-20241231-MTL-VGK-15,NHL,2024-12-31T20:00:00,VGK,MTL,2,3,0,,,,,,,,,"{""indoor"": true}"
NHL-20241231-STL-CHI-17,NHL,2024-12-31T22:00:00,CHI,STL,2,6,0,,,,,,,,,
NHL-20241231-PIT-DET-20,NHL,2025-01-01T01:00:00,DET,PIT,4,2,0,,,,,,,,,"{""indoor"": true}"
NHL-20241231-CAR-CBJ-20,NHL,2025-01-01T01:00:00,CBJ,CAR,4,3,0,,,,,,,,,"{""indoor"": true}"
NHL-20241231-BUF-DAL-20,NHL,2025-01-01T01:00:00,DAL,BUF,4,2,0,,,,,,,,,"{""indoor"": true}"
NHL-20241231-NSH-MIN-20,NHL,2025-01-01T01:00:00,MIN,NSH,5,3,0,,,,,,,,,"{""indoor"": true}"
NHL-20241231-WPG-COL-20,NHL,2025-01-01T01:00:00,COL,WPG,5,2,0,,,,,,,,,"{""indoor"": true}"
NHL-20241231-NJ-ANA-20,NHL,2025-01-01T01:00:00,ANA,NJ,3,2,0,,,,,,,,,"{""indoor"": true}"
NHL-20241231-PHI-SJ-20,NHL,2025-01-01T01:00:00,SJ,PHI,0,4,0,,,,,,,,,"{""indoor"": true}"
NHL-20241231-VAN-CGY-21,NHL,2025-01-01T02:00:00,CGY,VAN,3,1,0,,,,,,,,,"{""indoor"": true}"
NHL-20241231-UTAH-EDM-21,NHL,2025-01-01T02:00:00,EDM,UTAH,4,1,0,,,,,,,,,"{""indoor"": true}"
NHL-20250101-NJ-LA-18,NHL,2025-01-01T23:00:00,LA,NJ,3,0,0,,,,,,,,,"{""indoor"": true}"
NHL-20250102-CAR-FLA-19,NHL,2025-01-03T00:00:00,FLA,CAR,1,3,0,,,,,,,,,"{""indoor"": true}"
NHL-20250102-BOS-NYR-19,NHL,2025-01-03T00:00:00,NYR,BOS,2,1,0,,,,,,,,,"{""indoor"": true}"
NHL-20250102-MIN-WSH-19,NHL,2025-01-03T00:00:00,WSH,MIN,3,4,0,,,,,,,,,"{""indoor"": true}"
NHL-20250102-DET-CBJ-19,NHL,2025-01-03T00:00:00,CBJ,DET,4,5,0,,,,,,,,,"{""indoor"": true}"
NHL-20250102-TOR-NYI-19,NHL,2025-01-03T00:30:00,NYI,TOR,1,2,0,,,,,,,,,"{""indoor"": true}"
NHL-20250102-OTT-DAL-20,NHL,2025-01-03T01:00:00,DAL,OTT,4,2,0,,,,,,,,,"{""indoor"": true}"
NHL-20250102-ANA-WPG-20,NHL,2025-01-03T01:00:00,WPG,ANA,3,4,0,,,,,,,,,"{""indoor"": true}"
NHL-20250102-BUF-COL-21,NHL,2025-01-03T02:00:00,COL,BUF,6,5,0,,,,,,,,,"{""indoor"": true}"
NHL-20250102-UTAH-CGY-21,NHL,2025-01-03T02:00:00,CGY,UTAH,3,5,0,,,,,,,,,"{""indoor"": true}"
NHL-20250102-PHI-VGK-22,NHL,2025-01-03T03:00:00,VGK,PHI,5,2,0,,,,,,,,,"{""indoor"": true}"
NHL-20250102-VAN-SEA-22,NHL,2025-01-03T03:00:00,SEA,VAN,3,4,0,,,,,,,,,"{""indoor"": true}"
NHL-20250102-TB-SJ-22,NHL,2025-01-03T03:30:00,SJ,TB,2,1,0,,,,,,,,,"{""indoor"": true}"
NHL-20250103-PIT-FLA-19,NHL,2025-01-04T00:00:00,FLA,PIT,3,2,0,,,,,,,,,"{""indoor"": true}"
NHL-20250103-MTL-CHI-20,NHL,2025-01-04T01:00:00,CHI,MTL,4,2,0,,,,,,,,,"{""indoor"": true}"
NHL-20250103-OTT-STL-20,NHL,2025-01-04T01:00:00,STL,OTT,4,0,0,,,,,,,,,"{""indoor"": true}"
NHL-20250103-ANA-EDM-21,NHL,2025-01-04T02:00:00,EDM,ANA,3,2,0,,,,,,,,,"{""indoor"": true}"
NHL-20250103-NSH-VAN-22,NHL,2025-01-04T03:00:00,VAN,NSH,0,3,0,,,,,,,,,"{""indoor"": true}"
NHL-20250104-NYR-WSH-12,NHL,2025-01-04T17:00:00,WSH,NYR,7,4,0,,,,,,,,,"{""indoor"": true}"
NHL-20250104-NJ-SJ-16,NHL,2025-01-04T21:00:00,SJ,NJ,3,2,0,,,,,,,,,"{""indoor"": true}"
NHL-20250104-DET-WPG-19,NHL,2025-01-05T00:00:00,WPG,DET,2,4,0,,,,,,,,,"{""indoor"": true}"
NHL-20250104-BOS-TOR-19,NHL,2025-01-05T00:00:00,TOR,BOS,6,4,0,,,,,,,,,"{""indoor"": true}"
NHL-20250104-MIN-CAR-19,NHL,2025-01-05T00:00:00,CAR,MIN,0,4,0,,,,,,,,,"{""indoor"": true}"
NHL-20250104-STL-CBJ-19,NHL,2025-01-05T00:00:00,CBJ,STL,6,4,0,,,,,,,,,"{""indoor"": true}"
NHL-20250104-MTL-COL-19,NHL,2025-01-05T00:00:00,COL,MTL,1,2,0,,,,,,,,,"{""indoor"": true}"
NHL-20250104-UTAH-DAL-20,NHL,2025-01-05T01:00:00,DAL,UTAH,3,2,0,,,,,,,,,"{""indoor"": true}"
NHL-20250104-TB-LA-21,NHL,2025-01-05T02:00:00,LA,TB,2,1,0,,,,,,,,,"{""indoor"": true}"
NHL-20250104-NSH-CGY-22,NHL,2025-01-05T03:00:00,CGY,NSH,1,4,0,,,,,,,,,"{""indoor"": true}"
NHL-20250104-BUF-VGK-22,NHL,2025-01-05T03:00:00,VGK,BUF,3,1,0,,,,,,,,,"{""indoor"": true}"
NHL-20250104-EDM-SEA-22,NHL,2025-01-05T03:00:00,SEA,EDM,2,4,0,,,,,,,,,"{""indoor"": true}"
NHL-20250105-NYR-CHI-15,NHL,2025-01-05T20:00:00,CHI,NYR,2,6,0,,,,,,,,,"{""indoor"": true}"
NHL-20250105-NYI-BOS-18,NHL,2025-01-05T23:00:00,BOS,NYI,4,5,0,,,,,,,,,"{""indoor"": true}"
NHL-20250105-PIT-CAR-18,NHL,2025-01-05T23:00:00,CAR,PIT,4,3,0,,,,,,,,,"{""indoor"": true}"
NHL-20250105-PHI-TOR-19,NHL,2025-01-06T00:00:00,TOR,PHI,3,2,0,,,,,,,,,"{""indoor"": true}"
NHL-20250105-TB-ANA-20,NHL,2025-01-06T01:00:00,ANA,TB,4,1,0,,,,,,,,,"{""indoor"": true}"
NHL-20250106-WSH-BUF-19,NHL,2025-01-07T00:00:00,BUF,WSH,4,3,0,,,,,,,,,"{""indoor"": true}"
NHL-20250106-VAN-MTL-19,NHL,2025-01-07T00:30:00,MTL,VAN,5,4,0,,,,,,,,,"{""indoor"": true}"
NHL-20250106-FLA-COL-21,NHL,2025-01-07T02:00:00,COL,FLA,3,1,0,,,,,,,,,"{""indoor"": true}"
NHL-20250106-NJ-SEA-22,NHL,2025-01-07T03:00:00,SEA,NJ,2,3,0,,,,,,,,,"{""indoor"": true}"
NHL-20250107-EDM-BOS-19,NHL,2025-01-08T00:00:00,BOS,EDM,0,4,0,,,,,,,,,"{""indoor"": true}"
NHL-20250107-OTT-DET-19,NHL,2025-01-08T00:00:00,DET,OTT,3,2,0,,,,,,,,,"{""indoor"": true}"
NHL-20250107-DAL-NYR-19,NHL,2025-01-08T00:00:00,NYR,DAL,4,5,0,,,,,,,,,"{""indoor"": true}"
NHL-20250107-CBJ-PIT-19,NHL,2025-01-08T00:00:00,PIT,CBJ,3,4,0,,,,,,,,,"{""indoor"": true}"
NHL-20250107-CAR-TB-19,NHL,2025-01-08T00:00:00,TB,CAR,3,2,0,,,,,,,,,"{""indoor"": true}"
NHL-20250107-TOR-PHI-19,NHL,2025-01-08T00:30:00,PHI,TOR,2,3,0,,,,,,,,,"{""indoor"": true}"
NHL-20250107-STL-MIN-20,NHL,2025-01-08T01:00:00,MIN,STL,6,4,0,,,,,,,,,"{""indoor"": true}"
NHL-20250107-NSH-WPG-20,NHL,2025-01-08T01:00:00,WPG,NSH,5,2,0,,,,,,,,,"{""indoor"": true}"
NHL-20250107-CGY-ANA-22,NHL,2025-01-08T03:00:00,ANA,CGY,2,3,0,,,,,,,,,"{""indoor"": true}"
NHL-20250107-VGK-SJ-22,NHL,2025-01-08T03:30:00,SJ,VGK,2,4,0,,,,,,,,,"{""indoor"": true}"
NHL-20250108-VAN-WSH-19,NHL,2025-01-09T00:30:00,WSH,VAN,2,1,0,,,,,,,,,"{""indoor"": true}"
NHL-20250108-COL-CHI-19,NHL,2025-01-09T00:30:00,CHI,COL,3,1,0,,,,,,,,,"{""indoor"": true}"
NHL-20250108-FLA-UTAH-22,NHL,2025-01-09T03:00:00,UTAH,FLA,1,4,0,,,,,,,,,"{""indoor"": true}"
NHL-20250109-BUF-OTT-19,NHL,2025-01-10T00:00:00,OTT,BUF,0,4,0,,,,,,,,,"{""indoor"": true}"
NHL-20250109-BOS-TB-19,NHL,2025-01-10T00:00:00,TB,BOS,4,1,0,,,,,,,,,"{""indoor"": true}"
NHL-20250109-NJ-NYR-19,NHL,2025-01-10T00:00:00,NYR,NJ,3,2,0,,,,,,,,,"{""indoor"": true}"
NHL-20250109-DAL-PHI-19,NHL,2025-01-10T00:00:00,PHI,DAL,1,4,0,,,,,,,,,"{""indoor"": true}"
NHL-20250109-EDM-PIT-19,NHL,2025-01-10T00:00:00,PIT,EDM,5,3,0,,,,,,,,,"{""indoor"": true}"
NHL-20250109-SEA-CBJ-19,NHL,2025-01-10T00:00:00,CBJ,SEA,6,2,0,,,,,,,,,"{""indoor"": true}"
NHL-20250109-TOR-CAR-19,NHL,2025-01-10T00:30:00,CAR,TOR,6,3,0,,,,,,,,,"{""indoor"": true}"
NHL-20250109-ANA-STL-20,NHL,2025-01-10T01:00:00,STL,ANA,6,2,0,,,,,,,,,"{""indoor"": true}"
NHL-20250109-COL-MIN-20,NHL,2025-01-10T01:00:00,MIN,COL,1,6,0,,,,,,,,,"{""indoor"": true}"
NHL-20250109-NYI-VGK-22,NHL,2025-01-10T03:00:00,VGK,NYI,0,4,0,,,,,,,,,"{""indoor"": true}"
NHL-20250110-CHI-DET-19,NHL,2025-01-11T00:00:00,DET,CHI,5,3,0,,,,,,,,,"{""indoor"": true}"
NHL-20250110-MTL-WSH-19,NHL,2025-01-11T00:00:00,WSH,MTL,2,3,0,,,,,,,,,"{""indoor"": true}"
NHL-20250110-VAN-CAR-19,NHL,2025-01-11T00:00:00,CAR,VAN,2,0,0,,,,,,,,,"{""indoor"": true}"
NHL-20250110-LA-WPG-20,NHL,2025-01-11T01:00:00,WPG,LA,1,2,0,,,,,,,,,"{""indoor"": true}"
NHL-20250110-SJ-UTAH-21,NHL,2025-01-11T02:00:00,UTAH,SJ,2,1,0,,,,,,,,,"{""indoor"": true}"
NHL-20250111-BOS-FLA-13,NHL,2025-01-11T18:00:00,FLA,BOS,3,4,0,,,,,,,,,"{""indoor"": true}"
NHL-20250111-SEA-BUF-16,NHL,2025-01-11T21:00:00,BUF,SEA,2,6,0,,,,,,,,,"{""indoor"": true}"
NHL-20250111-OTT-PIT-16,NHL,2025-01-11T21:00:00,PIT,OTT,0,5,0,,,,,,,,,"{""indoor"": true}"
NHL-20250111-VAN-TOR-19,NHL,2025-01-12T00:00:00,TOR,VAN,0,3,0,,,,,,,,,"{""indoor"": true}"
NHL-20250111-DAL-MTL-19,NHL,2025-01-12T00:00:00,MTL,DAL,1,2,0,,,,,,,,,"{""indoor"": true}"
NHL-20250111-TB-NJ-19,NHL,2025-01-12T00:00:00,NJ,TB,3,2,0,,,,,,,,,"{""indoor"": true}"
NHL-20250111-ANA-PHI-19,NHL,2025-01-12T00:00:00,PHI,ANA,6,0,0,,,,,,,,,"{""indoor"": true}"
NHL-20250111-EDM-CHI-19,NHL,2025-01-12T00:00:00,CHI,EDM,3,4,0,,,,,,,,,"{""indoor"": true}"
NHL-20250111-CBJ-STL-19,NHL,2025-01-12T00:00:00,STL,CBJ,1,2,0,,,,,,,,,"{""indoor"": true}"
NHL-20250111-COL-WPG-19,NHL,2025-01-12T00:00:00,WPG,COL,3,0,0,,,,,,,,,"{""indoor"": true}"
NHL-20250111-WSH-NSH-20,NHL,2025-01-12T01:00:00,NSH,WSH,1,4,0,,,,,,,,,"{""indoor"": true}"
NHL-20250111-NYI-UTAH-21,NHL,2025-01-12T02:00:00,UTAH,NYI,1,2,0,,,,,,,,,"{""indoor"": true}"
NHL-20250111-LA-CGY-22,NHL,2025-01-12T03:00:00,CGY,LA,2,1,0,,,,,,,,,"{""indoor"": true}"
NHL-20250111-NYR-VGK-22,NHL,2025-01-12T03:00:00,VGK,NYR,1,2,0,,,,,,,,,"{""indoor"": true}"
NHL-20250111-MIN-SJ-22,NHL,2025-01-12T03:00:00,SJ,MIN,1,3,0,,,,,,,,,"{""indoor"": true}"
NHL-20250112-SEA-DET-15,NHL,2025-01-12T20:00:00,DET,SEA,6,2,0,,,,,,,,,"{""indoor"": true}"
NHL-20250112-DAL-OTT-17,NHL,2025-01-12T22:00:00,OTT,DAL,3,2,0,,,,,,,,,"{""indoor"": true}"
NHL-20250112-TB-PIT-17,NHL,2025-01-12T22:00:00,PIT,TB,2,5,0,,,,,,,,,"{""indoor"": true}"
NHL-20250112-ANA-CAR-17,NHL,2025-01-12T22:00:00,CAR,ANA,2,3,0,,,,,,,,,"{""indoor"": true}"
NHL-20250112-MIN-VGK-20,NHL,2025-01-13T01:00:00,VGK,MIN,4,1,0,,,,,,,,,"{""indoor"": true}"
NHL-20250113-FLA-PHI-19,NHL,2025-01-14T00:00:00,PHI,FLA,4,3,0,,,,,,,,,"{""indoor"": true}"
NHL-20250113-CGY-CHI-19,NHL,2025-01-14T00:30:00,CHI,CGY,2,5,0,,,,,,,,,"{""indoor"": true}"
NHL-20250113-LA-EDM-21,NHL,2025-01-14T02:30:00,EDM,LA,1,0,0,,,,,,,,,"{""indoor"": true}"
NHL-20250114-TB-BOS-19,NHL,2025-01-15T00:00:00,BOS,TB,6,2,0,,,,,,,,,"{""indoor"": true}"
NHL-20250114-DAL-TOR-19,NHL,2025-01-15T00:00:00,TOR,DAL,1,4,0,,,,,,,,,"{""indoor"": true}"
NHL-20250114-SJ-DET-19,NHL,2025-01-15T00:00:00,DET,SJ,3,6,0,,,,,,,,,"{""indoor"": true}"
NHL-20250114-SEA-PIT-19,NHL,2025-01-15T00:00:00,PIT,SEA,2,4,0,,,,,,,,,"{""indoor"": true}"
NHL-20250114-ANA-WSH-19,NHL,2025-01-15T00:00:00,WSH,ANA,3,0,0,,,,,,,,,"{""indoor"": true}"
NHL-20250114-PHI-CBJ-19,NHL,2025-01-15T00:00:00,CBJ,PHI,3,2,0,,,,,,,,,"{""indoor"": true}"
NHL-20250114-FLA-NJ-19,NHL,2025-01-15T00:30:00,NJ,FLA,1,2,0,,,,,,,,,"{""indoor"": true}"
NHL-20250114-OTT-NYI-19,NHL,2025-01-15T00:30:00,NYI,OTT,0,2,0,,,,,,,,,"{""indoor"": true}"
NHL-20250114-CGY-STL-20,NHL,2025-01-15T01:00:00,STL,CGY,2,1,0,,,,,,,,,"{""indoor"": true}"
NHL-20250114-VGK-NSH-20,NHL,2025-01-15T01:00:00,NSH,VGK,5,3,0,,,,,,,,,"{""indoor"": true}"
NHL-20250114-VAN-WPG-20,NHL,2025-01-15T01:00:00,WPG,VAN,6,1,0,,,,,,,,,"{""indoor"": true}"
NHL-20250114-NYR-COL-21,NHL,2025-01-15T02:00:00,COL,NYR,3,2,0,,,,,,,,,"{""indoor"": true}"
NHL-20250114-MTL-UTAH-21,NHL,2025-01-15T02:00:00,UTAH,MTL,3,5,0,,,,,,,,,"{""indoor"": true}"
NHL-20250115-CAR-BUF-18,NHL,2025-01-15T23:00:00,BUF,CAR,4,2,0,,,,,,,,,"{""indoor"": true}"
NHL-20250115-EDM-MIN-20,NHL,2025-01-16T01:30:00,MIN,EDM,3,5,0,,,,,,,,,"{""indoor"": true}"
NHL-20250116-NJ-TOR-19,NHL,2025-01-17T00:00:00,TOR,NJ,4,3,0,,,,,,,,,"{""indoor"": true}"
NHL-20250116-WSH-OTT-19,NHL,2025-01-17T00:00:00,OTT,WSH,0,1,0,,,,,,,,,"{""indoor"": true}"
NHL-20250116-ANA-TB-19,NHL,2025-01-17T00:00:00,TB,ANA,4,3,0,,,,,,,,,"{""indoor"": true}"
NHL-20250116-DET-FLA-19,NHL,2025-01-17T00:00:00,FLA,DET,2,5,0,,,,,,,,,"{""indoor"": true}"
NHL-20250116-SJ-CBJ-19,NHL,2025-01-17T00:00:00,CBJ,SJ,4,1,0,,,,,,,,,"{""indoor"": true}"
NHL-20250116-PHI-NYI-19,NHL,2025-01-17T00:30:00,NYI,PHI,3,5,0,,,,,,,,,"{""indoor"": true}"
NHL-20250116-CGY-STL-20,NHL,2025-01-17T01:00:00,STL,CGY,4,1,0,,,,,,,,,"{""indoor"": true}"
NHL-20250116-CHI-NSH-20,NHL,2025-01-17T01:00:00,NSH,CHI,3,2,0,,,,,,,,,"{""indoor"": true}"
NHL-20250116-MTL-DAL-20,NHL,2025-01-17T01:00:00,DAL,MTL,1,3,0,,,,,,,,,"{""indoor"": true}"
NHL-20250116-SEA-WPG-20,NHL,2025-01-17T01:00:00,WPG,SEA,2,1,0,,,,,,,,,"{""indoor"": true}"
NHL-20250116-NYR-UTAH-21,NHL,2025-01-17T02:00:00,UTAH,NYR,3,5,0,,,,,,,,,"{""indoor"": true}"
NHL-20250116-EDM-COL-21,NHL,2025-01-17T02:30:00,COL,EDM,3,4,0,,,,,,,,,"{""indoor"": true}"
NHL-20250116-LA-VAN-22,NHL,2025-01-17T03:00:00,VAN,LA,1,5,0,,,,,,,,,"{""indoor"": true}"
NHL-20250117-PIT-BUF-19,NHL,2025-01-18T00:00:00,BUF,PIT,2,5,0,,,,,,,,,"{""indoor"": true}"
NHL-20250117-VGK-CAR-19,NHL,2025-01-18T00:00:00,CAR,VGK,3,2,0,,,,,,,,,"{""indoor"": true}"
NHL-20250118-PHI-NJ-12,NHL,2025-01-18T17:30:00,NJ,PHI,1,3,0,,,,,,,,,"{""indoor"": true}"
NHL-20250118-BOS-OTT-15,NHL,2025-01-18T20:00:00,OTT,BOS,6,5,0,,,,,,,,,"{""indoor"": true}"
NHL-20250118-DAL-COL-16,NHL,2025-01-18T21:00:00,COL,DAL,6,3,0,,,,,,,,,"{""indoor"": true}"
NHL-20250118-ANA-FLA-18,NHL,2025-01-18T23:00:00,FLA,ANA,3,0,0,,,,,,,,,"{""indoor"": true}"
NHL-20250118-TOR-MTL-19,NHL,2025-01-19T00:00:00,MTL,TOR,3,7,0,,,,,,,,,"{""indoor"": true}"
NHL-20250118-DET-TB-19,NHL,2025-01-19T00:00:00,TB,DET,5,1,0,,,,,,,,,"{""indoor"": true}"
NHL-20250118-CBJ-NYR-19,NHL,2025-01-19T00:00:00,NYR,CBJ,1,0,0,,,,,,,,,"{""indoor"": true}"
NHL-20250118-PIT-WSH-19,NHL,2025-01-19T00:00:00,WSH,PIT,4,1,0,,,,,,,,,"{""indoor"": true}"
NHL-20250118-CGY-WPG-19,NHL,2025-01-19T00:00:00,WPG,CGY,1,3,0,,,,,,,,,"{""indoor"": true}"
NHL-20250118-SJ-NYI-19,NHL,2025-01-19T00:30:00,NYI,SJ,4,1,0,,,,,,,,,"{""indoor"": true}"
NHL-20250118-VGK-CHI-20,NHL,2025-01-19T01:00:00,CHI,VGK,5,3,0,,,,,,,,,"{""indoor"": true}"
NHL-20250118-MIN-NSH-20,NHL,2025-01-19T01:00:00,NSH,MIN,6,2,0,,,,,,,,,"{""indoor"": true}"
NHL-20250118-STL-UTAH-21,NHL,2025-01-19T02:00:00,UTAH,STL,4,2,0,,,,,,,,,"{""indoor"": true}"
NHL-20250118-EDM-VAN-22,NHL,2025-01-19T03:00:00,VAN,EDM,3,2,0,,,,,,,,,"{""indoor"": true}"
NHL-20250118-LA-SEA-22,NHL,2025-01-19T03:00:00,SEA,LA,4,2,0,,,,,,,,,"{""indoor"": true}"
NHL-20250119-OTT-NJ-13,NHL,2025-01-19T18:00:00,NJ,OTT,1,2,0,,,,,,,,,"{""indoor"": true}"
NHL-20250119-NYR-MTL-19,NHL,2025-01-20T00:00:00,MTL,NYR,5,4,0,,,,,,,,,"{""indoor"": true}"
NHL-20250119-DET-DAL-20,NHL,2025-01-20T01:00:00,DAL,DET,4,1,0,,,,,,,,,"{""indoor"": true}"
NHL-20250120-SJ-BOS-13,NHL,2025-01-20T18:00:00,BOS,SJ,6,3,0,,,,,,,,,"{""indoor"": true}"
NHL-20250120-MIN-COL-15,NHL,2025-01-20T20:00:00,COL,MIN,1,3,0,,,,,,,,,"{""indoor"": true}"
NHL-20250120-BUF-SEA-16,NHL,2025-01-20T21:00:00,SEA,BUF,6,4,0,,,,,,,,,"{""indoor"": true}"
NHL-20250120-STL-VGK-18,NHL,2025-01-20T23:00:00,VGK,STL,4,5,0,,,,,,,,,"{""indoor"": true}"
NHL-20250120-TB-TOR-19,NHL,2025-01-21T00:30:00,TOR,TB,5,3,0,,,,,,,,,"{""indoor"": true}"
NHL-20250120-CBJ-NYI-19,NHL,2025-01-21T00:30:00,NYI,CBJ,3,1,0,,,,,,,,,"{""indoor"": true}"
NHL-20250120-CAR-CHI-20,NHL,2025-01-21T01:30:00,CHI,CAR,3,4,0,,,,,,,,,"{""indoor"": true}"
NHL-20250120-WPG-UTAH-21,NHL,2025-01-21T02:30:00,UTAH,WPG,5,2,0,,,,,,,,,"{""indoor"": true}"
NHL-20250120-PIT-LA-22,NHL,2025-01-21T03:30:00,LA,PIT,1,5,0,,,,,,,,,"{""indoor"": true}"
NHL-20250121-TB-MTL-19,NHL,2025-01-22T00:00:00,MTL,TB,3,2,0,,,,,,,,,"{""indoor"": true}"
NHL-20250121-OTT-NYR-19,NHL,2025-01-22T00:00:00,NYR,OTT,5,0,0,,,,,,,,,"{""indoor"": true}"
NHL-20250121-DET-PHI-19,NHL,2025-01-22T00:00:00,PHI,DET,2,1,0,,,,,,,,,"{""indoor"": true}"
NHL-20250121-SJ-NSH-20,NHL,2025-01-22T01:00:00,NSH,SJ,7,5,0,,,,,,,,,"{""indoor"": true}"
NHL-20250121-CAR-DAL-20,NHL,2025-01-22T01:00:00,DAL,CAR,1,2,0,,,,,,,,,"{""indoor"": true}"
NHL-20250121-WSH-EDM-21,NHL,2025-01-22T02:00:00,EDM,WSH,2,3,0,,,,,,,,,"{""indoor"": true}"
NHL-20250121-BUF-VAN-22,NHL,2025-01-22T03:00:00,VAN,BUF,2,3,0,,,,,,,,,"{""indoor"": true}"
NHL-20250121-FLA-ANA-22,NHL,2025-01-22T03:00:00,ANA,FLA,2,5,0,,,,,,,,,"{""indoor"": true}"
NHL-20250122-BOS-NJ-19,NHL,2025-01-23T00:00:00,NJ,BOS,5,1,0,,,,,,,,,"{""indoor"": true}"
NHL-20250122-CBJ-TOR-19,NHL,2025-01-23T00:30:00,TOR,CBJ,1,5,0,,,,,,,,,"{""indoor"": true}"
NHL-20250122-WPG-COL-21,NHL,2025-01-23T02:30:00,COL,WPG,2,3,0,,,,,,,,,"{""indoor"": true}"
NHL-20250122-FLA-LA-22,NHL,2025-01-23T03:00:00,LA,FLA,2,1,0,,,,,,,,,"{""indoor"": true}"
NHL-20250123-OTT-BOS-19,NHL,2025-01-24T00:00:00,BOS,OTT,2,0,0,,,,,,,,,"{""indoor"": true}"
NHL-20250123-MTL-DET-19,NHL,2025-01-24T00:00:00,DET,MTL,4,2,0,,,,,,,,,"{""indoor"": true}"
NHL-20250123-PHI-NYR-19,NHL,2025-01-24T00:00:00,NYR,PHI,6,1,0,,,,,,,,,"{""indoor"": true}"
NHL-20250123-CBJ-CAR-19,NHL,2025-01-24T00:00:00,CAR,CBJ,7,4,0,,,,,,,,,"{""indoor"": true}"
NHL-20250123-VGK-STL-20,NHL,2025-01-24T01:00:00,STL,VGK,2,4,0,,,,,,,,,"{""indoor"": true}"
NHL-20250123-UTAH-MIN-20,NHL,2025-01-24T01:00:00,MIN,UTAH,0,4,0,,,,,,,,,"{""indoor"": true}"
NHL-20250123-BUF-CGY-21,NHL,2025-01-24T02:00:00,CGY,BUF,5,2,0,,,,,,,,,"{""indoor"": true}"
NHL-20250123-VAN-EDM-21,NHL,2025-01-24T02:00:00,EDM,VAN,6,2,0,,,,,,,,,"{""indoor"": true}"
NHL-20250123-PIT-ANA-22,NHL,2025-01-24T03:00:00,ANA,PIT,5,1,0,,,,,,,,,"{""indoor"": true}"
NHL-20250123-WSH-SEA-22,NHL,2025-01-24T03:00:00,SEA,WSH,0,3,0,,,,,,,,,"{""indoor"": true}"
NHL-20250123-NSH-SJ-22,NHL,2025-01-24T03:30:00,SJ,NSH,5,6,0,,,,,,,,,"{""indoor"": true}"
NHL-20250124-PHI-NYI-19,NHL,2025-01-25T00:30:00,NYI,PHI,3,1,0,,,,,,,,,"{""indoor"": true}"
NHL-20250124-VGK-DAL-19,NHL,2025-01-25T00:30:00,DAL,VGK,4,3,0,,,,,,,,,"{""indoor"": true}"
NHL-20250124-TB-CHI-20,NHL,2025-01-25T01:00:00,CHI,TB,3,4,0,,,,,,,,,"{""indoor"": true}"
NHL-20250124-UTAH-WPG-20,NHL,2025-01-25T01:00:00,WPG,UTAH,5,2,0,,,,,,,,,"{""indoor"": true}"
NHL-20250125-COL-BOS-13,NHL,2025-01-25T18:00:00,BOS,COL,3,1,0,,,,,,,,,"{""indoor"": true}"
NHL-20250125-BUF-EDM-16,NHL,2025-01-25T21:00:00,EDM,BUF,3,2,0,,,,,,,,,"{""indoor"": true}"
NHL-20250125-PIT-SEA-16,NHL,2025-01-25T21:00:00,SEA,PIT,4,1,0,,,,,,,,,"{""indoor"": true}"
NHL-20250125-NJ-MTL-19,NHL,2025-01-26T00:00:00,MTL,NJ,3,4,0,,,,,,,,,"{""indoor"": true}"
NHL-20250125-TOR-OTT-19,NHL,2025-01-26T00:00:00,OTT,TOR,2,1,0,,,,,,,,,"{""indoor"": true}"
NHL-20250125-TB-DET-19,NHL,2025-01-26T00:00:00,DET,TB,2,0,0,,,,,,,,,"{""indoor"": true}"
NHL-20250125-LA-CBJ-19,NHL,2025-01-26T00:00:00,CBJ,LA,3,2,0,,,,,,,,,"{""indoor"": true}"
NHL-20250125-DAL-STL-19,NHL,2025-01-26T00:00:00,STL,DAL,0,2,0,,,,,,,,,"{""indoor"": true}"
NHL-20250125-CGY-MIN-19,NHL,2025-01-26T00:00:00,MIN,CGY,4,5,0,,,,,,,,,"{""indoor"": true}"
NHL-20250125-CAR-NYI-19,NHL,2025-01-26T00:30:00,NYI,CAR,3,2,0,,,,,,,,,"{""indoor"": true}"
NHL-20250125-WSH-VAN-22,NHL,2025-01-26T03:00:00,VAN,WSH,2,1,0,,,,,,,,,"{""indoor"": true}"
NHL-20250125-NSH-ANA-22,NHL,2025-01-26T03:00:00,ANA,NSH,5,2,0,,,,,,,,,"{""indoor"": true}"
NHL-20250125-FLA-SJ-22,NHL,2025-01-26T03:00:00,SJ,FLA,2,7,0,,,,,,,,,"{""indoor"": true}"
NHL-20250126-COL-NYR-13,NHL,2025-01-26T18:00:00,NYR,COL,4,5,0,,,,,,,,,"{""indoor"": true}"
NHL-20250126-UTAH-OTT-17,NHL,2025-01-26T22:00:00,OTT,UTAH,3,1,0,,,,,,,,,"{""indoor"": true}"
NHL-20250126-CGY-WPG-18,NHL,2025-01-26T23:00:00,WPG,CGY,5,2,0,,,,,,,,,"{""indoor"": true}"
NHL-20250126-MIN-CHI-19,NHL,2025-01-27T00:00:00,CHI,MIN,2,4,0,,,,,,,,,"{""indoor"": true}"
NHL-20250126-FLA-VGK-20,NHL,2025-01-27T01:00:00,VGK,FLA,4,1,0,,,,,,,,,"{""indoor"": true}"
NHL-20250127-LA-DET-19,NHL,2025-01-28T00:00:00,DET,LA,5,2,0,,,,,,,,,"{""indoor"": true}"
NHL-20250127-NJ-PHI-19,NHL,2025-01-28T00:00:00,PHI,NJ,4,2,0,,,,,,,,,"{""indoor"": true}"
NHL-20250127-VAN-STL-19,NHL,2025-01-28T00:30:00,STL,VAN,2,5,0,,,,,,,,,"{""indoor"": true}"
NHL-20250127-SEA-EDM-21,NHL,2025-01-28T02:30:00,EDM,SEA,4,2,0,,,,,,,,,"{""indoor"": true}"
NHL-20250127-PIT-SJ-22,NHL,2025-01-28T03:30:00,SJ,PIT,2,1,0,,,,,,,,,"{""indoor"": true}"
NHL-20250128-BOS-BUF-19,NHL,2025-01-29T00:00:00,BUF,BOS,7,2,0,,,,,,,,,"{""indoor"": true}"
NHL-20250128-WPG-MTL-19,NHL,2025-01-29T00:00:00,MTL,WPG,1,4,0,,,,,,,,,"{""indoor"": true}"
NHL-20250128-CHI-TB-19,NHL,2025-01-29T00:00:00,TB,CHI,1,4,0,,,,,,,,,"{""indoor"": true}"
NHL-20250128-CAR-NYR-19,NHL,2025-01-29T00:00:00,NYR,CAR,0,4,0,,,,,,,,,"{""indoor"": true}"
NHL-20250128-COL-NYI-19,NHL,2025-01-29T00:30:00,NYI,COL,5,2,0,,,,,,,,,"{""indoor"": true}"
NHL-20250128-WSH-CGY-21,NHL,2025-01-29T02:00:00,CGY,WSH,1,3,0,,,,,,,,,"{""indoor"": true}"
NHL-20250128-DAL-VGK-22,NHL,2025-01-29T03:00:00,VGK,DAL,3,4,0,,,,,,,,,"{""indoor"": true}"
NHL-20250128-ANA-SEA-22,NHL,2025-01-29T03:00:00,SEA,ANA,4,6,0,,,,,,,,,"{""indoor"": true}"
NHL-20250129-MIN-TOR-19,NHL,2025-01-30T00:00:00,TOR,MIN,1,3,0,,,,,,,,,"{""indoor"": true}"
NHL-20250129-LA-FLA-19,NHL,2025-01-30T00:00:00,FLA,LA,3,0,0,,,,,,,,,"{""indoor"": true}"
NHL-20250129-PHI-NJ-19,NHL,2025-01-30T00:00:00,NJ,PHI,5,0,0,,,,,,,,,"{""indoor"": true}"
NHL-20250129-VAN-NSH-21,NHL,2025-01-30T02:00:00,NSH,VAN,1,3,0,,,,,,,,,"{""indoor"": true}"
NHL-20250129-PIT-UTAH-21,NHL,2025-01-30T02:30:00,UTAH,PIT,2,3,0,,,,,,,,,"{""indoor"": true}"
NHL-20250130-WPG-BOS-19,NHL,2025-01-31T00:00:00,BOS,WPG,2,6,0,,,,,,,,,"{""indoor"": true}"
NHL-20250130-MIN-MTL-19,NHL,2025-01-31T00:00:00,MTL,MIN,0,4,0,,,,,,,,,"{""indoor"": true}"
NHL-20250130-WSH-OTT-19,NHL,2025-01-31T00:00:00,OTT,WSH,5,4,0,,,,,,,,,"{""indoor"": true}"
NHL-20250130-LA-TB-19,NHL,2025-01-31T00:00:00,TB,LA,3,0,0,,,,,,,,,"{""indoor"": true}"
NHL-20250130-CHI-CAR-19,NHL,2025-01-31T00:00:00,CAR,CHI,3,2,0,,,,,,,,,"{""indoor"": true}"
NHL-20250130-NYI-PHI-19,NHL,2025-01-31T00:30:00,PHI,NYI,0,3,0,,,,,,,,,"{""indoor"": true}"
NHL-20250130-ANA-CGY-21,NHL,2025-01-31T02:00:00,CGY,ANA,4,1,0,,,,,,,,,"{""indoor"": true}"
NHL-20250130-DET-EDM-21,NHL,2025-01-31T02:00:00,EDM,DET,2,3,0,,,,,,,,,"{""indoor"": true}"
NHL-20250130-CBJ-VGK-22,NHL,2025-01-31T03:00:00,VGK,CBJ,1,2,0,,,,,,,,,"{""indoor"": true}"
NHL-20250130-SJ-SEA-22,NHL,2025-01-31T03:30:00,SEA,SJ,6,2,0,,,,,,,,,"{""indoor"": true}"
NHL-20250131-NSH-BUF-19,NHL,2025-02-01T00:00:00,BUF,NSH,4,3,0,,,,,,,,,"{""indoor"": true}"
NHL-20250131-VAN-DAL-20,NHL,2025-02-01T01:00:00,DAL,VAN,5,3,0,,,,,,,,,"{""indoor"": true}"
NHL-20250131-STL-COL-21,NHL,2025-02-01T02:00:00,COL,STL,5,0,0,,,,,,,,,"{""indoor"": true}"
NHL-20250131-CBJ-UTAH-21,NHL,2025-02-01T02:00:00,UTAH,CBJ,2,3,0,,,,,,,,,"{""indoor"": true}"
NHL-20250201-CHI-FLA-13,NHL,2025-02-01T18:00:00,FLA,CHI,5,1,0,,,,,,,,,"{""indoor"": true}"
NHL-20250201-NYR-BOS-15,NHL,2025-02-01T20:30:00,BOS,NYR,6,3,0,,,,,,,,,"{""indoor"": true}"
NHL-20250201-MIN-OTT-19,NHL,2025-02-02T00:00:00,OTT,MIN,6,0,0,,,,,,,,,"{""indoor"": true}"
NHL-20250201-NYI-TB-19,NHL,2025-02-02T00:00:00,TB,NYI,2,3,0,,,,,,,,,"{""indoor"": true}"
NHL-20250201-NSH-PIT-19,NHL,2025-02-02T00:00:00,PIT,NSH,3,0,0,,,,,,,,,"{""indoor"": true}"
NHL-20250201-WPG-WSH-19,NHL,2025-02-02T00:00:00,WSH,WPG,4,5,0,,,,,,,,,"{""indoor"": true}"
NHL-20250201-LA-CAR-19,NHL,2025-02-02T00:00:00,CAR,LA,2,4,0,,,,,,,,,"{""indoor"": true}"
NHL-20250201-TOR-EDM-19,NHL,2025-02-02T00:00:00,EDM,TOR,3,4,0,,,,,,,,,"{""indoor"": true}"
NHL-20250201-DET-CGY-22,NHL,2025-02-02T03:00:00,CGY,DET,1,3,0,,,,,,,,,"{""indoor"": true}"
NHL-20250202-NJ-BUF-13,NHL,2025-02-02T18:00:00,BUF,NJ,4,3,0,,,,,,,,,"{""indoor"": true}"
NHL-20250202-PHI-COL-15,NHL,2025-02-02T20:00:00,COL,PHI,2,0,0,,,,,,,,,"{""indoor"": true}"
NHL-20250202-MTL-ANA-16,NHL,2025-02-02T21:00:00,ANA,MTL,3,2,0,,,,,,,,,"{""indoor"": true}"
NHL-20250202-NYI-FLA-18,NHL,2025-02-02T23:00:00,FLA,NYI,6,3,0,,,,,,,,,"{""indoor"": true}"
NHL-20250202-VGK-NYR-18,NHL,2025-02-02T23:00:00,NYR,VGK,4,2,0,,,,,,,,,"{""indoor"": true}"
NHL-20250202-CBJ-DAL-18,NHL,2025-02-02T23:00:00,DAL,CBJ,5,3,0,,,,,,,,,"{""indoor"": true}"
NHL-20250202-STL-UTAH-19,NHL,2025-02-03T00:00:00,UTAH,STL,1,2,0,,,,,,,,,"{""indoor"": true}"
NHL-20250202-DET-VAN-20,NHL,2025-02-03T01:00:00,VAN,DET,2,3,0,,,,,,,,,"{""indoor"": true}"
NHL-20250202-CGY-SEA-21,NHL,2025-02-03T02:00:00,SEA,CGY,2,3,0,,,,,,,,,"{""indoor"": true}"
NHL-20250203-OTT-NSH-19,NHL,2025-02-04T00:30:00,NSH,OTT,2,5,0,,,,,,,,,"{""indoor"": true}"
NHL-20250204-MIN-BOS-19,NHL,2025-02-05T00:00:00,BOS,MIN,3,0,0,,,,,,,,,"{""indoor"": true}"
NHL-20250204-CBJ-BUF-19,NHL,2025-02-05T00:00:00,BUF,CBJ,3,2,0,,,,,,,,,"{""indoor"": true}"
NHL-20250204-OTT-TB-19,NHL,2025-02-05T00:00:00,TB,OTT,4,3,0,,,,,,,,,"{""indoor"": true}"
NHL-20250204-NJ-PIT-19,NHL,2025-02-05T00:00:00,PIT,NJ,2,3,0,,,,,,,,,"{""indoor"": true}"
NHL-20250204-FLA-WSH-19,NHL,2025-02-05T00:00:00,WSH,FLA,6,3,0,,,,,,,,,"{""indoor"": true}"
NHL-20250204-VGK-NYI-19,NHL,2025-02-05T00:30:00,NYI,VGK,2,1,0,,,,,,,,,"{""indoor"": true}"
NHL-20250204-EDM-STL-20,NHL,2025-02-05T01:00:00,STL,EDM,2,3,0,,,,,,,,,"{""indoor"": true}"
NHL-20250204-CAR-WPG-20,NHL,2025-02-05T01:00:00,WPG,CAR,3,0,0,,,,,,,,,"{""indoor"": true}"
NHL-20250204-TOR-CGY-21,NHL,2025-02-05T02:00:00,CGY,TOR,3,6,0,,,,,,,,,"{""indoor"": true}"
NHL-20250204-PHI-UTAH-21,NHL,2025-02-05T02:00:00,UTAH,PHI,3,2,0,,,,,,,,,"{""indoor"": true}"
NHL-20250204-COL-VAN-22,NHL,2025-02-05T03:00:00,VAN,COL,3,0,0,,,,,,,,,"{""indoor"": true}"
NHL-20250204-DET-SEA-22,NHL,2025-02-05T03:00:00,SEA,DET,4,5,0,,,,,,,,,"{""indoor"": true}"
NHL-20250204-DAL-ANA-22,NHL,2025-02-05T03:30:00,ANA,DAL,2,1,0,,,,,,,,,"{""indoor"": true}"
NHL-20250204-MTL-SJ-22,NHL,2025-02-05T03:30:00,SJ,MTL,3,4,0,,,,,,,,,"{""indoor"": true}"
NHL-20250205-BOS-NYR-19,NHL,2025-02-06T00:00:00,NYR,BOS,3,2,0,,,,,,,,,"{""indoor"": true}"
NHL-20250205-EDM-CHI-21,NHL,2025-02-06T02:30:00,CHI,EDM,3,4,0,,,,,,,,,"{""indoor"": true}"
NHL-20250205-MTL-LA-22,NHL,2025-02-06T03:30:00,LA,MTL,6,3,0,,,,,,,,,"{""indoor"": true}"
NHL-20250206-OTT-TB-19,NHL,2025-02-07T00:00:00,TB,OTT,5,1,0,,,,,,,,,"{""indoor"": true}"
NHL-20250206-VGK-NJ-19,NHL,2025-02-07T00:00:00,NJ,VGK,1,3,0,,,,,,,,,"{""indoor"": true}"
NHL-20250206-WSH-PHI-19,NHL,2025-02-07T00:00:00,PHI,WSH,3,4,0,,,,,,,,,"{""indoor"": true}"
NHL-20250206-UTAH-CBJ-19,NHL,2025-02-07T00:00:00,CBJ,UTAH,2,3,0,,,,,,,,,"{""indoor"": true}"
NHL-20250206-CAR-MIN-19,NHL,2025-02-07T00:30:00,MIN,CAR,2,1,0,,,,,,,,,"{""indoor"": true}"
NHL-20250206-FLA-STL-20,NHL,2025-02-07T01:00:00,STL,FLA,2,3,0,,,,,,,,,"{""indoor"": true}"
NHL-20250206-COL-CGY-21,NHL,2025-02-07T02:00:00,CGY,COL,2,4,0,,,,,,,,,"{""indoor"": true}"
NHL-20250206-TOR-SEA-22,NHL,2025-02-07T03:00:00,SEA,TOR,1,3,0,,,,,,,,,"{""indoor"": true}"
NHL-20250206-VAN-SJ-22,NHL,2025-02-07T03:30:00,SJ,VAN,1,2,0,,,,,,,,,"{""indoor"": true}"
NHL-20250207-PIT-NYR-19,NHL,2025-02-08T00:00:00,NYR,PIT,2,3,0,,,,,,,,,"{""indoor"": true}"
NHL-20250207-NYI-WPG-20,NHL,2025-02-08T01:00:00,WPG,NYI,4,3,0,,,,,,,,,"{""indoor"": true}"
NHL-20250207-NSH-CHI-20,NHL,2025-02-08T01:30:00,CHI,NSH,6,2,0,,,,,,,,,"{""indoor"": true}"
NHL-20250207-COL-EDM-21,NHL,2025-02-08T02:00:00,EDM,COL,4,5,0,,,,,,,,,"{""indoor"": true}"
NHL-20250207-DAL-LA-22,NHL,2025-02-08T03:30:00,LA,DAL,5,4,0,,,,,,,,,"{""indoor"": true}"
NHL-20250208-NJ-MTL-13,NHL,2025-02-08T18:00:00,MTL,NJ,0,4,0,,,,,,,,,"{""indoor"": true}"
NHL-20250208-TB-DET-13,NHL,2025-02-08T18:00:00,DET,TB,3,6,0,,,,,,,,,"{""indoor"": true}"
NHL-20250208-UTAH-CAR-13,NHL,2025-02-08T18:00:00,CAR,UTAH,7,3,0,,,,,,,,,"{""indoor"": true}"
NHL-20250208-VGK-BOS-15,NHL,2025-02-08T20:30:00,BOS,VGK,3,4,0,,,,,,,,,"{""indoor"": true}"
NHL-20250208-OTT-FLA-19,NHL,2025-02-09T00:00:00,FLA,OTT,5,1,0,,,,,,,,,"{""indoor"": true}"
NHL-20250208-PIT-PHI-19,NHL,2025-02-09T00:00:00,PHI,PIT,3,2,0,,,,,,,,,"{""indoor"": true}"
NHL-20250208-NYR-CBJ-19,NHL,2025-02-09T00:00:00,CBJ,NYR,3,4,0,,,,,,,,,"{""indoor"": true}"
NHL-20250208-CHI-STL-19,NHL,2025-02-09T00:00:00,STL,CHI,6,5,0,,,,,,,,,"{""indoor"": true}"
NHL-20250208-TOR-VAN-19,NHL,2025-02-09T00:00:00,VAN,TOR,2,1,0,,,,,,,,,"{""indoor"": true}"
NHL-20250208-BUF-NSH-20,NHL,2025-02-09T01:00:00,NSH,BUF,6,4,0,,,,,,,,,"{""indoor"": true}"
NHL-20250208-NYI-MIN-20,NHL,2025-02-09T01:00:00,MIN,NYI,6,3,0,,,,,,,,,"{""indoor"": true}"
NHL-20250208-SEA-CGY-22,NHL,2025-02-09T03:00:00,CGY,SEA,2,3,0,,,,,,,,,"{""indoor"": true}"
NHL-20250208-DAL-SJ-22,NHL,2025-02-09T03:00:00,SJ,DAL,3,8,0,,,,,,,,,"{""indoor"": true}"
NHL-20250208-ANA-LA-22,NHL,2025-02-09T03:30:00,LA,ANA,1,2,0,,,,,,,,,"{""indoor"": true}"
NHL-20250209-UTAH-WSH-12,NHL,2025-02-09T17:30:00,WSH,UTAH,4,5,0,,,,,,,,,"{""indoor"": true}"
NHL-20250209-TB-MTL-13,NHL,2025-02-09T18:00:00,MTL,TB,3,5,0,,,,,,,,,"{""indoor"": true}"
NHL-20250222-MIN-DET-12,NHL,2025-02-22T17:30:00,DET,MIN,3,4,0,,,,,,,,,"{""indoor"": true}"
NHL-20250222-EDM-PHI-13,NHL,2025-02-22T18:00:00,PHI,EDM,6,3,0,,,,,,,,,"{""indoor"": true}"
NHL-20250222-WSH-PIT-15,NHL,2025-02-22T20:00:00,PIT,WSH,3,8,0,,,,,,,,,"{""indoor"": true}"
NHL-20250222-NYR-BUF-17,NHL,2025-02-22T22:30:00,BUF,NYR,8,2,0,,,,,,,,,"{""indoor"": true}"
NHL-20250222-SEA-FLA-18,NHL,2025-02-22T23:00:00,FLA,SEA,1,2,0,,,,,,,,,"{""indoor"": true}"
NHL-20250222-DAL-NJ-18,NHL,2025-02-22T23:00:00,NJ,DAL,2,4,0,,,,,,,,,"{""indoor"": true}"
NHL-20250222-COL-NSH-18,NHL,2025-02-22T23:00:00,NSH,COL,2,1,0,,,,,,,,,"{""indoor"": true}"
NHL-20250222-ANA-BOS-19,NHL,2025-02-23T00:00:00,BOS,ANA,2,3,0,,,,,,,,,"{""indoor"": true}"
NHL-20250222-CAR-TOR-19,NHL,2025-02-23T00:00:00,TOR,CAR,6,3,0,,,,,,,,,"{""indoor"": true}"
NHL-20250222-MTL-OTT-19,NHL,2025-02-23T00:00:00,OTT,MTL,2,5,0,,,,,,,,,"{""indoor"": true}"
NHL-20250222-CHI-CBJ-19,NHL,2025-02-23T00:00:00,CBJ,CHI,5,1,0,,,,,,,,,"{""indoor"": true}"
NHL-20250222-WPG-STL-19,NHL,2025-02-23T00:00:00,STL,WPG,3,4,0,,,,,,,,,"{""indoor"": true}"
NHL-20250222-UTAH-LA-21,NHL,2025-02-23T02:00:00,LA,UTAH,5,3,0,,,,,,,,,"{""indoor"": true}"
NHL-20250222-VAN-VGK-22,NHL,2025-02-23T03:00:00,VGK,VAN,3,1,0,,,,,,,,,"{""indoor"": true}"
NHL-20250223-EDM-WSH-13,NHL,2025-02-23T18:00:00,WSH,EDM,7,3,0,,,,,,,,,"{""indoor"": true}"
NHL-20250223-NYR-PIT-15,NHL,2025-02-23T20:30:00,PIT,NYR,3,5,0,,,,,,,,,"{""indoor"": true}"
NHL-20250223-ANA-DET-18,NHL,2025-02-23T23:00:00,DET,ANA,5,4,0,,,,,,,,,"{""indoor"": true}"
NHL-20250223-SEA-TB-18,NHL,2025-02-23T23:00:00,TB,SEA,4,1,0,,,,,,,,,"{""indoor"": true}"
NHL-20250223-COL-STL-18,NHL,2025-02-23T23:00:00,STL,COL,3,1,0,,,,,,,,,"{""indoor"": true}"
NHL-20250223-NJ-NSH-18,NHL,2025-02-23T23:00:00,NSH,NJ,0,5,0,,,,,,,,,"{""indoor"": true}"
NHL-20250223-TOR-CHI-19,NHL,2025-02-24T00:00:00,CHI,TOR,2,5,0,,,,,,,,,"{""indoor"": true}"
NHL-20250223-DAL-NYI-19,NHL,2025-02-24T00:30:00,NYI,DAL,3,4,0,,,,,,,,,"{""indoor"": true}"
NHL-20250223-SJ-CGY-20,NHL,2025-02-24T01:00:00,CGY,SJ,3,2,0,,,,,,,,,"{""indoor"": true}"
NHL-20250223-VAN-UTAH-20,NHL,2025-02-24T01:00:00,UTAH,VAN,2,1,0,,,,,,,,,"{""indoor"": true}"
NHL-20250224-SJ-WPG-19,NHL,2025-02-25T00:30:00,WPG,SJ,2,1,0,,,,,,,,,"{""indoor"": true}"
NHL-20250224-VGK-LA-22,NHL,2025-02-25T03:30:00,LA,VGK,5,2,0,,,,,,,,,"{""indoor"": true}"
NHL-20250225-TOR-BOS-19,NHL,2025-02-26T00:00:00,BOS,TOR,4,5,0,,,,,,,,,"{""indoor"": true}"
NHL-20250225-ANA-BUF-19,NHL,2025-02-26T00:00:00,BUF,ANA,3,2,0,,,,,,,,,"{""indoor"": true}"
NHL-20250225-CAR-MTL-19,NHL,2025-02-26T00:00:00,MTL,CAR,4,0,0,,,,,,,,,"{""indoor"": true}"
NHL-20250225-PIT-PHI-19,NHL,2025-02-26T00:00:00,PHI,PIT,6,1,0,,,,,,,,,"{""indoor"": true}"
NHL-20250225-CGY-WSH-19,NHL,2025-02-26T00:00:00,WSH,CGY,1,3,0,,,,,,,,,"{""indoor"": true}"
NHL-20250225-DAL-CBJ-19,NHL,2025-02-26T00:00:00,CBJ,DAL,6,4,0,,,,,,,,,"{""indoor"": true}"
NHL-20250225-EDM-TB-19,NHL,2025-02-26T00:30:00,TB,EDM,4,1,0,,,,,,,,,"{""indoor"": true}"
NHL-20250225-NYR-NYI-19,NHL,2025-02-26T00:30:00,NYI,NYR,1,5,0,,,,,,,,,"{""indoor"": true}"
NHL-20250225-SEA-STL-20,NHL,2025-02-26T01:00:00,STL,SEA,7,2,0,,,,,,,,,"{""indoor"": true}"
NHL-20250225-FLA-NSH-20,NHL,2025-02-26T01:00:00,NSH,FLA,1,4,0,,,,,,,,,"{""indoor"": true}"
NHL-20250225-DET-MIN-20,NHL,2025-02-26T01:00:00,MIN,DET,2,3,0,,,,,,,,,"{""indoor"": true}"
NHL-20250225-CHI-UTAH-21,NHL,2025-02-26T02:00:00,UTAH,CHI,2,1,0,,,,,,,,,"{""indoor"": true}"
NHL-20250226-WPG-OTT-19,NHL,2025-02-27T00:00:00,OTT,WPG,1,4,0,,,,,,,,,"{""indoor"": true}"
NHL-20250226-NJ-COL-21,NHL,2025-02-27T02:30:00,COL,NJ,5,1,0,,,,,,,,,"{""indoor"": true}"
NHL-20250226-VAN-LA-22,NHL,2025-02-27T03:00:00,LA,VAN,2,3,0,,,,,,,,,"{""indoor"": true}"
NHL-20250227-NYI-BOS-19,NHL,2025-02-28T00:00:00,BOS,NYI,1,2,0,,,,,,,,,"{""indoor"": true}"
NHL-20250227-SJ-MTL-19,NHL,2025-02-28T00:00:00,MTL,SJ,4,3,0,,,,,,,,,"{""indoor"": true}"
NHL-20250227-CBJ-DET-19,NHL,2025-02-28T00:00:00,DET,CBJ,2,5,0,,,,,,,,,"{""indoor"": true}"
NHL-20250227-CGY-TB-19,NHL,2025-02-28T00:00:00,TB,CGY,3,0,0,,,,,,,,,"{""indoor"": true}"
NHL-20250227-EDM-FLA-19,NHL,2025-02-28T00:00:00,FLA,EDM,4,3,0,,,,,,,,,"{""indoor"": true}"
NHL-20250227-STL-WSH-19,NHL,2025-02-28T00:00:00,WSH,STL,2,5,0,,,,,,,,,"{""indoor"": true}"
NHL-20250227-BUF-CAR-19,NHL,2025-02-28T00:00:00,CAR,BUF,5,2,0,,,,,,,,,"{""indoor"": true}"
NHL-20250227-PHI-PIT-19,NHL,2025-02-28T00:30:00,PIT,PHI,5,4,0,,,,,,,,,"{""indoor"": true}"
NHL-20250227-WPG-NSH-20,NHL,2025-02-28T01:00:00,NSH,WPG,2,1,0,,,,,,,,,"{""indoor"": true}"
NHL-20250227-MIN-UTAH-21,NHL,2025-02-28T02:00:00,UTAH,MIN,6,1,0,,,,,,,,,"{""indoor"": true}"
NHL-20250227-CHI-VGK-22,NHL,2025-02-28T03:00:00,VGK,CHI,7,5,0,,,,,,,,,"{""indoor"": true}"
NHL-20250227-VAN-ANA-22,NHL,2025-02-28T03:00:00,ANA,VAN,5,2,0,,,,,,,,,"{""indoor"": true}"
NHL-20250228-TOR-NYR-19,NHL,2025-03-01T00:00:00,NYR,TOR,2,3,0,,,,,,,,,"{""indoor"": true}"
NHL-20250228-LA-DAL-20,NHL,2025-03-01T01:00:00,DAL,LA,6,2,0,,,,,,,,,"{""indoor"": true}"
NHL-20250228-MIN-COL-21,NHL,2025-03-01T02:00:00,COL,MIN,5,2,0,,,,,,,,,"{""indoor"": true}"
NHL-20250301-NSH-NYI-12,NHL,2025-03-01T17:30:00,NYI,NSH,7,4,0,,,,,,,,,"{""indoor"": true}"
NHL-20250301-TB-WSH-12,NHL,2025-03-01T17:30:00,WSH,TB,1,3,0,,,,,,,,,"{""indoor"": true}"
NHL-20250301-CGY-FLA-15,NHL,2025-03-01T20:00:00,FLA,CGY,3,0,0,,,,,,,,,"{""indoor"": true}"
NHL-20250301-BOS-PIT-15,NHL,2025-03-01T20:00:00,PIT,BOS,2,3,0,,,,,,,,,"{""indoor"": true}"
NHL-20250301-DET-CBJ-18,NHL,2025-03-01T23:35:00,CBJ,DET,5,3,0,,,,,,,,,
NHL-20250301-MTL-BUF-19,NHL,2025-03-02T00:00:00,BUF,MTL,2,4,0,,,,,,,,,"{""indoor"": true}"
NHL-20250301-SJ-OTT-19,NHL,2025-03-02T00:00:00,OTT,SJ,5,3,0,,,,,,,,,"{""indoor"": true}"
NHL-20250301-EDM-CAR-19,NHL,2025-03-02T00:00:00,CAR,EDM,1,3,0,,,,,,,,,"{""indoor"": true}"
NHL-20250301-PHI-WPG-19,NHL,2025-03-02T00:00:00,WPG,PHI,1,2,0,,,,,,,,,"{""indoor"": true}"
NHL-20250301-LA-STL-20,NHL,2025-03-02T01:00:00,STL,LA,4,1,0,,,,,,,,,"{""indoor"": true}"
NHL-20250301-NJ-UTAH-21,NHL,2025-03-02T02:00:00,UTAH,NJ,1,3,0,,,,,,,,,"{""indoor"": true}"
NHL-20250301-CHI-ANA-22,NHL,2025-03-02T03:00:00,ANA,CHI,3,6,0,,,,,,,,,"{""indoor"": true}"
NHL-20250301-VAN-SEA-22,NHL,2025-03-02T03:00:00,SEA,VAN,6,3,0,,,,,,,,,"{""indoor"": true}"
NHL-20250302-TOR-PIT-13,NHL,2025-03-02T18:00:00,PIT,TOR,5,6,0,,,,,,,,,"{""indoor"": true}"
NHL-20250302-BOS-MIN-15,NHL,2025-03-02T20:30:00,MIN,BOS,1,0,0,,,,,,,,,"{""indoor"": true}"
NHL-20250302-CGY-CAR-17,NHL,2025-03-02T22:00:00,CAR,CGY,2,1,0,,,,,,,,,"{""indoor"": true}"
NHL-20250302-STL-DAL-18,NHL,2025-03-02T23:00:00,DAL,STL,6,3,0,,,,,,,,,"{""indoor"": true}"
NHL-20250302-NSH-NYR-19,NHL,2025-03-03T00:00:00,NYR,NSH,4,0,0,,,,,,,,,"{""indoor"": true}"
NHL-20250302-NJ-VGK-20,NHL,2025-03-03T01:00:00,VGK,NJ,2,0,0,,,,,,,,,"{""indoor"": true}"
NHL-20250303-OTT-WSH-18,NHL,2025-03-03T23:30:00,WSH,OTT,5,4,0,,,,,,,,,"{""indoor"": true}"
NHL-20250303-BUF-MTL-19,NHL,2025-03-04T00:00:00,MTL,BUF,4,3,0,,,,,,,,,"{""indoor"": true}"
NHL-20250303-TB-FLA-19,NHL,2025-03-04T00:00:00,FLA,TB,2,1,0,,,,,,,,,"{""indoor"": true}"
NHL-20250303-NYI-NYR-19,NHL,2025-03-04T00:00:00,NYR,NYI,4,0,0,,,,,,,,,"{""indoor"": true}"
NHL-20250303-SJ-TOR-19,NHL,2025-03-04T00:30:00,TOR,SJ,2,3,0,,,,,,,,,"{""indoor"": true}"
NHL-20250303-LA-CHI-20,NHL,2025-03-04T01:30:00,CHI,LA,5,1,0,,,,,,,,,"{""indoor"": true}"
NHL-20250304-NSH-BOS-19,NHL,2025-03-05T00:00:00,BOS,NSH,3,6,0,,,,,,,,,"{""indoor"": true}"
NHL-20250304-SJ-BUF-19,NHL,2025-03-05T00:00:00,BUF,SJ,2,6,0,,,,,,,,,"{""indoor"": true}"
NHL-20250304-CAR-DET-19,NHL,2025-03-05T00:00:00,DET,CAR,1,2,0,,,,,,,,,"{""indoor"": true}"
NHL-20250304-CBJ-TB-19,NHL,2025-03-05T00:00:00,TB,CBJ,6,2,0,,,,,,,,,"{""indoor"": true}"
NHL-20250304-CGY-PHI-19,NHL,2025-03-05T00:00:00,PHI,CGY,3,6,0,,,,,,,,,"{""indoor"": true}"
NHL-20250304-WPG-NYI-19,NHL,2025-03-05T00:30:00,NYI,WPG,3,2,0,,,,,,,,,"{""indoor"": true}"
NHL-20250304-NJ-DAL-20,NHL,2025-03-05T01:00:00,DAL,NJ,4,3,0,,,,,,,,,"{""indoor"": true}"
NHL-20250304-PIT-COL-21,NHL,2025-03-05T02:00:00,COL,PIT,4,1,0,,,,,,,,,"{""indoor"": true}"
NHL-20250304-ANA-EDM-21,NHL,2025-03-05T02:00:00,EDM,ANA,2,6,0,,,,,,,,,"{""indoor"": true}"
NHL-20250304-MIN-SEA-22,NHL,2025-03-05T03:00:00,SEA,MIN,3,4,0,,,,,,,,,"{""indoor"": true}"
NHL-20250305-WSH-NYR-19,NHL,2025-03-06T00:30:00,NYR,WSH,2,3,0,,,,,,,,,"{""indoor"": true}"
NHL-20250305-OTT-CHI-19,NHL,2025-03-06T00:30:00,CHI,OTT,3,4,0,,,,,,,,,"{""indoor"": true}"
NHL-20250305-TOR-VGK-22,NHL,2025-03-06T03:00:00,VGK,TOR,5,2,0,,,,,,,,,"{""indoor"": true}"
NHL-20250305-ANA-VAN-22,NHL,2025-03-06T03:30:00,VAN,ANA,3,2,0,,,,,,,,,"{""indoor"": true}"
NHL-20250305-STL-LA-22,NHL,2025-03-06T03:30:00,LA,STL,2,3,0,,,,,,,,,"{""indoor"": true}"
NHL-20250306-UTAH-DET-19,NHL,2025-03-07T00:00:00,DET,UTAH,2,4,0,,,,,,,,,"{""indoor"": true}"
NHL-20250306-BUF-TB-19,NHL,2025-03-07T00:00:00,TB,BUF,6,5,0,,,,,,,,,"{""indoor"": true}"
NHL-20250306-CBJ-FLA-19,NHL,2025-03-07T00:00:00,FLA,CBJ,3,0,0,,,,,,,,,"{""indoor"": true}"
NHL-20250306-WPG-PHI-19,NHL,2025-03-07T00:00:00,PHI,WPG,1,4,0,,,,,,,,,"{""indoor"": true}"
NHL-20250306-BOS-CAR-19,NHL,2025-03-07T00:00:00,CAR,BOS,3,2,0,,,,,,,,,"{""indoor"": true}"
NHL-20250306-SEA-NSH-20,NHL,2025-03-07T01:00:00,NSH,SEA,5,3,0,,,,,,,,,"{""indoor"": true}"
NHL-20250306-CGY-DAL-20,NHL,2025-03-07T01:00:00,DAL,CGY,3,2,0,,,,,,,,,"{""indoor"": true}"
NHL-20250306-MTL-EDM-21,NHL,2025-03-07T02:00:00,EDM,MTL,3,2,0,,,,,,,,,"{""indoor"": true}"
NHL-20250306-SJ-COL-21,NHL,2025-03-07T02:30:00,COL,SJ,7,3,0,,,,,,,,,"{""indoor"": true}"
NHL-20250307-WPG-NJ-19,NHL,2025-03-08T00:00:00,NJ,WPG,1,6,0,,,,,,,,,"{""indoor"": true}"
NHL-20250307-DET-WSH-19,NHL,2025-03-08T00:00:00,WSH,DET,5,2,0,,,,,,,,,"{""indoor"": true}"
NHL-20250307-UTAH-CHI-20,NHL,2025-03-08T01:30:00,CHI,UTAH,4,3,0,,,,,,,,,"{""indoor"": true}"
NHL-20250307-MIN-VAN-22,NHL,2025-03-08T03:00:00,VAN,MIN,3,1,0,,,,,,,,,"{""indoor"": true}"
NHL-20250307-PIT-VGK-22,NHL,2025-03-08T03:00:00,VGK,PIT,4,0,0,,,,,,,,,"{""indoor"": true}"
NHL-20250307-STL-ANA-22,NHL,2025-03-08T03:00:00,ANA,STL,3,4,0,,,,,,,,,"{""indoor"": true}"
NHL-20250308-NYR-OTT-12,NHL,2025-03-08T17:30:00,OTT,NYR,4,3,0,,,,,,,,,"{""indoor"": true}"
NHL-20250308-SEA-PHI-12,NHL,2025-03-08T17:30:00,PHI,SEA,1,4,0,,,,,,,,,"{""indoor"": true}"
NHL-20250308-BOS-TB-15,NHL,2025-03-08T20:00:00,TB,BOS,0,4,0,,,,,,,,,"{""indoor"": true}"
NHL-20250308-BUF-FLA-18,NHL,2025-03-08T23:00:00,FLA,BUF,4,0,0,,,,,,,,,"{""indoor"": true}"
NHL-20250308-TOR-COL-19,NHL,2025-03-09T00:00:00,COL,TOR,7,4,0,,,,,,,,,"{""indoor"": true}"
NHL-20250308-MTL-CGY-19,NHL,2025-03-09T00:00:00,CGY,MTL,1,0,0,,,,,,,,,"{""indoor"": true}"
NHL-20250308-CHI-NSH-20,NHL,2025-03-09T01:00:00,NSH,CHI,3,2,0,,,,,,,,,"{""indoor"": true}"
NHL-20250308-STL-LA-20,NHL,2025-03-09T01:00:00,LA,STL,2,1,0,,,,,,,,,"{""indoor"": true}"
NHL-20250308-DAL-EDM-22,NHL,2025-03-09T03:00:00,EDM,DAL,5,4,0,,,,,,,,,"{""indoor"": true}"
NHL-20250308-NYI-SJ-22,NHL,2025-03-09T03:00:00,SJ,NYI,2,4,0,,,,,,,,,"{""indoor"": true}"
NHL-20250309-NJ-PHI-13,NHL,2025-03-09T17:00:00,PHI,NJ,1,3,0,,,,,,,,,"{""indoor"": true}"
NHL-20250309-SEA-WSH-15,NHL,2025-03-09T19:30:00,WSH,SEA,4,2,0,,,,,,,,,"{""indoor"": true}"
NHL-20250309-PIT-MIN-15,NHL,2025-03-09T19:30:00,MIN,PIT,1,3,0,,,,,,,,,"{""indoor"": true}"
NHL-20250309-WPG-CAR-17,NHL,2025-03-09T21:00:00,CAR,WPG,4,2,0,,,,,,,,,"{""indoor"": true}"
NHL-20250309-CBJ-NYR-18,NHL,2025-03-09T22:00:00,NYR,CBJ,3,7,0,,,,,,,,,"{""indoor"": true}"
NHL-20250309-LA-VGK-20,NHL,2025-03-10T00:00:00,VGK,LA,5,6,0,,,,,,,,,"{""indoor"": true}"
NHL-20250309-DAL-VAN-21,NHL,2025-03-10T01:00:00,VAN,DAL,1,4,0,,,,,,,,,"{""indoor"": true}"
NHL-20250309-NYI-ANA-21,NHL,2025-03-10T01:00:00,ANA,NYI,4,1,0,,,,,,,,,"{""indoor"": true}"
NHL-20250310-EDM-BUF-19,NHL,2025-03-10T23:00:00,BUF,EDM,3,2,0,,,,,,,,,"{""indoor"": true}"
NHL-20250310-DET-OTT-19,NHL,2025-03-10T23:30:00,OTT,DET,2,1,0,,,,,,,,,"{""indoor"": true}"
NHL-20250310-CHI-COL-21,NHL,2025-03-11T01:00:00,COL,CHI,3,0,0,,,,,,,,,"{""indoor"": true}"
NHL-20250310-TOR-UTAH-22,NHL,2025-03-11T02:00:00,UTAH,TOR,3,4,0,,,,,,,,,"{""indoor"": true}"
NHL-20250311-FLA-BOS-19,NHL,2025-03-11T23:00:00,BOS,FLA,3,2,0,,,,,,,,,"{""indoor"": true}"
NHL-20250311-CBJ-NJ-19,NHL,2025-03-11T23:00:00,NJ,CBJ,5,3,0,,,,,,,,,"{""indoor"": true}"
NHL-20250311-OTT-PHI-19,NHL,2025-03-11T23:00:00,PHI,OTT,2,5,0,,,,,,,,,"{""indoor"": true}"
NHL-20250311-VGK-PIT-19,NHL,2025-03-11T23:00:00,PIT,VGK,3,2,0,,,,,,,,,"{""indoor"": true}"
NHL-20250311-TB-CAR-19,NHL,2025-03-11T23:30:00,CAR,TB,4,1,0,,,,,,,,,"{""indoor"": true}"
NHL-20250311-COL-MIN-20,NHL,2025-03-12T00:00:00,MIN,COL,2,1,0,,,,,,,,,"{""indoor"": true}"
NHL-20250311-NYR-WPG-20,NHL,2025-03-12T00:00:00,WPG,NYR,2,1,0,,,,,,,,,"{""indoor"": true}"
NHL-20250311-MTL-VAN-22,NHL,2025-03-12T02:00:00,VAN,MTL,2,4,0,,,,,,,,,"{""indoor"": true}"
NHL-20250311-WSH-ANA-22,NHL,2025-03-12T02:00:00,ANA,WSH,4,7,0,,,,,,,,,"{""indoor"": true}"
NHL-20250311-NYI-LA-22,NHL,2025-03-12T02:30:00,LA,NYI,4,1,0,,,,,,,,,"{""indoor"": true}"
NHL-20250311-NSH-SJ-22,NHL,2025-03-12T02:30:00,SJ,NSH,2,3,0,,,,,,,,,"{""indoor"": true}"
NHL-20250312-BUF-DET-19,NHL,2025-03-12T23:30:00,DET,BUF,7,3,0,,,,,,,,,"{""indoor"": true}"
NHL-20250312-VAN-CGY-21,NHL,2025-03-13T01:00:00,CGY,VAN,3,4,0,,,,,,,,,"{""indoor"": true}"
NHL-20250312-ANA-UTAH-22,NHL,2025-03-13T02:00:00,UTAH,ANA,3,2,0,,,,,,,,,"{""indoor"": true}"
NHL-20250312-MTL-SEA-22,NHL,2025-03-13T02:30:00,SEA,MTL,5,4,0,,,,,,,,,"{""indoor"": true}"
NHL-20250313-FLA-TOR-19,NHL,2025-03-13T23:00:00,TOR,FLA,2,3,0,,,,,,,,,"{""indoor"": true}"
NHL-20250313-BOS-OTT-19,NHL,2025-03-13T23:00:00,OTT,BOS,6,3,0,,,,,,,,,"{""indoor"": true}"
NHL-20250313-TB-PHI-19,NHL,2025-03-13T23:00:00,PHI,TB,4,3,0,,,,,,,,,"{""indoor"": true}"
NHL-20250313-STL-PIT-19,NHL,2025-03-13T23:00:00,PIT,STL,5,3,0,,,,,,,,,"{""indoor"": true}"
NHL-20250313-VGK-CBJ-19,NHL,2025-03-13T23:00:00,CBJ,VGK,0,4,0,,,,,,,,,"{""indoor"": true}"
NHL-20250313-EDM-NJ-19,NHL,2025-03-13T23:30:00,NJ,EDM,3,2,0,,,,,,,,,"{""indoor"": true}"
NHL-20250313-NYR-MIN-20,NHL,2025-03-14T00:00:00,MIN,NYR,2,3,0,,,,,,,,,"{""indoor"": true}"
NHL-20250313-WSH-LA-22,NHL,2025-03-14T02:30:00,LA,WSH,3,0,0,,,,,,,,,"{""indoor"": true}"
NHL-20250313-CHI-SJ-22,NHL,2025-03-14T02:30:00,SJ,CHI,4,2,0,,,,,,,,,"{""indoor"": true}"
NHL-20250314-DET-CAR-19,NHL,2025-03-14T23:00:00,CAR,DET,4,2,0,,,,,,,,,"{""indoor"": true}"
NHL-20250314-EDM-NYI-19,NHL,2025-03-14T23:30:00,NYI,EDM,1,2,0,,,,,,,,,"{""indoor"": true}"
NHL-20250314-DAL-WPG-20,NHL,2025-03-15T00:00:00,WPG,DAL,4,1,0,,,,,,,,,"{""indoor"": true}"
NHL-20250314-COL-CGY-21,NHL,2025-03-15T01:00:00,CGY,COL,2,4,0,,,,,,,,,"{""indoor"": true}"
NHL-20250314-NSH-ANA-22,NHL,2025-03-15T02:00:00,ANA,NSH,2,1,0,,,,,,,,,"{""indoor"": true}"
NHL-20250314-UTAH-SEA-22,NHL,2025-03-15T02:00:00,SEA,UTAH,4,2,0,,,,,,,,,"{""indoor"": true}"
NHL-20250315-VGK-BUF-12,NHL,2025-03-15T16:30:00,BUF,VGK,4,3,0,,,,,,,,,"{""indoor"": true}"
NHL-20250315-NJ-PIT-15,NHL,2025-03-15T19:00:00,PIT,NJ,7,3,0,,,,,,,,,"{""indoor"": true}"
NHL-20250315-WSH-SJ-17,NHL,2025-03-15T21:00:00,SJ,WSH,1,5,0,,,,,,,,,"{""indoor"": true}"
NHL-20250315-TB-BOS-19,NHL,2025-03-15T23:00:00,BOS,TB,2,6,0,,,,,,,,,"{""indoor"": true}"
NHL-20250315-OTT-TOR-19,NHL,2025-03-15T23:00:00,TOR,OTT,2,4,0,,,,,,,,,"{""indoor"": true}"
NHL-20250315-FLA-MTL-19,NHL,2025-03-15T23:00:00,MTL,FLA,3,1,0,,,,,,,,,"{""indoor"": true}"
NHL-20250315-CAR-PHI-19,NHL,2025-03-15T23:00:00,PHI,CAR,0,5,0,,,,,,,,,"{""indoor"": true}"
NHL-20250315-NYR-CBJ-19,NHL,2025-03-15T23:00:00,CBJ,NYR,0,4,0,,,,,,,,,"{""indoor"": true}"
NHL-20250315-STL-MIN-20,NHL,2025-03-16T00:00:00,MIN,STL,1,5,0,,,,,,,,,"{""indoor"": true}"
NHL-20250315-NSH-LA-20,NHL,2025-03-16T00:00:00,LA,NSH,1,0,0,,,,,,,,,"{""indoor"": true}"
NHL-20250315-CHI-VAN-22,NHL,2025-03-16T02:00:00,VAN,CHI,6,2,0,,,,,,,,,"{""indoor"": true}"
NHL-20250316-VGK-DET-13,NHL,2025-03-16T17:00:00,DET,VGK,3,0,0,,,,,,,,,"{""indoor"": true}"
NHL-20250316-DAL-COL-15,NHL,2025-03-16T19:30:00,COL,DAL,4,3,0,,,,,,,,,"{""indoor"": true}"
NHL-20250316-EDM-NYR-19,NHL,2025-03-16T23:00:00,NYR,EDM,1,3,0,,,,,,,,,"{""indoor"": true}"
NHL-20250316-FLA-NYI-19,NHL,2025-03-16T23:30:00,NYI,FLA,4,2,0,,,,,,,,,"{""indoor"": true}"
NHL-20250316-ANA-STL-20,NHL,2025-03-17T00:00:00,STL,ANA,7,2,0,,,,,,,,,"{""indoor"": true}"
NHL-20250316-UTAH-VAN-20,NHL,2025-03-17T00:00:00,VAN,UTAH,1,3,0,,,,,,,,,"{""indoor"": true}"
NHL-20250316-WPG-SEA-21,NHL,2025-03-17T01:00:00,SEA,WPG,2,3,0,,,,,,,,,"{""indoor"": true}"
NHL-20250317-BUF-BOS-19,NHL,2025-03-17T23:00:00,BOS,BUF,2,3,0,,,,,,,,,"{""indoor"": true}"
NHL-20250317-PHI-TB-19,NHL,2025-03-17T23:00:00,TB,PHI,2,0,0,,,,,,,,,"{""indoor"": true}"
NHL-20250317-NJ-CBJ-19,NHL,2025-03-17T23:00:00,CBJ,NJ,1,2,0,,,,,,,,,"{""indoor"": true}"
NHL-20250317-CGY-TOR-19,NHL,2025-03-17T23:30:00,TOR,CGY,6,2,0,,,,,,,,,"{""indoor"": true}"
NHL-20250317-LA-MIN-20,NHL,2025-03-18T00:00:00,MIN,LA,3,1,0,,,,,,,,,"{""indoor"": true}"
NHL-20250318-OTT-MTL-19,NHL,2025-03-18T23:00:00,MTL,OTT,6,3,0,,,,,,,,,"{""indoor"": true}"
NHL-20250318-CGY-NYR-19,NHL,2025-03-18T23:00:00,NYR,CGY,1,2,0,,,,,,,,,"{""indoor"": true}"
NHL-20250318-NYI-PIT-19,NHL,2025-03-18T23:00:00,PIT,NYI,2,4,0,,,,,,,,,"{""indoor"": true}"
NHL-20250318-DET-WSH-19,NHL,2025-03-18T23:00:00,WSH,DET,4,1,0,,,,,,,,,"{""indoor"": true}"
NHL-20250318-STL-NSH-20,NHL,2025-03-19T00:00:00,NSH,STL,1,4,0,,,,,,,,,"{""indoor"": true}"
NHL-20250318-ANA-DAL-20,NHL,2025-03-19T00:00:00,DAL,ANA,4,3,0,,,,,,,,,"{""indoor"": true}"
NHL-20250318-SEA-CHI-20,NHL,2025-03-19T00:30:00,CHI,SEA,2,6,0,,,,,,,,,"{""indoor"": true}"
NHL-20250318-UTAH-EDM-21,NHL,2025-03-19T01:00:00,EDM,UTAH,7,1,0,,,,,,,,,"{""indoor"": true}"
NHL-20250318-WPG-VAN-22,NHL,2025-03-19T02:00:00,VAN,WPG,6,2,0,,,,,,,,,"{""indoor"": true}"
NHL-20250319-COL-TOR-19,NHL,2025-03-19T23:00:00,TOR,COL,2,1,0,,,,,,,,,"{""indoor"": true}"
NHL-20250319-SEA-MIN-21,NHL,2025-03-20T01:30:00,MIN,SEA,4,0,0,,,,,,,,,"{""indoor"": true}"
NHL-20250320-COL-OTT-19,NHL,2025-03-20T23:00:00,OTT,COL,1,5,0,,,,,,,,,"{""indoor"": true}"
NHL-20250320-CGY-NJ-19,NHL,2025-03-20T23:00:00,NJ,CGY,3,5,0,,,,,,,,,"{""indoor"": true}"
NHL-20250320-TOR-NYR-19,NHL,2025-03-20T23:00:00,NYR,TOR,3,4,0,,,,,,,,,"{""indoor"": true}"
NHL-20250320-PHI-WSH-19,NHL,2025-03-20T23:00:00,WSH,PHI,3,2,0,,,,,,,,,"{""indoor"": true}"
NHL-20250320-FLA-CBJ-19,NHL,2025-03-20T23:00:00,CBJ,FLA,0,1,0,,,,,,,,,"{""indoor"": true}"
NHL-20250320-MTL-NYI-19,NHL,2025-03-20T23:30:00,NYI,MTL,4,3,0,,,,,,,,,"{""indoor"": true}"
NHL-20250320-VAN-STL-19,NHL,2025-03-20T23:30:00,STL,VAN,4,3,0,,,,,,,,,"{""indoor"": true}"
NHL-20250320-ANA-NSH-20,NHL,2025-03-21T00:00:00,NSH,ANA,1,4,0,,,,,,,,,"{""indoor"": true}"
NHL-20250320-TB-DAL-20,NHL,2025-03-21T00:00:00,DAL,TB,2,3,0,,,,,,,,,"{""indoor"": true}"
NHL-20250320-LA-CHI-20,NHL,2025-03-21T00:30:00,CHI,LA,1,3,0,,,,,,,,,"{""indoor"": true}"
NHL-20250320-WPG-EDM-21,NHL,2025-03-21T01:00:00,EDM,WPG,3,4,0,,,,,,,,,"{""indoor"": true}"
NHL-20250320-BUF-UTAH-21,NHL,2025-03-21T01:00:00,UTAH,BUF,5,2,0,,,,,,,,,"{""indoor"": true}"
NHL-20250320-BOS-VGK-22,NHL,2025-03-21T02:00:00,VGK,BOS,5,1,0,,,,,,,,,"{""indoor"": true}"
NHL-20250320-CAR-SJ-22,NHL,2025-03-21T02:30:00,SJ,CAR,1,3,0,,,,,,,,,"{""indoor"": true}"
NHL-20250321-CBJ-PIT-19,NHL,2025-03-21T23:00:00,PIT,CBJ,6,3,0,,,,,,,,,"{""indoor"": true}"
NHL-20250322-VAN-NYR-13,NHL,2025-03-22T17:00:00,NYR,VAN,5,3,0,,,,,,,,,"{""indoor"": true}"
NHL-20250322-PHI-DAL-14,NHL,2025-03-22T18:00:00,DAL,PHI,3,2,0,,,,,,,,,"{""indoor"": true}"
NHL-20250322-BUF-MIN-14,NHL,2025-03-22T18:00:00,MIN,BUF,4,1,0,,,,,,,,,"{""indoor"": true}"
NHL-20250322-CHI-STL-15,NHL,2025-03-22T19:00:00,STL,CHI,4,1,0,,,,,,,,,"{""indoor"": true}"
NHL-20250322-CGY-NYI-16,NHL,2025-03-22T20:00:00,NYI,CGY,3,4,0,,,,,,,,,"{""indoor"": true}"
NHL-20250322-CAR-LA-16,NHL,2025-03-22T20:00:00,LA,CAR,7,2,0,,,,,,,,,"{""indoor"": true}"
NHL-20250322-FLA-WSH-17,NHL,2025-03-22T21:00:00,WSH,FLA,6,3,0,,,,,,,,,"{""indoor"": true}"
NHL-20250322-TB-UTAH-17,NHL,2025-03-22T21:00:00,UTAH,TB,6,4,0,,,,,,,,,"{""indoor"": true}"
NHL-20250322-COL-MTL-19,NHL,2025-03-22T23:00:00,MTL,COL,4,5,0,,,,,,,,,"{""indoor"": true}"
NHL-20250322-OTT-NJ-19,NHL,2025-03-22T23:00:00,NJ,OTT,2,3,0,,,,,,,,,"{""indoor"": true}"
NHL-20250322-TOR-NSH-19,NHL,2025-03-22T23:00:00,NSH,TOR,5,2,0,,,,,,,,,"{""indoor"": true}"
NHL-20250322-DET-VGK-20,NHL,2025-03-23T00:00:00,VGK,DET,6,3,0,,,,,,,,,"{""indoor"": true}"
NHL-20250322-SEA-EDM-22,NHL,2025-03-23T02:00:00,EDM,SEA,5,4,0,,,,,,,,,"{""indoor"": true}"
NHL-20250322-BOS-SJ-22,NHL,2025-03-23T02:30:00,SJ,BOS,3,1,0,,,,,,,,,"{""indoor"": true}"
NHL-20250323-PHI-CHI-15,NHL,2025-03-23T19:00:00,CHI,PHI,7,4,0,,,,,,,,,"{""indoor"": true}"
NHL-20250323-BUF-WPG-15,NHL,2025-03-23T19:00:00,WPG,BUF,3,5,0,,,,,,,,,"{""indoor"": true}"
NHL-20250323-PIT-FLA-18,NHL,2025-03-23T22:00:00,FLA,PIT,4,3,0,,,,,,,,,"{""indoor"": true}"
NHL-20250323-NSH-STL-18,NHL,2025-03-23T22:00:00,STL,NSH,4,1,0,,,,,,,,,"{""indoor"": true}"
NHL-20250323-TB-VGK-20,NHL,2025-03-24T00:00:00,VGK,TB,4,2,0,,,,,,,,,"{""indoor"": true}"
NHL-20250323-CAR-ANA-20,NHL,2025-03-24T00:00:00,ANA,CAR,2,5,0,,,,,,,,,"{""indoor"": true}"
NHL-20250323-BOS-LA-21,NHL,2025-03-24T01:00:00,LA,BOS,7,2,0,,,,,,,,,"{""indoor"": true}"
NHL-20250324-VAN-NJ-19,NHL,2025-03-24T23:30:00,NJ,VAN,3,4,0,,,,,,,,,"{""indoor"": true}"
NHL-20250324-CBJ-NYI-19,NHL,2025-03-24T23:30:00,NYI,CBJ,3,4,0,,,,,,,,,"{""indoor"": true}"
NHL-20250324-MIN-DAL-20,NHL,2025-03-25T00:00:00,DAL,MIN,3,0,0,,,,,,,,,"{""indoor"": true}"
NHL-20250324-DET-UTAH-21,NHL,2025-03-25T01:00:00,UTAH,DET,1,5,0,,,,,,,,,"{""indoor"": true}"
NHL-20250325-OTT-BUF-19,NHL,2025-03-25T23:00:00,BUF,OTT,3,2,0,,,,,,,,,"{""indoor"": true}"
NHL-20250325-PHI-TOR-19,NHL,2025-03-25T23:00:00,TOR,PHI,7,2,0,,,,,,,,,"{""indoor"": true}"
NHL-20250325-PIT-TB-19,NHL,2025-03-25T23:00:00,TB,PIT,6,1,0,,,,,,,,,"{""indoor"": true}"
NHL-20250325-NSH-CAR-19,NHL,2025-03-25T23:00:00,CAR,NSH,1,3,0,,,,,,,,,"{""indoor"": true}"
NHL-20250325-MTL-STL-20,NHL,2025-03-26T00:00:00,STL,MTL,6,1,0,,,,,,,,,"{""indoor"": true}"
NHL-20250325-VGK-MIN-20,NHL,2025-03-26T00:00:00,MIN,VGK,1,5,0,,,,,,,,,"{""indoor"": true}"
NHL-20250325-WSH-WPG-20,NHL,2025-03-26T00:00:00,WPG,WSH,3,2,0,,,,,,,,,"{""indoor"": true}"
NHL-20250325-DET-COL-21,NHL,2025-03-26T01:00:00,COL,DET,5,2,0,,,,,,,,,"{""indoor"": true}"
NHL-20250325-SEA-CGY-21,NHL,2025-03-26T01:00:00,CGY,SEA,4,3,0,,,,,,,,,"{""indoor"": true}"
NHL-20250325-NYR-LA-22,NHL,2025-03-26T02:30:00,LA,NYR,3,1,0,,,,,,,,,"{""indoor"": true}"
NHL-20250326-VAN-NYI-19,NHL,2025-03-26T23:30:00,NYI,VAN,2,5,0,,,,,,,,,"{""indoor"": true}"
NHL-20250326-NJ-CHI-19,NHL,2025-03-26T23:30:00,CHI,NJ,3,5,0,,,,,,,,,"{""indoor"": true}"
NHL-20250326-DAL-EDM-22,NHL,2025-03-27T02:00:00,EDM,DAL,3,4,0,,,,,,,,,"{""indoor"": true}"
NHL-20250326-BOS-ANA-22,NHL,2025-03-27T02:00:00,ANA,BOS,6,2,0,,,,,,,,,"{""indoor"": true}"
NHL-20250327-PIT-BUF-19,NHL,2025-03-27T23:00:00,BUF,PIT,7,3,0,,,,,,,,,"{""indoor"": true}"
NHL-20250327-OTT-DET-19,NHL,2025-03-27T23:00:00,DET,OTT,3,4,0,,,,,,,,,"{""indoor"": true}"
NHL-20250327-UTAH-TB-19,NHL,2025-03-27T23:00:00,TB,UTAH,8,0,0,,,,,,,,,"{""indoor"": true}"
NHL-20250327-MTL-PHI-19,NHL,2025-03-27T23:00:00,PHI,MTL,6,4,0,,,,,,,,,"{""indoor"": true}"
NHL-20250327-WSH-MIN-19,NHL,2025-03-27T23:30:00,MIN,WSH,4,2,0,,,,,,,,,"{""indoor"": true}"
NHL-20250327-STL-NSH-20,NHL,2025-03-28T00:00:00,NSH,STL,2,3,0,,,,,,,,,"{""indoor"": true}"
NHL-20250327-DAL-CGY-21,NHL,2025-03-28T01:00:00,CGY,DAL,2,5,0,,,,,,,,,"{""indoor"": true}"
NHL-20250327-LA-COL-22,NHL,2025-03-28T02:00:00,COL,LA,4,0,0,,,,,,,,,"{""indoor"": true}"
NHL-20250327-EDM-SEA-22,NHL,2025-03-28T02:00:00,SEA,EDM,6,1,0,,,,,,,,,"{""indoor"": true}"
NHL-20250327-TOR-SJ-22,NHL,2025-03-28T02:30:00,SJ,TOR,6,5,0,,,,,,,,,"{""indoor"": true}"
NHL-20250328-UTAH-FLA-19,NHL,2025-03-28T23:00:00,FLA,UTAH,2,1,0,,,,,,,,,"{""indoor"": true}"
NHL-20250328-MTL-CAR-19,NHL,2025-03-28T23:00:00,CAR,MTL,4,1,0,,,,,,,,,"{""indoor"": true}"
NHL-20250328-VAN-CBJ-19,NHL,2025-03-28T23:00:00,CBJ,VAN,7,6,0,,,,,,,,,"{""indoor"": true}"
NHL-20250328-NJ-WPG-20,NHL,2025-03-29T00:00:00,WPG,NJ,4,0,0,,,,,,,,,"{""indoor"": true}"
NHL-20250328-VGK-CHI-20,NHL,2025-03-29T00:30:00,CHI,VGK,3,5,0,,,,,,,,,"{""indoor"": true}"
NHL-20250328-NYR-ANA-22,NHL,2025-03-29T02:00:00,ANA,NYR,5,4,0,,,,,,,,,"{""indoor"": true}"
NHL-20250329-BUF-PHI-13,NHL,2025-03-29T17:00:00,PHI,BUF,7,4,0,,,,,,,,,"{""indoor"": true}"
NHL-20250329-NYI-TB-14,NHL,2025-03-29T18:00:00,TB,NYI,5,3,0,,,,,,,,,"{""indoor"": true}"
NHL-20250329-STL-COL-16,NHL,2025-03-29T20:30:00,COL,STL,1,2,0,,,,,,,,,"{""indoor"": true}"
NHL-20250329-NJ-MIN-18,NHL,2025-03-29T22:00:00,MIN,NJ,2,5,0,,,,,,,,,"{""indoor"": true}"
NHL-20250329-VGK-NSH-18,NHL,2025-03-29T22:30:00,NSH,VGK,1,3,0,,,,,,,,,"{""indoor"": true}"
NHL-20250329-CBJ-OTT-19,NHL,2025-03-29T23:00:00,OTT,CBJ,3,2,0,,,,,,,,,"{""indoor"": true}"
NHL-20250329-TOR-LA-19,NHL,2025-03-29T23:00:00,LA,TOR,1,3,0,,,,,,,,,"{""indoor"": true}"
NHL-20250329-BOS-DET-20,NHL,2025-03-30T00:00:00,DET,BOS,2,1,0,,,,,,,,,"{""indoor"": true}"
NHL-20250329-CGY-EDM-22,NHL,2025-03-30T02:00:00,EDM,CGY,3,2,0,,,,,,,,,"{""indoor"": true}"
NHL-20250329-NYR-SJ-22,NHL,2025-03-30T02:30:00,SJ,NYR,1,6,0,,,,,,,,,"{""indoor"": true}"
NHL-20250329-DAL-SEA-22,NHL,2025-03-30T02:30:00,SEA,DAL,1,5,0,,,,,,,,,"{""indoor"": true}"
NHL-20250330-MTL-FLA-13,NHL,2025-03-30T17:00:00,FLA,MTL,2,4,0,,,,,,,,,"{""indoor"": true}"
NHL-20250330-BUF-WSH-15,NHL,2025-03-30T19:00:00,WSH,BUF,5,8,0,,,,,,,,,"{""indoor"": true}"
NHL-20250330-VAN-WPG-15,NHL,2025-03-30T19:00:00,WPG,VAN,3,1,0,,,,,,,,,"{""indoor"": true}"
NHL-20250330-UTAH-CHI-16,NHL,2025-03-30T20:00:00,CHI,UTAH,2,5,0,,,,,,,,,"{""indoor"": true}"
NHL-20250330-OTT-PIT-17,NHL,2025-03-30T21:00:00,PIT,OTT,1,0,0,,,,,,,,,"{""indoor"": true}"
NHL-20250330-NYI-CAR-17,NHL,2025-03-30T21:00:00,CAR,NYI,6,4,0,,,,,,,,,"{""indoor"": true}"
NHL-20250330-TOR-ANA-20,NHL,2025-03-31T00:00:00,ANA,TOR,2,3,0,,,,,,,,,"{""indoor"": true}"
NHL-20250330-SJ-LA-22,NHL,2025-03-31T02:00:00,LA,SJ,8,1,0,,,,,,,,,"{""indoor"": true}"
NHL-20250331-MIN-NJ-19,NHL,2025-03-31T23:00:00,NJ,MIN,3,2,0,,,,,,,,,"{""indoor"": true}"
NHL-20250331-NSH-PHI-19,NHL,2025-03-31T23:00:00,PHI,NSH,2,1,0,,,,,,,,,"{""indoor"": true}"
NHL-20250331-CGY-COL-20,NHL,2025-04-01T00:30:00,COL,CGY,2,3,0,,,,,,,,,"{""indoor"": true}"
NHL-20250331-DAL-SEA-22,NHL,2025-04-01T02:00:00,SEA,DAL,1,3,0,,,,,,,,,"{""indoor"": true}"
NHL-20250401-WSH-BOS-19,NHL,2025-04-01T23:00:00,BOS,WSH,3,4,0,,,,,,,,,"{""indoor"": true}"
NHL-20250401-FLA-MTL-19,NHL,2025-04-01T23:00:00,MTL,FLA,3,2,0,,,,,,,,,"{""indoor"": true}"
NHL-20250401-BUF-OTT-19,NHL,2025-04-01T23:00:00,OTT,BUF,2,5,0,,,,,,,,,"{""indoor"": true}"
NHL-20250401-NSH-CBJ-19,NHL,2025-04-01T23:00:00,CBJ,NSH,8,4,0,,,,,,,,,"{""indoor"": true}"
NHL-20250401-TB-NYI-19,NHL,2025-04-01T23:30:00,NYI,TB,1,4,0,,,,,,,,,"{""indoor"": true}"
NHL-20250401-DET-STL-20,NHL,2025-04-02T00:00:00,STL,DET,2,1,0,,,,,,,,,"{""indoor"": true}"
NHL-20250401-CGY-UTAH-21,NHL,2025-04-02T01:00:00,UTAH,CGY,3,1,0,,,,,,,,,"{""indoor"": true}"
NHL-20250401-EDM-VGK-22,NHL,2025-04-02T02:00:00,VGK,EDM,2,3,0,,,,,,,,,"{""indoor"": true}"
NHL-20250401-SJ-ANA-22,NHL,2025-04-02T02:00:00,ANA,SJ,4,3,0,,,,,,,,,"{""indoor"": true}"
NHL-20250401-WPG-LA-22,NHL,2025-04-02T02:30:00,LA,WPG,4,1,0,,,,,,,,,"{""indoor"": true}"
NHL-20250402-MIN-NYR-19,NHL,2025-04-02T23:00:00,NYR,MIN,5,4,0,,,,,,,,,"{""indoor"": true}"
NHL-20250402-WSH-CAR-19,NHL,2025-04-02T23:00:00,CAR,WSH,5,1,0,,,,,,,,,"{""indoor"": true}"
NHL-20250402-FLA-TOR-19,NHL,2025-04-02T23:30:00,TOR,FLA,3,2,0,,,,,,,,,"{""indoor"": true}"
NHL-20250402-COL-CHI-21,NHL,2025-04-03T01:30:00,CHI,COL,2,3,0,,,,,,,,,"{""indoor"": true}"
NHL-20250402-SEA-VAN-22,NHL,2025-04-03T02:30:00,VAN,SEA,0,5,0,,,,,,,,,"{""indoor"": true}"
NHL-20250403-BOS-MTL-19,NHL,2025-04-03T23:00:00,MTL,BOS,4,1,0,,,,,,,,,"{""indoor"": true}"
NHL-20250403-TB-OTT-19,NHL,2025-04-03T23:00:00,OTT,TB,2,1,0,,,,,,,,,"{""indoor"": true}"
NHL-20250403-COL-CBJ-19,NHL,2025-04-03T23:30:00,CBJ,COL,3,7,0,,,,,,,,,"{""indoor"": true}"
NHL-20250403-PIT-STL-20,NHL,2025-04-04T00:00:00,STL,PIT,5,4,0,,,,,,,,,"{""indoor"": true}"
NHL-20250403-NSH-DAL-20,NHL,2025-04-04T00:00:00,DAL,NSH,5,1,0,,,,,,,,,"{""indoor"": true}"
NHL-20250403-LA-UTAH-21,NHL,2025-04-04T01:00:00,UTAH,LA,2,4,0,,,,,,,,,"{""indoor"": true}"
NHL-20250403-ANA-CGY-21,NHL,2025-04-04T01:30:00,CGY,ANA,4,1,0,,,,,,,,,"{""indoor"": true}"
NHL-20250403-WPG-VGK-22,NHL,2025-04-04T02:00:00,VGK,WPG,0,4,0,,,,,,,,,"{""indoor"": true}"
NHL-20250403-EDM-SJ-22,NHL,2025-04-04T02:30:00,SJ,EDM,2,3,0,,,,,,,,,"{""indoor"": true}"
NHL-20250404-CAR-DET-19,NHL,2025-04-04T23:00:00,DET,CAR,5,3,0,,,,,,,,,"{""indoor"": true}"
NHL-20250404-CHI-WSH-19,NHL,2025-04-04T23:00:00,WSH,CHI,5,3,0,,,,,,,,,"{""indoor"": true}"
NHL-20250404-MIN-NYI-19,NHL,2025-04-04T23:30:00,NYI,MIN,3,1,0,,,,,,,,,"{""indoor"": true}"
NHL-20250405-NYR-NJ-12,NHL,2025-04-05T16:30:00,NJ,NYR,4,0,0,,,,,,,,,"{""indoor"": true}"
NHL-20250405-FLA-OTT-14,NHL,2025-04-05T18:00:00,OTT,FLA,3,0,0,,,,,,,,,"{""indoor"": true}"
NHL-20250405-PIT-DAL-15,NHL,2025-04-05T19:00:00,DAL,PIT,3,5,0,,,,,,,,,"{""indoor"": true}"
NHL-20250405-ANA-VAN-16,NHL,2025-04-05T20:00:00,VAN,ANA,6,2,0,,,,,,,,,"{""indoor"": true}"
NHL-20250405-EDM-LA-16,NHL,2025-04-05T20:00:00,LA,EDM,3,0,0,,,,,,,,,"{""indoor"": true}"
NHL-20250405-CAR-BOS-19,NHL,2025-04-05T23:00:00,BOS,CAR,5,1,0,,,,,,,,,"{""indoor"": true}"
NHL-20250405-TB-BUF-19,NHL,2025-04-05T23:00:00,BUF,TB,3,2,0,,,,,,,,,"{""indoor"": true}"
NHL-20250405-CBJ-TOR-19,NHL,2025-04-05T23:00:00,TOR,CBJ,5,0,0,,,,,,,,,"{""indoor"": true}"
NHL-20250405-PHI-MTL-19,NHL,2025-04-05T23:00:00,MTL,PHI,3,2,0,,,,,,,,,"{""indoor"": true}"
NHL-20250405-COL-STL-19,NHL,2025-04-05T23:00:00,STL,COL,5,4,0,,,,,,,,,"{""indoor"": true}"
NHL-20250405-WPG-UTAH-19,NHL,2025-04-05T23:00:00,UTAH,WPG,4,1,0,,,,,,,,,"{""indoor"": true}"
NHL-20250405-VGK-CGY-22,NHL,2025-04-06T02:00:00,CGY,VGK,2,3,0,,,,,,,,,"{""indoor"": true}"
NHL-20250405-SEA-SJ-22,NHL,2025-04-06T02:00:00,SJ,SEA,1,5,0,,,,,,,,,"{""indoor"": true}"
NHL-20250406-WSH-NYI-12,NHL,2025-04-06T16:30:00,NYI,WSH,4,1,0,,,,,,,,,"{""indoor"": true}"
NHL-20250406-DAL-MIN-15,NHL,2025-04-06T19:00:00,MIN,DAL,3,2,0,,,,,,,,,"{""indoor"": true}"
NHL-20250406-CBJ-OTT-17,NHL,2025-04-06T21:00:00,OTT,CBJ,4,0,0,,,,,,,,,"{""indoor"": true}"
NHL-20250406-FLA-DET-17,NHL,2025-04-06T21:30:00,DET,FLA,2,1,0,,,,,,,,,"{""indoor"": true}"
NHL-20250406-BOS-BUF-18,NHL,2025-04-06T22:00:00,BUF,BOS,6,3,0,,,,,,,,,"{""indoor"": true}"
NHL-20250406-PIT-CHI-18,NHL,2025-04-06T22:00:00,CHI,PIT,3,1,0,,,,,,,,,"{""indoor"": true}"
NHL-20250406-MTL-NSH-19,NHL,2025-04-06T23:00:00,NSH,MTL,1,2,0,,,,,,,,,"{""indoor"": true}"
NHL-20250406-VGK-VAN-22,NHL,2025-04-07T02:00:00,VAN,VGK,2,3,0,,,,,,,,,"{""indoor"": true}"
NHL-20250407-TB-NYR-19,NHL,2025-04-07T23:00:00,NYR,TB,1,5,0,,,,,,,,,"{""indoor"": true}"
NHL-20250407-STL-WPG-19,NHL,2025-04-07T23:30:00,WPG,STL,3,1,0,,,,,,,,,"{""indoor"": true}"
NHL-20250407-EDM-ANA-22,NHL,2025-04-08T02:30:00,ANA,EDM,3,2,0,,,,,,,,,"{""indoor"": true}"
NHL-20250407-SEA-LA-22,NHL,2025-04-08T02:30:00,LA,SEA,1,2,0,,,,,,,,,"{""indoor"": true}"
NHL-20250407-CGY-SJ-22,NHL,2025-04-08T02:30:00,SJ,CGY,2,3,0,,,,,,,,,"{""indoor"": true}"
NHL-20250408-CAR-BUF-19,NHL,2025-04-08T23:00:00,BUF,CAR,3,0,0,,,,,,,,,"{""indoor"": true}"
NHL-20250408-DET-MTL-19,NHL,2025-04-08T23:00:00,MTL,DET,4,1,0,,,,,,,,,"{""indoor"": true}"
NHL-20250408-TOR-FLA-19,NHL,2025-04-08T23:00:00,FLA,TOR,3,1,0,,,,,,,,,"{""indoor"": true}"
NHL-20250408-BOS-NJ-19,NHL,2025-04-08T23:00:00,NJ,BOS,2,7,0,,,,,,,,,"{""indoor"": true}"
NHL-20250408-OTT-CBJ-19,NHL,2025-04-08T23:00:00,CBJ,OTT,5,2,0,,,,,,,,,"{""indoor"": true}"
NHL-20250408-CHI-PIT-19,NHL,2025-04-08T23:00:00,PIT,CHI,5,0,0,,,,,,,,,"{""indoor"": true}"
NHL-20250408-NYI-NSH-20,NHL,2025-04-09T00:00:00,NSH,NYI,7,6,0,,,,,,,,,"{""indoor"": true}"
NHL-20250408-VAN-DAL-20,NHL,2025-04-09T00:00:00,DAL,VAN,5,6,0,,,,,,,,,"{""indoor"": true}"
NHL-20250408-SEA-UTAH-21,NHL,2025-04-09T01:00:00,UTAH,SEA,7,1,0,,,,,,,,,"{""indoor"": true}"
NHL-20250408-VGK-COL-21,NHL,2025-04-09T01:30:00,COL,VGK,3,2,0,,,,,,,,,"{""indoor"": true}"
NHL-20250409-TOR-TB-19,NHL,2025-04-09T23:00:00,TB,TOR,3,4,0,,,,,,,,,"{""indoor"": true}"
NHL-20250409-PHI-NYR-19,NHL,2025-04-09T23:30:00,NYR,PHI,5,8,0,,,,,,,,,"{""indoor"": true}"
NHL-20250409-SJ-MIN-20,NHL,2025-04-10T00:00:00,MIN,SJ,8,7,0,,,,,,,,,"{""indoor"": true}"
NHL-20250409-STL-EDM-22,NHL,2025-04-10T02:00:00,EDM,STL,4,3,0,,,,,,,,,"{""indoor"": true}"
NHL-20250409-CGY-ANA-22,NHL,2025-04-10T02:00:00,ANA,CGY,4,3,0,,,,,,,,,"{""indoor"": true}"
NHL-20250410-CHI-BOS-19,NHL,2025-04-10T23:00:00,BOS,CHI,2,5,0,,,,,,,,,"{""indoor"": true}"
NHL-20250410-DET-FLA-19,NHL,2025-04-10T23:00:00,FLA,DET,4,1,0,,,,,,,,,"{""indoor"": true}"
NHL-20250410-BUF-CBJ-19,NHL,2025-04-10T23:00:00,CBJ,BUF,3,2,0,,,,,,,,,"{""indoor"": true}"
NHL-20250410-CAR-WSH-19,NHL,2025-04-10T23:30:00,WSH,CAR,5,4,0,,,,,,,,,"{""indoor"": true}"
NHL-20250410-NYR-NYI-19,NHL,2025-04-10T23:30:00,NYI,NYR,2,9,0,,,,,,,,,"{""indoor"": true}"
NHL-20250410-WPG-DAL-20,NHL,2025-04-11T00:00:00,DAL,WPG,0,4,0,,,,,,,,,"{""indoor"": true}"
NHL-20250410-VAN-COL-21,NHL,2025-04-11T01:00:00,COL,VAN,1,4,0,,,,,,,,,"{""indoor"": true}"
NHL-20250410-NSH-UTAH-21,NHL,2025-04-11T01:00:00,UTAH,NSH,3,4,0,,,,,,,,,"{""indoor"": true}"
NHL-20250410-SEA-VGK-22,NHL,2025-04-11T02:00:00,VGK,SEA,2,1,0,,,,,,,,,"{""indoor"": true}"
NHL-20250410-ANA-LA-22,NHL,2025-04-11T02:00:00,LA,ANA,6,1,0,,,,,,,,,"{""indoor"": true}"
NHL-20250411-MTL-OTT-19,NHL,2025-04-11T23:00:00,OTT,MTL,5,2,0,,,,,,,,,"{""indoor"": true}"
NHL-20250411-DET-TB-19,NHL,2025-04-11T23:00:00,TB,DET,3,4,0,,,,,,,,,"{""indoor"": true}"
NHL-20250411-PIT-NJ-19,NHL,2025-04-11T23:00:00,NJ,PIT,2,4,0,,,,,,,,,"{""indoor"": true}"
NHL-20250411-SJ-EDM-21,NHL,2025-04-12T01:30:00,EDM,SJ,4,2,0,,,,,,,,,"{""indoor"": true}"
NHL-20250411-MIN-CGY-22,NHL,2025-04-12T02:00:00,CGY,MIN,4,2,0,,,,,,,,,"{""indoor"": true}"
NHL-20250412-NYI-PHI-12,NHL,2025-04-12T16:30:00,PHI,NYI,4,3,0,,,,,,,,,"{""indoor"": true}"
NHL-20250412-WSH-CBJ-12,NHL,2025-04-12T16:30:00,CBJ,WSH,7,0,0,,,,,,,,,"{""indoor"": true}"
NHL-20250412-NYR-CAR-15,NHL,2025-04-12T19:00:00,CAR,NYR,7,3,0,,,,,,,,,"{""indoor"": true}"
NHL-20250412-COL-LA-16,NHL,2025-04-12T20:00:00,LA,COL,5,4,0,,,,,,,,,"{""indoor"": true}"
NHL-20250412-BUF-FLA-18,NHL,2025-04-12T22:00:00,FLA,BUF,3,2,0,,,,,,,,,"{""indoor"": true}"
NHL-20250412-MTL-TOR-19,NHL,2025-04-12T23:00:00,TOR,MTL,1,0,0,,,,,,,,,"{""indoor"": true}"
NHL-20250412-WPG-CHI-19,NHL,2025-04-12T23:00:00,CHI,WPG,4,5,0,,,,,,,,,"{""indoor"": true}"
NHL-20250412-UTAH-DAL-20,NHL,2025-04-13T00:00:00,DAL,UTAH,3,5,0,,,,,,,,,"{""indoor"": true}"
NHL-20250412-MIN-VAN-22,NHL,2025-04-13T02:00:00,VAN,MIN,2,3,0,,,,,,,,,"{""indoor"": true}"
NHL-20250412-NSH-VGK-22,NHL,2025-04-13T02:00:00,VGK,NSH,5,3,0,,,,,,,,,"{""indoor"": true}"
NHL-20250412-STL-SEA-22,NHL,2025-04-13T02:00:00,SEA,STL,4,3,0,,,,,,,,,"{""indoor"": true}"
NHL-20250413-PHI-OTT-13,NHL,2025-04-13T17:00:00,OTT,PHI,4,3,0,,,,,,,,,"{""indoor"": true}"
NHL-20250413-NYI-NJ-13,NHL,2025-04-13T17:00:00,NJ,NYI,0,1,0,,,,,,,,,"{""indoor"": true}"
NHL-20250413-BOS-PIT-15,NHL,2025-04-13T19:30:00,PIT,BOS,1,4,0,,,,,,,,,"{""indoor"": true}"
NHL-20250413-TOR-CAR-17,NHL,2025-04-13T21:00:00,CAR,TOR,1,4,0,,,,,,,,,"{""indoor"": true}"
NHL-20250413-BUF-TB-18,NHL,2025-04-13T22:00:00,TB,BUF,7,4,0,,,,,,,,,"{""indoor"": true}"
NHL-20250413-CBJ-WSH-18,NHL,2025-04-13T22:00:00,WSH,CBJ,1,4,0,,,,,,,,,"{""indoor"": true}"
NHL-20250413-EDM-WPG-19,NHL,2025-04-13T23:00:00,WPG,EDM,1,4,0,,,,,,,,,"{""indoor"": true}"
NHL-20250413-SJ-CGY-20,NHL,2025-04-14T00:00:00,CGY,SJ,5,2,0,,,,,,,,,"{""indoor"": true}"
NHL-20250413-COL-ANA-22,NHL,2025-04-14T02:00:00,ANA,COL,2,4,0,,,,,,,,,"{""indoor"": true}"
NHL-20250414-CHI-MTL-19,NHL,2025-04-14T23:00:00,MTL,CHI,3,4,0,,,,,,,,,"{""indoor"": true}"
NHL-20250414-DAL-DET-19,NHL,2025-04-14T23:00:00,DET,DAL,6,4,0,,,,,,,,,"{""indoor"": true}"
NHL-20250414-NYR-FLA-19,NHL,2025-04-14T23:00:00,FLA,NYR,3,5,0,,,,,,,,,"{""indoor"": true}"
NHL-20250414-UTAH-NSH-20,NHL,2025-04-15T00:00:00,NSH,UTAH,3,7,0,,,,,,,,,"{""indoor"": true}"
NHL-20250414-LA-EDM-22,NHL,2025-04-15T02:00:00,EDM,LA,0,5,0,,,,,,,,,"{""indoor"": true}"
NHL-20250414-SJ-VAN-22,NHL,2025-04-15T02:00:00,VAN,SJ,2,1,0,,,,,,,,,"{""indoor"": true}"
NHL-20250415-NJ-BOS-19,NHL,2025-04-15T23:00:00,BOS,NJ,4,5,0,,,,,,,,,"{""indoor"": true}"
NHL-20250415-TOR-BUF-19,NHL,2025-04-15T23:00:00,BUF,TOR,0,4,0,,,,,,,,,"{""indoor"": true}"
NHL-20250415-CHI-OTT-19,NHL,2025-04-15T23:00:00,OTT,CHI,3,4,0,,,,,,,,,"{""indoor"": true}"
NHL-20250415-CBJ-PHI-19,NHL,2025-04-15T23:00:00,PHI,CBJ,0,3,0,,,,,,,,,"{""indoor"": true}"
NHL-20250415-FLA-TB-19,NHL,2025-04-15T23:30:00,TB,FLA,5,1,0,,,,,,,,,"{""indoor"": true}"
NHL-20250415-WSH-NYI-19,NHL,2025-04-15T23:30:00,NYI,WSH,1,3,0,,,,,,,,,"{""indoor"": true}"
NHL-20250415-UTAH-STL-20,NHL,2025-04-16T00:00:00,STL,UTAH,6,1,0,,,,,,,,,"{""indoor"": true}"
NHL-20250415-ANA-MIN-20,NHL,2025-04-16T00:00:00,MIN,ANA,3,2,0,,,,,,,,,"{""indoor"": true}"
NHL-20250415-VGK-CGY-21,NHL,2025-04-16T01:00:00,CGY,VGK,5,4,0,,,,,,,,,"{""indoor"": true}"
NHL-20250415-LA-SEA-22,NHL,2025-04-16T02:30:00,SEA,LA,5,6,0,,,,,,,,,"{""indoor"": true}"
NHL-20250416-CAR-MTL-19,NHL,2025-04-16T23:00:00,MTL,CAR,4,2,0,,,,,,,,,"{""indoor"": true}"
NHL-20250416-ANA-WPG-19,NHL,2025-04-16T23:00:00,WPG,ANA,2,1,0,,,,,,,,,"{""indoor"": true}"
NHL-20250416-DET-NJ-19,NHL,2025-04-16T23:30:00,NJ,DET,2,5,0,,,,,,,,,"{""indoor"": true}"
NHL-20250416-DAL-NSH-20,NHL,2025-04-17T00:00:00,NSH,DAL,5,1,0,,,,,,,,,"{""indoor"": true}"
NHL-20250416-VGK-VAN-22,NHL,2025-04-17T02:00:00,VAN,VGK,1,4,0,,,,,,,,,"{""indoor"": true}"
NHL-20250416-EDM-SJ-22,NHL,2025-04-17T02:30:00,SJ,EDM,0,3,0,,,,,,,,,"{""indoor"": true}"
NHL-20250417-PHI-BUF-19,NHL,2025-04-17T23:00:00,BUF,PHI,5,4,0,,,,,,,,,"{""indoor"": true}"
NHL-20250417-DET-TOR-19,NHL,2025-04-17T23:00:00,TOR,DET,4,3,0,,,,,,,,,"{""indoor"": true}"
NHL-20250417-CAR-OTT-19,NHL,2025-04-17T23:00:00,OTT,CAR,7,5,0,,,,,,,,,"{""indoor"": true}"
NHL-20250417-TB-NYR-19,NHL,2025-04-17T23:00:00,NYR,TB,4,0,0,,,,,,,,,"{""indoor"": true}"
NHL-20250417-WSH-PIT-19,NHL,2025-04-17T23:00:00,PIT,WSH,5,2,0,,,,,,,,,"{""indoor"": true}"
NHL-20250417-NYI-CBJ-19,NHL,2025-04-17T23:00:00,CBJ,NYI,6,1,0,,,,,,,,,"{""indoor"": true}"
NHL-20250417-CGY-LA-21,NHL,2025-04-18T01:30:00,LA,CGY,1,5,0,,,,,,,,,"{""indoor"": true}"
NHL-20250419-STL-WPG-18,NHL,2025-04-19T22:00:00,WPG,STL,5,3,0,,,,,,,,,"{""indoor"": true}"
NHL-20250419-COL-DAL-20,NHL,2025-04-20T00:30:00,DAL,COL,1,5,0,,,,,,,,,"{""indoor"": true}"
NHL-20250420-NJ-CAR-15,NHL,2025-04-20T19:00:00,CAR,NJ,4,1,0,,,,,,,,,"{""indoor"": true}"
NHL-20250420-OTT-TOR-19,NHL,2025-04-20T23:00:00,TOR,OTT,6,2,0,,,,,,,,,"{""indoor"": true}"
NHL-20250420-MIN-VGK-22,NHL,2025-04-21T02:00:00,VGK,MIN,4,2,0,,,,,,,,,"{""indoor"": true}"
NHL-20250421-MTL-WSH-19,NHL,2025-04-21T23:00:00,WSH,MTL,3,2,0,,,,,,,,,"{""indoor"": true}"
NHL-20250421-STL-WPG-19,NHL,2025-04-21T23:30:00,WPG,STL,2,1,0,,,,,,,,,"{""indoor"": true}"
NHL-20250421-COL-DAL-21,NHL,2025-04-22T01:52:00,DAL,COL,4,3,0,,,,,,,,,"{""indoor"": true}"
NHL-20250421-EDM-LA-22,NHL,2025-04-22T02:22:00,LA,EDM,6,5,0,,,,,,,,,"{""indoor"": true}"
NHL-20250422-NJ-CAR-18,NHL,2025-04-22T22:00:00,CAR,NJ,3,1,0,,,,,,,,,"{""indoor"": true}"
NHL-20250422-OTT-TOR-19,NHL,2025-04-22T23:30:00,TOR,OTT,3,2,0,,,,,,,,,"{""indoor"": true}"
NHL-20250422-FLA-TB-20,NHL,2025-04-23T00:48:00,TB,FLA,2,6,0,,,,,,,,,"{""indoor"": true}"
NHL-20250422-MIN-VGK-23,NHL,2025-04-23T03:15:00,VGK,MIN,2,5,0,,,,,,,,,"{""indoor"": true}"
NHL-20250423-MTL-WSH-19,NHL,2025-04-23T23:00:00,WSH,MTL,3,1,0,,,,,,,,,"{""indoor"": true}"
NHL-20250423-DAL-COL-21,NHL,2025-04-24T01:52:00,COL,DAL,1,2,0,,,,,,,,,"{""indoor"": true}"
NHL-20250423-EDM-LA-22,NHL,2025-04-24T02:00:00,LA,EDM,6,2,0,,,,,,,,,"{""indoor"": true}"
NHL-20250424-FLA-TB-18,NHL,2025-04-24T22:30:00,TB,FLA,0,2,0,,,,,,,,,"{""indoor"": true}"
NHL-20250424-TOR-OTT-19,NHL,2025-04-24T23:00:00,OTT,TOR,2,3,0,,,,,,,,,"{""indoor"": true}"
NHL-20250424-VGK-MIN-21,NHL,2025-04-25T01:00:00,MIN,VGK,5,2,0,,,,,,,,,"{""indoor"": true}"
NHL-20250424-WPG-STL-21,NHL,2025-04-25T01:30:00,STL,WPG,7,2,0,,,,,,,,,"{""indoor"": true}"
NHL-20250425-WSH-MTL-19,NHL,2025-04-25T23:00:00,MTL,WSH,6,3,0,,,,,,,,,"{""indoor"": true}"
NHL-20250425-CAR-NJ-20,NHL,2025-04-26T00:00:00,NJ,CAR,3,2,0,,,,,,,,,"{""indoor"": true}"
NHL-20250425-LA-EDM-22,NHL,2025-04-26T02:00:00,EDM,LA,7,4,0,,,,,,,,,"{""indoor"": true}"
NHL-20250426-TB-FLA-13,NHL,2025-04-26T17:00:00,FLA,TB,1,5,0,,,,,,,,,"{""indoor"": true}"
NHL-20250426-VGK-MIN-16,NHL,2025-04-26T20:00:00,MIN,VGK,3,4,0,,,,,,,,,"{""indoor"": true}"
NHL-20250426-TOR-OTT-19,NHL,2025-04-26T23:00:00,OTT,TOR,4,3,0,,,,,,,,,"{""indoor"": true}"
NHL-20250426-DAL-COL-21,NHL,2025-04-27T01:30:00,COL,DAL,4,0,0,,,,,,,,,"{""indoor"": true}"
NHL-20250427-WPG-STL-13,NHL,2025-04-27T17:00:00,STL,WPG,5,1,0,,,,,,,,,"{""indoor"": true}"
NHL-20250427-CAR-NJ-15,NHL,2025-04-27T19:50:00,NJ,CAR,2,5,0,,,,,,,,,"{""indoor"": true}"
NHL-20250427-WSH-MTL-18,NHL,2025-04-27T22:30:00,MTL,WSH,2,5,0,,,,,,,,,"{""indoor"": true}"
NHL-20250427-LA-EDM-21,NHL,2025-04-28T01:30:00,EDM,LA,4,3,0,,,,,,,,,"{""indoor"": true}"
NHL-20250428-TB-FLA-19,NHL,2025-04-28T23:00:00,FLA,TB,4,2,0,,,,,,,,,"{""indoor"": true}"
NHL-20250428-COL-DAL-21,NHL,2025-04-29T01:50:00,DAL,COL,6,2,0,,,,,,,,,"{""indoor"": true}"
NHL-20250429-OTT-TOR-19,NHL,2025-04-29T23:00:00,TOR,OTT,0,4,0,,,,,,,,,"{""indoor"": true}"
NHL-20250429-NJ-CAR-19,NHL,2025-04-29T23:30:00,CAR,NJ,5,4,0,,,,,,,,,"{""indoor"": true}"
NHL-20250429-MIN-VGK-21,NHL,2025-04-30T01:30:00,VGK,MIN,3,2,0,,,,,,,,,"{""indoor"": true}"
NHL-20250429-EDM-LA-22,NHL,2025-04-30T02:00:00,LA,EDM,1,3,0,,,,,,,,,"{""indoor"": true}"
NHL-20250430-MTL-WSH-19,NHL,2025-04-30T23:00:00,WSH,MTL,4,1,0,,,,,,,,,"{""indoor"": true}"
NHL-20250430-FLA-TB-19,NHL,2025-04-30T23:30:00,TB,FLA,3,6,0,,,,,,,,,"{""indoor"": true}"
NHL-20250430-STL-WPG-21,NHL,2025-05-01T01:52:00,WPG,STL,5,3,0,,,,,,,,,"{""indoor"": true}"
NHL-20250501-TOR-OTT-19,NHL,2025-05-01T23:00:00,OTT,TOR,2,4,0,,,,,,,,,"{""indoor"": true}"
NHL-20250501-VGK-MIN-19,NHL,2025-05-01T23:30:00,MIN,VGK,2,3,0,,,,,,,,,"{""indoor"": true}"
NHL-20250501-DAL-COL-21,NHL,2025-05-02T01:30:00,COL,DAL,7,4,0,,,,,,,,,"{""indoor"": true}"
NHL-20250501-LA-EDM-22,NHL,2025-05-02T02:00:00,EDM,LA,6,4,0,,,,,,,,,"{""indoor"": true}"
NHL-20250502-WPG-STL-20,NHL,2025-05-03T00:00:00,STL,WPG,5,2,0,,,,,,,,,"{""indoor"": true}"
NHL-20250503-COL-DAL-20,NHL,2025-05-04T00:00:00,DAL,COL,4,2,0,,,,,,,,,"{""indoor"": true}"
NHL-20250504-STL-WPG-19,NHL,2025-05-04T23:00:00,WPG,STL,4,3,0,,,,,,,,,"{""indoor"": true}"
NHL-20250505-FLA-TOR-20,NHL,2025-05-06T00:00:00,TOR,FLA,5,4,0,,,,,,,,,"{""indoor"": true}"
NHL-20250506-CAR-WSH-19,NHL,2025-05-06T23:00:00,WSH,CAR,1,2,0,,,,,,,,,"{""indoor"": true}"
NHL-20250506-EDM-VGK-21,NHL,2025-05-07T01:30:00,VGK,EDM,2,4,0,,,,,,,,,"{""indoor"": true}"
NHL-20250507-FLA-TOR-19,NHL,2025-05-07T23:00:00,TOR,FLA,4,3,0,,,,,,,,,"{""indoor"": true}"
NHL-20250507-DAL-WPG-21,NHL,2025-05-08T01:30:00,WPG,DAL,2,3,0,,,,,,,,,"{""indoor"": true}"
NHL-20250508-CAR-WSH-19,NHL,2025-05-08T23:00:00,WSH,CAR,3,1,0,,,,,,,,,"{""indoor"": true}"
NHL-20250508-EDM-VGK-21,NHL,2025-05-09T01:50:00,VGK,EDM,4,5,0,,,,,,,,,"{""indoor"": true}"
NHL-20250509-TOR-FLA-19,NHL,2025-05-09T23:00:00,FLA,TOR,5,4,0,,,,,,,,,"{""indoor"": true}"
NHL-20250509-DAL-WPG-21,NHL,2025-05-10T01:50:00,WPG,DAL,4,0,0,,,,,,,,,"{""indoor"": true}"
NHL-20250510-WSH-CAR-18,NHL,2025-05-10T22:00:00,CAR,WSH,4,0,0,,,,,,,,,"{""indoor"": true}"
NHL-20250510-VGK-EDM-21,NHL,2025-05-11T01:00:00,EDM,VGK,3,4,0,,,,,,,,,"{""indoor"": true}"
NHL-20250511-WPG-DAL-16,NHL,2025-05-11T20:30:00,DAL,WPG,5,2,0,,,,,,,,,"{""indoor"": true}"
NHL-20250511-TOR-FLA-19,NHL,2025-05-11T23:30:00,FLA,TOR,2,0,0,,,,,,,,,"{""indoor"": true}"
NHL-20250512-WSH-CAR-19,NHL,2025-05-12T23:00:00,CAR,WSH,5,2,0,,,,,,,,,"{""indoor"": true}"
NHL-20250512-VGK-EDM-21,NHL,2025-05-13T01:30:00,EDM,VGK,3,0,0,,,,,,,,,"{""indoor"": true}"
NHL-20250513-WPG-DAL-20,NHL,2025-05-14T00:00:00,DAL,WPG,3,1,0,,,,,,,,,"{""indoor"": true}"
NHL-20250514-FLA-TOR-19,NHL,2025-05-14T23:00:00,TOR,FLA,1,6,0,,,,,,,,,"{""indoor"": true}"
NHL-20250514-EDM-VGK-21,NHL,2025-05-15T01:30:00,VGK,EDM,0,1,0,,,,,,,,,"{""indoor"": true}"
NHL-20250515-CAR-WSH-19,NHL,2025-05-15T23:00:00,WSH,CAR,1,3,0,,,,,,,,,"{""indoor"": true}"
NHL-20250515-DAL-WPG-21,NHL,2025-05-16T01:30:00,WPG,DAL,4,0,0,,,,,,,,,"{""indoor"": true}"
NHL-20250516-TOR-FLA-20,NHL,2025-05-17T00:00:00,FLA,TOR,0,2,0,,,,,,,,,"{""indoor"": true}"
NHL-20250517-WPG-DAL-20,NHL,2025-05-18T00:00:00,DAL,WPG,2,1,0,,,,,,,,,"{""indoor"": true}"
NHL-20250518-FLA-TOR-19,NHL,2025-05-18T23:30:00,TOR,FLA,1,6,0,,,,,,,,,"{""indoor"": true}"
NHL-20250520-FLA-CAR-20,NHL,2025-05-21T00:00:00,CAR,FLA,2,5,0,,,,,,,,,"{""indoor"": true}"
NHL-20250521-EDM-DAL-20,NHL,2025-05-22T00:00:00,DAL,EDM,6,3,0,,,,,,,,,"{""indoor"": true}"
NHL-20250522-FLA-CAR-20,NHL,2025-05-23T00:00:00,CAR,FLA,0,5,0,,,,,,,,,"{""indoor"": true}"
NHL-20250523-EDM-DAL-20,NHL,2025-05-24T00:00:00,DAL,EDM,0,3,0,,,,,,,,,"{""indoor"": true}"
NHL-20250524-CAR-FLA-20,NHL,2025-05-25T00:00:00,FLA,CAR,6,2,0,,,,,,,,,"{""indoor"": true}"
NHL-20250525-DAL-EDM-15,NHL,2025-05-25T19:00:00,EDM,DAL,6,1,0,,,,,,,,,"{""indoor"": true}"
NHL-20250526-CAR-FLA-20,NHL,2025-05-27T00:00:00,FLA,CAR,0,3,0,,,,,,,,,"{""indoor"": true}"
NHL-20250527-DAL-EDM-20,NHL,2025-05-28T00:00:00,EDM,DAL,4,1,0,,,,,,,,,"{""indoor"": true}"
NHL-20250528-FLA-CAR-20,NHL,2025-05-29T00:00:00,CAR,FLA,3,5,0,,,,,,,,,"{""indoor"": true}"
NHL-20250529-EDM-DAL-20,NHL,2025-05-30T00:00:00,DAL,EDM,3,6,0,,,,,,,,,"{""indoor"": true}"
NHL-20250604-FLA-EDM-20,NHL,2025-06-05T00:00:00,EDM,FLA,4,3,0,,,,,,,,,"{""indoor"": true}"
NHL-20250606-FLA-EDM-20,NHL,2025-06-07T00:00:00,EDM,FLA,4,5,0,,,,,,,,,"{""indoor"": true}"
NHL-20250609-EDM-FLA-20,NHL,2025-06-10T00:00:00,FLA,EDM,6,1,0,,,,,,,,,"{""indoor"": true}"
NHL-20250612-EDM-FLA-20,NHL,2025-06-13T00:00:00,FLA,EDM,4,5,0,,,,,,,,,"{""indoor"": true}"
NHL-20250614-FLA-EDM-20,NHL,2025-06-15T00:00:00,EDM,FLA,2,5,0,,,,,,,,,"{""indoor"": true}"
NHL-20250617-EDM-FLA-20,NHL,2025-06-18T00:00:00,FLA,EDM,5,1,0,,,,,,,,,"{""indoor"": true}"
NHL-20251007-CHI-FLA-17,NHL,2025-10-07T21:00:00,FLA,CHI,3,2,0,,,,,,,,,"{""indoor"": true}"
NHL-20251007-PIT-NYR-20,NHL,2025-10-08T00:00:00,NYR,PIT,0,3,0,,,,,,,,,"{""indoor"": true}"
NHL-20251007-COL-LA-22,NHL,2025-10-08T02:30:00,LA,COL,1,4,0,,,,,,,,,"{""indoor"": true}"
NHL-20251008-MTL-TOR-19,NHL,2025-10-08T23:00:00,TOR,MTL,5,2,0,,,,,,,,,"{""indoor"": true}"
NHL-20251008-BOS-WSH-19,NHL,2025-10-08T23:30:00,WSH,BOS,1,3,0,,,,,,,,,"{""indoor"": true}"
NHL-20251008-CGY-EDM-22,NHL,2025-10-09T02:00:00,EDM,CGY,3,4,0,,,,,,,,,"{""indoor"": true}"
NHL-20251008-LA-VGK-22,NHL,2025-10-09T02:00:00,VGK,LA,5,6,0,,,,,,,,,"{""indoor"": true}"
NHL-20251009-CHI-BOS-19,NHL,2025-10-09T23:00:00,BOS,CHI,4,3,0,,,,,,,,,"{""indoor"": true}"
NHL-20251009-NYR-BUF-19,NHL,2025-10-09T23:00:00,BUF,NYR,0,4,0,,,,,,,,,"{""indoor"": true}"
NHL-20251009-MTL-DET-19,NHL,2025-10-09T23:00:00,DET,MTL,1,5,0,,,,,,,,,"{""indoor"": true}"
NHL-20251009-OTT-TB-19,NHL,2025-10-09T23:00:00,TB,OTT,4,5,0,,,,,,,,,"{""indoor"": true}"
NHL-20251009-PHI-FLA-19,NHL,2025-10-09T23:00:00,FLA,PHI,2,1,0,,,,,,,,,"{""indoor"": true}"
NHL-20251009-NYI-PIT-19,NHL,2025-10-09T23:00:00,PIT,NYI,4,3,0,,,,,,,,,"{""indoor"": true}"
NHL-20251009-NJ-CAR-19,NHL,2025-10-09T23:30:00,CAR,NJ,6,3,0,,,,,,,,,"{""indoor"": true}"
NHL-20251009-MIN-STL-20,NHL,2025-10-10T00:00:00,STL,MIN,0,5,0,,,,,,,,,"{""indoor"": true}"
NHL-20251009-CBJ-NSH-20,NHL,2025-10-10T00:00:00,NSH,CBJ,2,1,0,,,,,,,,,"{""indoor"": true}"
NHL-20251009-DAL-WPG-20,NHL,2025-10-10T00:00:00,WPG,DAL,4,5,0,,,,,,,,,"{""indoor"": true}"
NHL-20251009-UTAH-COL-21,NHL,2025-10-10T01:00:00,COL,UTAH,2,1,0,,,,,,,,,"{""indoor"": true}"
NHL-20251009-CGY-VAN-22,NHL,2025-10-10T02:00:00,VAN,CGY,5,1,0,,,,,,,,,"{""indoor"": true}"
NHL-20251009-VGK-SJ-22,NHL,2025-10-10T02:00:00,SJ,VGK,3,4,0,,,,,,,,,"{""indoor"": true}"
NHL-20251009-ANA-SEA-22,NHL,2025-10-10T02:00:00,SEA,ANA,3,1,0,,,,,,,,,"{""indoor"": true}"
NHL-20251011-LA-WPG-13,NHL,2025-10-11T17:30:00,WPG,LA,3,2,0,,,,,,,,,"{""indoor"": true}"
NHL-20251011-STL-CGY-16,NHL,2025-10-11T20:00:00,CGY,STL,2,4,0,,,,,,,,,"{""indoor"": true}"
NHL-20251011-BUF-BOS-19,NHL,2025-10-11T23:00:00,BOS,BUF,3,1,0,,,,,,,,,"{""indoor"": true}"
NHL-20251011-TOR-DET-19,NHL,2025-10-11T23:00:00,DET,TOR,6,3,0,,,,,,,,,"{""indoor"": true}"
NHL-20251011-NJ-TB-19,NHL,2025-10-11T23:00:00,TB,NJ,3,5,0,,,,,,,,,"{""indoor"": true}"
NHL-20251011-OTT-FLA-19,NHL,2025-10-11T23:00:00,FLA,OTT,6,2,0,,,,,,,,,"{""indoor"": true}"
NHL-20251011-WSH-NYI-19,NHL,2025-10-11T23:00:00,NYI,WSH,2,4,0,,,,,,,,,"{""indoor"": true}"
NHL-20251011-NYR-PIT-19,NHL,2025-10-11T23:00:00,PIT,NYR,1,6,0,,,,,,,,,"{""indoor"": true}"
NHL-20251011-PHI-CAR-19,NHL,2025-10-11T23:00:00,CAR,PHI,4,3,0,,,,,,,,,"{""indoor"": true}"
NHL-20251011-MTL-CHI-19,NHL,2025-10-11T23:00:00,CHI,MTL,2,3,0,,,,,,,,,"{""indoor"": true}"
NHL-20251011-UTAH-NSH-20,NHL,2025-10-12T00:00:00,NSH,UTAH,2,3,0,,,,,,,,,"{""indoor"": true}"
NHL-20251011-CBJ-MIN-20,NHL,2025-10-12T00:00:00,MIN,CBJ,4,7,0,,,,,,,,,"{""indoor"": true}"
NHL-20251011-DAL-COL-21,NHL,2025-10-12T01:00:00,COL,DAL,4,5,0,,,,,,,,,"{""indoor"": true}"
NHL-20251011-VAN-EDM-22,NHL,2025-10-12T02:00:00,EDM,VAN,3,1,0,,,,,,,,,"{""indoor"": true}"
NHL-20251011-ANA-SJ-22,NHL,2025-10-12T02:00:00,SJ,ANA,6,7,0,,,,,,,,,"{""indoor"": true}"
NHL-20251011-VGK-SEA-22,NHL,2025-10-12T02:00:00,SEA,VGK,2,1,0,,,,,,,,,"{""indoor"": true}"
NHL-20251012-WSH-NYR-19,NHL,2025-10-12T23:00:00,NYR,WSH,0,1,0,,,,,,,,,"{""indoor"": true}"
NHL-20251013-COL-BUF-12,NHL,2025-10-13T16:30:00,BUF,COL,1,3,0,,,,,,,,,"{""indoor"": true}"
NHL-20251013-TB-BOS-13,NHL,2025-10-13T17:00:00,BOS,TB,3,4,0,,,,,,,,,"{""indoor"": true}"
NHL-20251013-NSH-OTT-13,NHL,2025-10-13T17:00:00,OTT,NSH,1,4,0,,,,,,,,,"{""indoor"": true}"
NHL-20251013-WPG-NYI-13,NHL,2025-10-13T17:00:00,NYI,WPG,2,5,0,,,,,,,,,"{""indoor"": true}"
NHL-20251013-DET-TOR-14,NHL,2025-10-13T18:00:00,TOR,DET,2,3,0,,,,,,,,,"{""indoor"": true}"
NHL-20251013-FLA-PHI-19,NHL,2025-10-13T23:00:00,PHI,FLA,5,2,0,,,,,,,,,"{""indoor"": true}"
NHL-20251013-NJ-CBJ-19,NHL,2025-10-13T23:00:00,CBJ,NJ,2,3,0,,,,,,,,,"{""indoor"": true}"
NHL-20251013-STL-VAN-19,NHL,2025-10-13T23:30:00,VAN,STL,2,5,0,,,,,,,,,"{""indoor"": true}"
NHL-20251013-LA-MIN-20,NHL,2025-10-14T00:00:00,MIN,LA,4,3,0,,,,,,,,,"{""indoor"": true}"
NHL-20251013-UTAH-CHI-20,NHL,2025-10-14T00:30:00,CHI,UTAH,3,1,0,,,,,,,,,"{""indoor"": true}"
NHL-20251014-NSH-TOR-19,NHL,2025-10-14T23:00:00,TOR,NSH,7,4,0,,,,,,,,,"{""indoor"": true}"
NHL-20251014-SEA-MTL-19,NHL,2025-10-14T23:00:00,MTL,SEA,5,4,0,,,,,,,,,"{""indoor"": true}"
NHL-20251014-EDM-NYR-19,NHL,2025-10-14T23:00:00,NYR,EDM,0,2,0,,,,,,,,,"{""indoor"": true}"
NHL-20251014-TB-WSH-19,NHL,2025-10-14T23:00:00,WSH,TB,3,2,0,,,,,,,,,"{""indoor"": true}"
NHL-20251014-VGK-CGY-21,NHL,2025-10-15T01:00:00,CGY,VGK,2,4,0,,,,,,,,,"{""indoor"": true}"
NHL-20251014-MIN-DAL-21,NHL,2025-10-15T01:50:00,DAL,MIN,5,2,0,,,,,,,,,"{""indoor"": true}"
NHL-20251014-CAR-SJ-22,NHL,2025-10-15T02:00:00,SJ,CAR,1,5,0,,,,,,,,,"{""indoor"": true}"
NHL-20251014-PIT-ANA-22,NHL,2025-10-15T02:30:00,ANA,PIT,4,3,0,,,,,,,,,"{""indoor"": true}"
NHL-20251015-OTT-BUF-19,NHL,2025-10-15T23:00:00,BUF,OTT,8,4,0,,,,,,,,,"{""indoor"": true}"
NHL-20251015-FLA-DET-19,NHL,2025-10-15T23:00:00,DET,FLA,4,1,0,,,,,,,,,"{""indoor"": true}"
NHL-20251015-CHI-STL-21,NHL,2025-10-16T01:30:00,STL,CHI,3,8,0,,,,,,,,,"{""indoor"": true}"
NHL-20251015-CGY-UTAH-21,NHL,2025-10-16T01:30:00,UTAH,CGY,3,1,0,,,,,,,,,"{""indoor"": true}"
NHL-20251016-NYR-TOR-19,NHL,2025-10-16T23:00:00,TOR,NYR,2,1,0,,,,,,,,,"{""indoor"": true}"
NHL-20251016-NSH-MTL-19,NHL,2025-10-16T23:00:00,MTL,NSH,3,2,0,,,,,,,,,"{""indoor"": true}"
NHL-20251016-SEA-OTT-19,NHL,2025-10-16T23:00:00,OTT,SEA,4,3,0,,,,,,,,,"{""indoor"": true}"
NHL-20251016-FLA-NJ-19,NHL,2025-10-16T23:00:00,NJ,FLA,3,1,0,,,,,,,,,"{""indoor"": true}"
NHL-20251016-WPG-PHI-19,NHL,2025-10-16T23:00:00,PHI,WPG,2,5,0,,,,,,,,,"{""indoor"": true}"
NHL-20251016-COL-CBJ-19,NHL,2025-10-16T23:00:00,CBJ,COL,1,4,0,,,,,,,,,"{""indoor"": true}"
NHL-20251016-EDM-NYI-19,NHL,2025-10-16T23:30:00,NYI,EDM,4,2,0,,,,,,,,,"{""indoor"": true}"
NHL-20251016-VAN-DAL-20,NHL,2025-10-17T00:00:00,DAL,VAN,3,5,0,,,,,,,,,"{""indoor"": true}"
NHL-20251016-BOS-VGK-22,NHL,2025-10-17T02:00:00,VGK,BOS,6,5,0,,,,,,,,,"{""indoor"": true}"
NHL-20251016-CAR-ANA-22,NHL,2025-10-17T02:00:00,ANA,CAR,1,4,0,,,,,,,,,"{""indoor"": true}"
NHL-20251016-PIT-LA-22,NHL,2025-10-17T02:00:00,LA,PIT,2,4,0,,,,,,,,,"{""indoor"": true}"
NHL-20251017-TB-DET-19,NHL,2025-10-17T23:00:00,DET,TB,2,1,0,,,,,,,,,"{""indoor"": true}"
NHL-20251017-MIN-WSH-19,NHL,2025-10-17T23:00:00,WSH,MIN,5,1,0,,,,,,,,,"{""indoor"": true}"
NHL-20251017-VAN-CHI-20,NHL,2025-10-18T00:30:00,CHI,VAN,2,3,0,,,,,,,,,"{""indoor"": true}"
NHL-20251017-SJ-UTAH-21,NHL,2025-10-18T01:00:00,UTAH,SJ,6,3,0,,,,,,,,,"{""indoor"": true}"
NHL-20251018-FLA-BUF-13,NHL,2025-10-18T17:00:00,BUF,FLA,3,0,0,,,,,,,,,"{""indoor"": true}"
NHL-20251018-NYI-OTT-15,NHL,2025-10-18T19:00:00,OTT,NYI,4,5,0,,,,,,,,,"{""indoor"": true}"
NHL-20251018-EDM-NJ-15,NHL,2025-10-18T19:30:00,NJ,EDM,5,3,0,,,,,,,,,"{""indoor"": true}"
NHL-20251018-SEA-TOR-19,NHL,2025-10-18T23:00:00,TOR,SEA,3,4,0,,,,,,,,,"{""indoor"": true}"
NHL-20251018-NYR-MTL-19,NHL,2025-10-18T23:00:00,MTL,NYR,3,4,0,,,,,,,,,"{""indoor"": true}"
NHL-20251018-MIN-PHI-19,NHL,2025-10-18T23:00:00,PHI,MIN,2,1,0,,,,,,,,,"{""indoor"": true}"
NHL-20251018-TB-CBJ-19,NHL,2025-10-18T23:00:00,CBJ,TB,3,2,0,,,,,,,,,"{""indoor"": true}"
NHL-20251018-DAL-STL-19,NHL,2025-10-18T23:00:00,STL,DAL,3,1,0,,,,,,,,,"{""indoor"": true}"
NHL-20251018-NSH-WPG-19,NHL,2025-10-18T23:00:00,WPG,NSH,4,1,0,,,,,,,,,"{""indoor"": true}"
NHL-20251018-BOS-COL-21,NHL,2025-10-19T01:00:00,COL,BOS,4,1,0,,,,,,,,,"{""indoor"": true}"
NHL-20251018-CAR-LA-21,NHL,2025-10-19T01:00:00,LA,CAR,3,4,0,,,,,,,,,"{""indoor"": true}"
NHL-20251018-CGY-VGK-22,NHL,2025-10-19T02:00:00,VGK,CGY,6,1,0,,,,,,,,,"{""indoor"": true}"
NHL-20251018-PIT-SJ-22,NHL,2025-10-19T02:00:00,SJ,PIT,0,3,0,,,,,,,,,"{""indoor"": true}"
NHL-20251019-VAN-WSH-12,NHL,2025-10-19T16:30:00,WSH,VAN,3,4,0,,,,,,,,,"{""indoor"": true}"
NHL-20251019-EDM-DET-15,NHL,2025-10-19T19:00:00,DET,EDM,4,2,0,,,,,,,,,"{""indoor"": true}"
NHL-20251019-ANA-CHI-19,NHL,2025-10-19T23:00:00,CHI,ANA,2,1,0,,,,,,,,,"{""indoor"": true}"
NHL-20251019-BOS-UTAH-19,NHL,2025-10-19T23:00:00,UTAH,BOS,3,2,0,,,,,,,,,"{""indoor"": true}"
NHL-20251020-MIN-NYR-19,NHL,2025-10-20T23:00:00,NYR,MIN,1,3,0,,,,,,,,,"{""indoor"": true}"
NHL-20251020-SEA-PHI-19,NHL,2025-10-20T23:00:00,PHI,SEA,5,2,0,,,,,,,,,"{""indoor"": true}"
NHL-20251020-BUF-MTL-19,NHL,2025-10-20T23:30:00,MTL,BUF,4,2,0,,,,,,,,,"{""indoor"": true}"
NHL-20251020-WPG-CGY-21,NHL,2025-10-21T01:30:00,CGY,WPG,1,2,0,,,,,,,,,"{""indoor"": true}"
NHL-20251020-CAR-VGK-22,NHL,2025-10-21T02:00:00,VGK,CAR,4,1,0,,,,,,,,,"{""indoor"": true}"
NHL-20251021-NJ-TOR-19,NHL,2025-10-21T23:00:00,TOR,NJ,2,5,0,,,,,,,,,"{""indoor"": true}"
NHL-20251021-EDM-OTT-19,NHL,2025-10-21T23:00:00,OTT,EDM,2,3,0,,,,,,,,,"{""indoor"": true}"
NHL-20251021-SJ-NYI-19,NHL,2025-10-21T23:00:00,NYI,SJ,4,3,0,,,,,,,,,"{""indoor"": true}"
NHL-20251021-VAN-PIT-19,NHL,2025-10-21T23:00:00,PIT,VAN,5,1,0,,,,,,,,,"{""indoor"": true}"
NHL-20251021-SEA-WSH-19,NHL,2025-10-21T23:00:00,WSH,SEA,4,1,0,,,,,,,,,"{""indoor"": true}"
NHL-20251021-FLA-BOS-19,NHL,2025-10-21T23:30:00,BOS,FLA,3,4,0,,,,,,,,,"{""indoor"": true}"
NHL-20251021-LA-STL-20,NHL,2025-10-22T00:00:00,STL,LA,1,2,0,,,,,,,,,"{""indoor"": true}"
NHL-20251021-ANA-NSH-20,NHL,2025-10-22T00:00:00,NSH,ANA,2,5,0,,,,,,,,,"{""indoor"": true}"
NHL-20251021-CBJ-DAL-20,NHL,2025-10-22T00:00:00,DAL,CBJ,1,5,0,,,,,,,,,"{""indoor"": true}"
NHL-20251021-COL-UTAH-22,NHL,2025-10-22T02:00:00,UTAH,COL,4,3,0,,,,,,,,,"{""indoor"": true}"
NHL-20251022-MIN-NJ-19,NHL,2025-10-22T23:00:00,NJ,MIN,4,1,0,,,,,,,,,"{""indoor"": true}"
NHL-20251022-DET-BUF-19,NHL,2025-10-22T23:30:00,BUF,DET,4,2,0,,,,,,,,,"{""indoor"": true}"
NHL-20251022-MTL-CGY-20,NHL,2025-10-23T00:30:00,CGY,MTL,1,2,0,,,,,,,,,"{""indoor"": true}"
NHL-20251023-CHI-TB-18,NHL,2025-10-23T22:45:00,TB,CHI,2,3,0,,,,,,,,,"{""indoor"": true}"
NHL-20251023-ANA-BOS-19,NHL,2025-10-23T23:00:00,BOS,ANA,5,7,0,,,,,,,,,"{""indoor"": true}"
NHL-20251023-PHI-OTT-19,NHL,2025-10-23T23:00:00,OTT,PHI,2,1,0,,,,,,,,,"{""indoor"": true}"
NHL-20251023-PIT-FLA-19,NHL,2025-10-23T23:00:00,FLA,PIT,3,5,0,,,,,,,,,"{""indoor"": true}"
NHL-20251023-DET-NYI-19,NHL,2025-10-23T23:00:00,NYI,DET,7,2,0,,,,,,,,,"{""indoor"": true}"
NHL-20251023-SJ-NYR-19,NHL,2025-10-23T23:00:00,NYR,SJ,5,6,0,,,,,,,,,"{""indoor"": true}"
NHL-20251023-UTAH-STL-20,NHL,2025-10-24T00:00:00,STL,UTAH,4,7,0,,,,,,,,,"{""indoor"": true}"
NHL-20251023-VAN-NSH-20,NHL,2025-10-24T00:00:00,NSH,VAN,2,1,0,,,,,,,,,"{""indoor"": true}"
NHL-20251023-SEA-WPG-20,NHL,2025-10-24T00:00:00,WPG,SEA,0,3,0,,,,,,,,,"{""indoor"": true}"
NHL-20251023-LA-DAL-21,NHL,2025-10-24T01:00:00,DAL,LA,2,3,0,,,,,,,,,"{""indoor"": true}"
NHL-20251023-CAR-COL-21,NHL,2025-10-24T01:00:00,COL,CAR,4,5,0,,,,,,,,,"{""indoor"": true}"
NHL-20251023-MTL-EDM-21,NHL,2025-10-24T01:00:00,EDM,MTL,6,5,0,,,,,,,,,"{""indoor"": true}"
NHL-20251024-TOR-BUF-19,NHL,2025-10-24T23:00:00,BUF,TOR,5,3,0,,,,,,,,,"{""indoor"": true}"
NHL-20251024-SJ-NJ-19,NHL,2025-10-24T23:00:00,NJ,SJ,3,1,0,,,,,,,,,"{""indoor"": true}"
NHL-20251024-WSH-CBJ-19,NHL,2025-10-24T23:00:00,CBJ,WSH,1,5,0,,,,,,,,,"{""indoor"": true}"
NHL-20251024-CGY-WPG-20,NHL,2025-10-25T00:00:00,WPG,CGY,5,3,0,,,,,,,,,"{""indoor"": true}"
NHL-20251025-NYI-PHI-12,NHL,2025-10-25T16:30:00,PHI,NYI,4,3,0,,,,,,,,,"{""indoor"": true}"
NHL-20251025-COL-BOS-15,NHL,2025-10-25T19:00:00,BOS,COL,3,2,0,,,,,,,,,"{""indoor"": true}"
NHL-20251025-ANA-TB-17,NHL,2025-10-25T21:00:00,TB,ANA,4,3,0,,,,,,,,,"{""indoor"": true}"
NHL-20251025-BUF-TOR-17,NHL,2025-10-25T21:00:00,TOR,BUF,4,3,0,,,,,,,,,"{""indoor"": true}"
NHL-20251025-VGK-FLA-18,NHL,2025-10-25T22:00:00,FLA,VGK,3,0,0,,,,,,,,,"{""indoor"": true}"
NHL-20251025-UTAH-MIN-18,NHL,2025-10-25T22:00:00,MIN,UTAH,2,6,0,,,,,,,,,"{""indoor"": true}"
NHL-20251025-STL-DET-19,NHL,2025-10-25T23:00:00,DET,STL,6,4,0,,,,,,,,,"{""indoor"": true}"
NHL-20251025-CBJ-PIT-19,NHL,2025-10-25T23:00:00,PIT,CBJ,4,5,0,,,,,,,,,"{""indoor"": true}"
NHL-20251025-OTT-WSH-19,NHL,2025-10-25T23:00:00,WSH,OTT,1,7,0,,,,,,,,,"{""indoor"": true}"
NHL-20251025-MTL-VAN-19,NHL,2025-10-25T23:00:00,VAN,MTL,3,4,0,,,,,,,,,"{""indoor"": true}"
NHL-20251025-LA-NSH-20,NHL,2025-10-26T00:00:00,NSH,LA,5,4,0,,,,,,,,,"{""indoor"": true}"
NHL-20251025-CAR-DAL-20,NHL,2025-10-26T00:00:00,DAL,CAR,3,2,0,,,,,,,,,"{""indoor"": true}"
NHL-20251025-EDM-SEA-22,NHL,2025-10-26T02:00:00,SEA,EDM,3,2,0,,,,,,,,,"{""indoor"": true}"
NHL-20251026-COL-NJ-13,NHL,2025-10-26T17:00:00,NJ,COL,4,3,0,,,,,,,,,"{""indoor"": true}"
NHL-20251026-VGK-TB-17,NHL,2025-10-26T21:00:00,TB,VGK,2,1,0,,,,,,,,,"{""indoor"": true}"
NHL-20251026-SJ-MIN-18,NHL,2025-10-26T22:00:00,MIN,SJ,5,6,0,,,,,,,,,"{""indoor"": true}"
NHL-20251026-UTAH-WPG-18,NHL,2025-10-26T22:00:00,WPG,UTAH,2,3,0,,,,,,,,,"{""indoor"": true}"
NHL-20251026-LA-CHI-19,NHL,2025-10-26T23:00:00,CHI,LA,1,3,0,,,,,,,,,"{""indoor"": true}"
NHL-20251026-DAL-NSH-19,NHL,2025-10-26T23:00:00,NSH,DAL,2,3,0,,,,,,,,,"{""indoor"": true}"
NHL-20251026-NYR-CGY-20,NHL,2025-10-27T00:00:00,CGY,NYR,5,1,0,,,,,,,,,"{""indoor"": true}"
NHL-20251026-EDM-VAN-22,NHL,2025-10-27T02:00:00,VAN,EDM,4,3,0,,,,,,,,,"{""indoor"": true}"
NHL-20251027-STL-PIT-19,NHL,2025-10-27T23:00:00,PIT,STL,6,3,0,,,,,,,,,"{""indoor"": true}"
NHL-20251027-BOS-OTT-19,NHL,2025-10-27T23:30:00,OTT,BOS,7,2,0,,,,,,,,,"{""indoor"": true}"
NHL-20251028-PIT-PHI-18,NHL,2025-10-28T22:00:00,PHI,PIT,3,2,0,,,,,,,,,"{""indoor"": true}"
NHL-20251028-CGY-TOR-18,NHL,2025-10-28T22:00:00,TOR,CGY,4,3,0,,,,,,,,,"{""indoor"": true}"
NHL-20251028-VGK-CAR-18,NHL,2025-10-28T22:30:00,CAR,VGK,3,6,0,,,,,,,,,"{""indoor"": true}"
NHL-20251028-CBJ-BUF-18,NHL,2025-10-28T22:45:00,BUF,CBJ,3,4,0,,,,,,,,,"{""indoor"": true}"
NHL-20251028-ANA-FLA-19,NHL,2025-10-28T23:00:00,FLA,ANA,2,3,0,,,,,,,,,"{""indoor"": true}"
NHL-20251028-NYI-BOS-19,NHL,2025-10-28T23:15:00,BOS,NYI,5,2,0,,,,,,,,,"{""indoor"": true}"
NHL-20251028-TB-NSH-19,NHL,2025-10-28T23:45:00,NSH,TB,2,5,0,,,,,,,,,"{""indoor"": true}"
NHL-20251028-WPG-MIN-20,NHL,2025-10-29T00:00:00,MIN,WPG,3,4,0,,,,,,,,,"{""indoor"": true}"
NHL-20251028-DET-STL-20,NHL,2025-10-29T00:15:00,STL,DET,2,5,0,,,,,,,,,"{""indoor"": true}"
NHL-20251028-OTT-CHI-20,NHL,2025-10-29T00:45:00,CHI,OTT,7,3,0,,,,,,,,,"{""indoor"": true}"
NHL-20251028-WSH-DAL-20,NHL,2025-10-29T00:50:00,DAL,WSH,1,0,0,,,,,,,,,"{""indoor"": true}"
NHL-20251028-NJ-COL-21,NHL,2025-10-29T01:00:00,COL,NJ,8,4,0,,,,,,,,,"{""indoor"": true}"
NHL-20251028-UTAH-EDM-21,NHL,2025-10-29T01:30:00,EDM,UTAH,6,3,0,,,,,,,,,"{""indoor"": true}"
NHL-20251028-NYR-VAN-22,NHL,2025-10-29T02:00:00,VAN,NYR,0,2,0,,,,,,,,,"{""indoor"": true}"
NHL-20251028-MTL-SEA-22,NHL,2025-10-29T02:30:00,SEA,MTL,3,4,0,,,,,,,,,"{""indoor"": true}"
NHL-20251028-LA-SJ-23,NHL,2025-10-29T03:00:00,SJ,LA,3,4,0,,,,,,,,,"{""indoor"": true}"
NHL-20251029-TOR-CBJ-19,NHL,2025-10-29T23:30:00,CBJ,TOR,6,3,0,,,,,,,,,"{""indoor"": true}"
NHL-20251030-BUF-BOS-19,NHL,2025-10-30T23:00:00,BOS,BUF,4,3,0,,,,,,,,,"{""indoor"": true}"
NHL-20251030-CGY-OTT-19,NHL,2025-10-30T23:00:00,OTT,CGY,4,3,0,,,,,,,,,"{""indoor"": true}"
NHL-20251030-DAL-TB-19,NHL,2025-10-30T23:00:00,TB,DAL,2,1,0,,,,,,,,,"{""indoor"": true}"
NHL-20251030-NSH-PHI-19,NHL,2025-10-30T23:00:00,PHI,NSH,4,1,0,,,,,,,,,"{""indoor"": true}"
NHL-20251030-NYI-CAR-19,NHL,2025-10-30T23:30:00,CAR,NYI,6,2,0,,,,,,,,,"{""indoor"": true}"
NHL-20251030-VAN-STL-20,NHL,2025-10-31T00:00:00,STL,VAN,3,4,0,,,,,,,,,"{""indoor"": true}"
NHL-20251030-PIT-MIN-20,NHL,2025-10-31T00:00:00,MIN,PIT,1,4,0,,,,,,,,,"{""indoor"": true}"
NHL-20251030-CHI-WPG-20,NHL,2025-10-31T00:00:00,WPG,CHI,6,3,0,,,,,,,,,"{""indoor"": true}"
NHL-20251030-NYR-EDM-21,NHL,2025-10-31T01:00:00,EDM,NYR,3,4,0,,,,,,,,,"{""indoor"": true}"
NHL-20251030-NJ-SJ-22,NHL,2025-10-31T02:00:00,SJ,NJ,5,2,0,,,,,,,,,"{""indoor"": true}"
NHL-20251030-DET-LA-22,NHL,2025-10-31T02:30:00,LA,DET,3,4,0,,,,,,,,,"{""indoor"": true}"
NHL-20251031-COL-VGK-16,NHL,2025-10-31T20:00:00,VGK,COL,2,4,0,,,,,,,,,"{""indoor"": true}"
NHL-20251031-NYI-WSH-19,NHL,2025-10-31T23:00:00,WSH,NYI,1,3,0,,,,,,,,,"{""indoor"": true}"
NHL-20251031-DET-ANA-22,NHL,2025-11-01T02:00:00,ANA,DET,5,2,0,,,,,,,,,"{""indoor"": true}"
NHL-20251101-CAR-BOS-13,NHL,2025-11-01T17:00:00,BOS,CAR,2,1,0,,,,,,,,,"{""indoor"": true}"
NHL-20251101-PIT-WPG-15,NHL,2025-11-01T19:00:00,WPG,PIT,5,2,0,,,,,,,,,"{""indoor"": true}"
NHL-20251101-CGY-NSH-15,NHL,2025-11-01T19:30:00,NSH,CGY,4,2,0,,,,,,,,,"{""indoor"": true}"
NHL-20251101-COL-SJ-16,NHL,2025-11-01T20:00:00,SJ,COL,3,2,0,,,,,,,,,"{""indoor"": true}"
NHL-20251101-DAL-FLA-18,NHL,2025-11-01T22:00:00,FLA,DAL,4,3,0,,,,,,,,,"{""indoor"": true}"
NHL-20251101-WSH-BUF-19,NHL,2025-11-01T23:00:00,BUF,WSH,4,3,0,,,,,,,,,"{""indoor"": true}"
NHL-20251101-OTT-MTL-19,NHL,2025-11-01T23:00:00,MTL,OTT,4,3,0,,,,,,,,,"{""indoor"": true}"
NHL-20251101-TOR-PHI-19,NHL,2025-11-01T23:00:00,PHI,TOR,2,5,0,,,,,,,,,"{""indoor"": true}"
NHL-20251101-STL-CBJ-19,NHL,2025-11-01T23:00:00,CBJ,STL,3,2,0,,,,,,,,,"{""indoor"": true}"
NHL-20251101-VAN-MIN-19,NHL,2025-11-01T23:00:00,MIN,VAN,5,2,0,,,,,,,,,"{""indoor"": true}"
NHL-20251101-NJ-LA-21,NHL,2025-11-02T01:00:00,LA,NJ,1,4,0,,,,,,,,,"{""indoor"": true}"
NHL-20251101-CHI-EDM-22,NHL,2025-11-02T02:00:00,EDM,CHI,3,2,0,,,,,,,,,"{""indoor"": true}"
NHL-20251101-NYR-SEA-22,NHL,2025-11-02T02:00:00,SEA,NYR,2,3,0,,,,,,,,,"{""indoor"": true}"
NHL-20251102-TB-UTAH-15,NHL,2025-11-02T20:30:00,UTAH,TB,2,4,0,,,,,,,,,"{""indoor"": true}"
NHL-20251102-CBJ-NYI-17,NHL,2025-11-02T22:00:00,NYI,CBJ,3,2,0,,,,,,,,,"{""indoor"": true}"
NHL-20251102-CGY-PHI-19,NHL,2025-11-03T00:00:00,PHI,CGY,1,2,0,,,,,,,,,"{""indoor"": true}"
NHL-20251102-NJ-ANA-20,NHL,2025-11-03T01:00:00,ANA,NJ,4,1,0,,,,,,,,,"{""indoor"": true}"
NHL-20251102-DET-SJ-20,NHL,2025-11-03T01:00:00,SJ,DET,2,3,0,,,,,,,,,"{""indoor"": true}"
NHL-20251103-PIT-TOR-19,NHL,2025-11-04T00:30:00,TOR,PIT,4,3,0,,,,,,,,,"{""indoor"": true}"
NHL-20251103-EDM-STL-20,NHL,2025-11-04T01:30:00,STL,EDM,3,2,0,,,,,,,,,"{""indoor"": true}"
NHL-20251103-VAN-NSH-20,NHL,2025-11-04T01:30:00,NSH,VAN,4,5,0,,,,,,,,,"{""indoor"": true}"
NHL-20251103-CHI-SEA-22,NHL,2025-11-04T03:00:00,SEA,CHI,3,1,0,,,,,,,,,"{""indoor"": true}"
NHL-20251104-UTAH-BUF-19,NHL,2025-11-05T00:00:00,BUF,UTAH,1,2,0,,,,,,,,,"{""indoor"": true}"
NHL-20251104-PHI-MTL-19,NHL,2025-11-05T00:00:00,MTL,PHI,4,5,0,,,,,,,,,"{""indoor"": true}"
NHL-20251104-BOS-NYI-19,NHL,2025-11-05T00:00:00,NYI,BOS,3,4,0,,,,,,,,,"{""indoor"": true}"
NHL-20251104-CAR-NYR-19,NHL,2025-11-05T00:00:00,NYR,CAR,0,3,0,,,,,,,,,"{""indoor"": true}"
NHL-20251104-EDM-DAL-20,NHL,2025-11-05T01:00:00,DAL,EDM,4,3,0,,,,,,,,,"{""indoor"": true}"
NHL-20251104-NSH-MIN-20,NHL,2025-11-05T01:00:00,MIN,NSH,3,2,0,,,,,,,,,"{""indoor"": true}"
NHL-20251104-TB-COL-21,NHL,2025-11-05T02:30:00,COL,TB,3,2,0,,,,,,,,,"{""indoor"": true}"
NHL-20251104-DET-VGK-22,NHL,2025-11-05T03:00:00,VGK,DET,1,0,0,,,,,,,,,"{""indoor"": true}"
NHL-20251104-FLA-ANA-22,NHL,2025-11-05T03:00:00,ANA,FLA,7,3,0,,,,,,,,,"{""indoor"": true}"
NHL-20251104-WPG-LA-22,NHL,2025-11-05T03:30:00,LA,WPG,3,0,0,,,,,,,,,"{""indoor"": true}"
NHL-20251105-UTAH-TOR-19,NHL,2025-11-06T00:00:00,TOR,UTAH,5,3,0,,,,,,,,,"{""indoor"": true}"
NHL-20251105-STL-WSH-19,NHL,2025-11-06T00:30:00,WSH,STL,6,1,0,,,,,,,,,"{""indoor"": true}"
NHL-20251105-CBJ-CGY-21,NHL,2025-11-06T02:30:00,CGY,CBJ,5,1,0,,,,,,,,,"{""indoor"": true}"
NHL-20251105-CHI-VAN-22,NHL,2025-11-06T03:00:00,VAN,CHI,2,5,0,,,,,,,,,"{""indoor"": true}"
NHL-20251105-SJ-SEA-22,NHL,2025-11-06T03:00:00,SEA,SJ,1,6,0,,,,,,,,,"{""indoor"": true}"
NHL-20251106-OTT-BOS-19,NHL,2025-11-07T00:00:00,BOS,OTT,3,2,0,,,,,,,,,"{""indoor"": true}"
NHL-20251106-STL-BUF-19,NHL,2025-11-07T00:00:00,BUF,STL,0,3,0,,,,,,,,,"{""indoor"": true}"
NHL-20251106-MTL-NJ-19,NHL,2025-11-07T00:00:00,NJ,MTL,4,3,0,,,,,,,,,"{""indoor"": true}"
NHL-20251106-MIN-CAR-19,NHL,2025-11-07T00:00:00,CAR,MIN,4,3,0,,,,,,,,,"{""indoor"": true}"
NHL-20251106-WSH-PIT-19,NHL,2025-11-07T00:30:00,PIT,WSH,5,3,0,,,,,,,,,"{""indoor"": true}"
NHL-20251106-PHI-NSH-20,NHL,2025-11-07T01:00:00,NSH,PHI,1,3,0,,,,,,,,,"{""indoor"": true}"
NHL-20251106-ANA-DAL-20,NHL,2025-11-07T01:00:00,DAL,ANA,5,7,0,,,,,,,,,"{""indoor"": true}"
NHL-20251106-TB-VGK-22,NHL,2025-11-07T03:00:00,VGK,TB,3,6,0,,,,,,,,,"{""indoor"": true}"
NHL-20251106-FLA-LA-22,NHL,2025-11-07T03:00:00,LA,FLA,2,5,0,,,,,,,,,"{""indoor"": true}"
NHL-20251107-NYR-DET-19,NHL,2025-11-08T00:00:00,DET,NYR,1,4,0,,,,,,,,,"{""indoor"": true}"
NHL-20251107-MIN-NYI-19,NHL,2025-11-08T00:00:00,NYI,MIN,2,5,0,,,,,,,,,"{""indoor"": true}"
NHL-20251107-CHI-CGY-21,NHL,2025-11-08T02:00:00,CGY,CHI,0,4,0,,,,,,,,,"{""indoor"": true}"
NHL-20251107-WPG-SJ-22,NHL,2025-11-08T03:00:00,SJ,WPG,2,1,0,,,,,,,,,"{""indoor"": true}"
NHL-20251108-PIT-NJ-12,NHL,2025-11-08T17:30:00,NJ,PIT,2,1,0,,,,,,,,,"{""indoor"": true}"
NHL-20251108-OTT-PHI-13,NHL,2025-11-08T18:00:00,PHI,OTT,2,3,0,,,,,,,,,"{""indoor"": true}"
NHL-20251108-DAL-NSH-15,NHL,2025-11-08T20:30:00,NSH,DAL,4,5,0,,,,,,,,,"{""indoor"": true}"
NHL-20251108-BOS-TOR-19,NHL,2025-11-09T00:00:00,TOR,BOS,3,5,0,,,,,,,,,"{""indoor"": true}"
NHL-20251108-UTAH-MTL-19,NHL,2025-11-09T00:00:00,MTL,UTAH,6,2,0,,,,,,,,,"{""indoor"": true}"
NHL-20251108-WSH-TB-19,NHL,2025-11-09T00:00:00,TB,WSH,3,2,0,,,,,,,,,"{""indoor"": true}"
NHL-20251108-NYI-NYR-19,NHL,2025-11-09T00:00:00,NYR,NYI,0,5,0,,,,,,,,,"{""indoor"": true}"
NHL-20251108-BUF-CAR-19,NHL,2025-11-09T00:00:00,CAR,BUF,6,3,0,,,,,,,,,"{""indoor"": true}"
NHL-20251108-SEA-STL-19,NHL,2025-11-09T00:00:00,STL,SEA,3,4,0,,,,,,,,,"{""indoor"": true}"
NHL-20251108-COL-EDM-22,NHL,2025-11-09T03:00:00,EDM,COL,1,9,0,,,,,,,,,"{""indoor"": true}"
NHL-20251108-CBJ-VAN-22,NHL,2025-11-09T03:00:00,VAN,CBJ,4,3,0,,,,,,,,,"{""indoor"": true}"
NHL-20251108-ANA-VGK-22,NHL,2025-11-09T03:00:00,VGK,ANA,3,4,0,,,,,,,,,"{""indoor"": true}"
NHL-20251108-FLA-SJ-22,NHL,2025-11-09T03:00:00,SJ,FLA,3,1,0,,,,,,,,,"{""indoor"": true}"
NHL-20251109-CHI-DET-13,NHL,2025-11-09T18:00:00,DET,CHI,1,5,0,,,,,,,,,"{""indoor"": true}"
NHL-20251109-LA-PIT-14,NHL,2025-11-09T19:00:00,PIT,LA,2,3,0,,,,,,,,,"{""indoor"": true}"
NHL-20251109-CAR-TOR-19,NHL,2025-11-10T00:00:00,TOR,CAR,4,5,0,,,,,,,,,"{""indoor"": true}"
NHL-20251109-UTAH-OTT-19,NHL,2025-11-10T00:00:00,OTT,UTAH,4,2,0,,,,,,,,,"{""indoor"": true}"
NHL-20251109-SEA-DAL-19,NHL,2025-11-10T00:00:00,DAL,SEA,2,1,0,,,,,,,,,"{""indoor"": true}"
NHL-20251109-CGY-MIN-20,NHL,2025-11-10T01:00:00,MIN,CGY,2,0,0,,,,,,,,,"{""indoor"": true}"
NHL-20251109-COL-VAN-22,NHL,2025-11-10T03:00:00,VAN,COL,4,5,0,,,,,,,,,"{""indoor"": true}"
NHL-20251109-WPG-ANA-22,NHL,2025-11-10T03:00:00,ANA,WPG,4,1,0,,,,,,,,,"{""indoor"": true}"
NHL-20251110-NYI-NJ-19,NHL,2025-11-11T00:00:00,NJ,NYI,2,3,0,,,,,,,,,"{""indoor"": true}"
NHL-20251110-NSH-NYR-19,NHL,2025-11-11T00:00:00,NYR,NSH,6,3,0,,,,,,,,,"{""indoor"": true}"
NHL-20251110-CBJ-EDM-20,NHL,2025-11-11T01:30:00,EDM,CBJ,5,4,0,,,,,,,,,"{""indoor"": true}"
NHL-20251110-FLA-VGK-22,NHL,2025-11-11T03:00:00,VGK,FLA,2,3,0,,,,,,,,,"{""indoor"": true}"
NHL-20251111-TOR-BOS-19,NHL,2025-11-12T00:00:00,BOS,TOR,5,3,0,,,,,,,,,"{""indoor"": true}"
NHL-20251111-LA-MTL-19,NHL,2025-11-12T00:00:00,MTL,LA,1,5,0,,,,,,,,,"{""indoor"": true}"
NHL-20251111-DAL-OTT-19,NHL,2025-11-12T00:00:00,OTT,DAL,2,3,0,,,,,,,,,"{""indoor"": true}"
NHL-20251111-WSH-CAR-19,NHL,2025-11-12T00:00:00,CAR,WSH,1,4,0,,,,,,,,,"{""indoor"": true}"
NHL-20251111-CGY-STL-20,NHL,2025-11-12T01:00:00,STL,CGY,3,2,0,,,,,,,,,"{""indoor"": true}"
NHL-20251111-SJ-MIN-20,NHL,2025-11-12T01:00:00,MIN,SJ,1,2,0,,,,,,,,,"{""indoor"": true}"
NHL-20251111-ANA-COL-21,NHL,2025-11-12T02:30:00,COL,ANA,4,1,0,,,,,,,,,"{""indoor"": true}"
NHL-20251111-WPG-VAN-22,NHL,2025-11-12T03:00:00,VAN,WPG,3,5,0,,,,,,,,,"{""indoor"": true}"
NHL-20251111-CBJ-SEA-22,NHL,2025-11-12T03:00:00,SEA,CBJ,1,2,0,,,,,,,,,"{""indoor"": true}"
NHL-20251112-NYR-TB-19,NHL,2025-11-13T00:00:00,TB,NYR,3,7,0,,,,,,,,,"{""indoor"": true}"
NHL-20251112-EDM-PHI-19,NHL,2025-11-13T00:30:00,PHI,EDM,1,2,0,,,,,,,,,"{""indoor"": true}"
NHL-20251112-BUF-UTAH-21,NHL,2025-11-13T02:00:00,UTAH,BUF,5,2,0,,,,,,,,,"{""indoor"": true}"
NHL-20251112-NJ-CHI-21,NHL,2025-11-13T02:30:00,CHI,NJ,3,4,0,,,,,,,,,"{""indoor"": true}"
NHL-20251113-LA-TOR-19,NHL,2025-11-14T00:00:00,TOR,LA,3,4,0,,,,,,,,,"{""indoor"": true}"
NHL-20251113-DAL-MTL-19,NHL,2025-11-14T00:00:00,MTL,DAL,0,7,0,,,,,,,,,"{""indoor"": true}"
NHL-20251113-BOS-OTT-19,NHL,2025-11-14T00:00:00,OTT,BOS,5,3,0,,,,,,,,,"{""indoor"": true}"
NHL-20251113-ANA-DET-19,NHL,2025-11-14T00:00:00,DET,ANA,6,3,0,,,,,,,,,"{""indoor"": true}"
NHL-20251113-WSH-FLA-19,NHL,2025-11-14T00:00:00,FLA,WSH,6,3,0,,,,,,,,,"{""indoor"": true}"
NHL-20251113-EDM-CBJ-19,NHL,2025-11-14T00:30:00,CBJ,EDM,5,4,0,,,,,,,,,"{""indoor"": true}"
NHL-20251113-BUF-COL-21,NHL,2025-11-14T02:00:00,COL,BUF,6,3,0,,,,,,,,,"{""indoor"": true}"
NHL-20251113-SJ-CGY-21,NHL,2025-11-14T02:00:00,CGY,SJ,2,0,0,,,,,,,,,"{""indoor"": true}"
NHL-20251113-NYI-VGK-22,NHL,2025-11-14T03:00:00,VGK,NYI,3,4,0,,,,,,,,,"{""indoor"": true}"
NHL-20251113-WPG-SEA-22,NHL,2025-11-14T03:00:00,SEA,WPG,5,3,0,,,,,,,,,"{""indoor"": true}"
NHL-20251114-PIT-NSH-14,NHL,2025-11-14T19:00:00,NSH,PIT,2,1,1,,,,,,,,,"{""indoor"": true}"
NHL-20251114-VAN-CAR-19,NHL,2025-11-15T00:00:00,CAR,VAN,4,3,0,,,,,,,,,"{""indoor"": true}"
NHL-20251114-PHI-STL-20,NHL,2025-11-15T01:00:00,STL,PHI,5,6,0,,,,,,,,,"{""indoor"": true}"
NHL-20251114-NYI-UTAH-21,NHL,2025-11-15T02:00:00,UTAH,NYI,2,3,0,,,,,,,,,"{""indoor"": true}"
NHL-20251115-TB-FLA-17,NHL,2025-11-15T22:00:00,FLA,TB,1,3,0,,,,,,,,,"{""indoor"": true}"
NHL-20251115-ANA-MIN-18,NHL,2025-11-15T23:00:00,MIN,ANA,2,0,0,,,,,,,,,"{""indoor"": true}"
NHL-20251115-BOS-MTL-19,NHL,2025-11-16T00:00:00,MTL,BOS,2,3,0,,,,,,,,,"{""indoor"": true}"
NHL-20251115-LA-OTT-19,NHL,2025-11-16T00:00:00,OTT,LA,0,1,0,,,,,,,,,"{""indoor"": true}"
NHL-20251115-BUF-DET-19,NHL,2025-11-16T00:00:00,DET,BUF,4,5,0,,,,,,,,,"{""indoor"": true}"
NHL-20251115-NJ-WSH-19,NHL,2025-11-16T00:00:00,WSH,NJ,2,3,0,,,,,,,,,"{""indoor"": true}"
NHL-20251115-EDM-CAR-19,NHL,2025-11-16T00:00:00,CAR,EDM,3,4,0,,,,,,,,,"{""indoor"": true}"
NHL-20251115-NYR-CBJ-19,NHL,2025-11-16T00:00:00,CBJ,NYR,1,2,0,,,,,,,,,"{""indoor"": true}"
NHL-20251115-TOR-CHI-19,NHL,2025-11-16T00:00:00,CHI,TOR,3,2,0,,,,,,,,,"{""indoor"": true}"
NHL-20251115-VGK-STL-20,NHL,2025-11-16T01:00:00,STL,VGK,1,4,0,,,,,,,,,"{""indoor"": true}"
NHL-20251115-PHI-DAL-20,NHL,2025-11-16T01:00:00,DAL,PHI,5,1,0,,,,,,,,,"{""indoor"": true}"
NHL-20251115-WPG-CGY-22,NHL,2025-11-16T03:00:00,CGY,WPG,3,4,0,,,,,,,,,"{""indoor"": true}"
NHL-20251115-SJ-SEA-22,NHL,2025-11-16T03:00:00,SEA,SJ,4,1,0,,,,,,,,,"{""indoor"": true}"
NHL-20251116-NSH-PIT-09,NHL,2025-11-16T14:00:00,PIT,NSH,4,0,1,,,,,,,,,"{""indoor"": true}"
NHL-20251116-VAN-TB-17,NHL,2025-11-16T22:00:00,TB,VAN,2,6,0,,,,,,,,,"{""indoor"": true}"
NHL-20251116-VGK-MIN-18,NHL,2025-11-16T23:00:00,MIN,VGK,3,2,0,,,,,,,,,"{""indoor"": true}"
NHL-20251116-DET-NYR-19,NHL,2025-11-17T00:00:00,NYR,DET,1,2,0,,,,,,,,,"{""indoor"": true}"
NHL-20251116-NYI-COL-21,NHL,2025-11-17T02:00:00,COL,NYI,4,1,0,,,,,,,,,"{""indoor"": true}"
NHL-20251117-CAR-BOS-19,NHL,2025-11-18T00:00:00,BOS,CAR,1,3,0,,,,,,,,,"{""indoor"": true}"
NHL-20251117-EDM-BUF-19,NHL,2025-11-18T00:00:00,BUF,EDM,5,1,0,,,,,,,,,"{""indoor"": true}"
NHL-20251117-VAN-FLA-19,NHL,2025-11-18T00:00:00,FLA,VAN,8,5,0,,,,,,,,,"{""indoor"": true}"
NHL-20251117-LA-WSH-19,NHL,2025-11-18T00:00:00,WSH,LA,2,1,0,,,,,,,,,"{""indoor"": true}"
NHL-20251117-MTL-CBJ-19,NHL,2025-11-18T00:30:00,CBJ,MTL,4,3,0,,,,,,,,,"{""indoor"": true}"
NHL-20251117-UTAH-ANA-22,NHL,2025-11-18T03:00:00,ANA,UTAH,3,2,0,,,,,,,,,"{""indoor"": true}"
NHL-20251118-STL-TOR-19,NHL,2025-11-19T00:00:00,TOR,STL,3,2,0,,,,,,,,,"{""indoor"": true}"
NHL-20251118-SEA-DET-19,NHL,2025-11-19T00:00:00,DET,SEA,4,2,0,,,,,,,,,"{""indoor"": true}"
NHL-20251118-NJ-TB-19,NHL,2025-11-19T00:00:00,TB,NJ,5,1,0,,,,,,,,,"{""indoor"": true}"
NHL-20251118-NYI-DAL-20,NHL,2025-11-19T01:00:00,DAL,NYI,2,3,0,,,,,,,,,"{""indoor"": true}"
NHL-20251118-CBJ-WPG-20,NHL,2025-11-19T01:00:00,WPG,CBJ,5,2,0,,,,,,,,,"{""indoor"": true}"
NHL-20251118-CGY-CHI-20,NHL,2025-11-19T01:30:00,CHI,CGY,5,2,0,,,,,,,,,"{""indoor"": true}"
NHL-20251118-NYR-VGK-22,NHL,2025-11-19T03:00:00,VGK,NYR,3,2,0,,,,,,,,,"{""indoor"": true}"
NHL-20251118-UTAH-SJ-22,NHL,2025-11-19T03:00:00,SJ,UTAH,3,2,0,,,,,,,,,"{""indoor"": true}"
NHL-20251119-EDM-WSH-19,NHL,2025-11-20T00:00:00,WSH,EDM,7,4,0,,,,,,,,,"{""indoor"": true}"
NHL-20251119-CGY-BUF-19,NHL,2025-11-20T00:30:00,BUF,CGY,2,6,0,,,,,,,,,"{""indoor"": true}"
NHL-20251119-CAR-MIN-21,NHL,2025-11-20T02:30:00,MIN,CAR,4,3,0,,,,,,,,,"{""indoor"": true}"
NHL-20251119-BOS-ANA-22,NHL,2025-11-20T03:00:00,ANA,BOS,4,3,0,,,,,,,,,"{""indoor"": true}"
NHL-20251120-CBJ-TOR-19,NHL,2025-11-21T00:00:00,TOR,CBJ,2,3,0,,,,,,,,,"{""indoor"": true}"
NHL-20251120-WSH-MTL-19,NHL,2025-11-21T00:00:00,MTL,WSH,4,8,0,,,,,,,,,"{""indoor"": true}"
NHL-20251120-NYI-DET-19,NHL,2025-11-21T00:00:00,DET,NYI,0,5,0,,,,,,,,,"{""indoor"": true}"
NHL-20251120-NJ-FLA-19,NHL,2025-11-21T00:00:00,FLA,NJ,1,0,0,,,,,,,,,"{""indoor"": true}"
NHL-20251120-STL-PHI-19,NHL,2025-11-21T00:00:00,PHI,STL,3,2,0,,,,,,,,,"{""indoor"": true}"
NHL-20251120-EDM-TB-19,NHL,2025-11-21T00:30:00,TB,EDM,2,1,0,,,,,,,,,"{""indoor"": true}"
NHL-20251120-SEA-CHI-20,NHL,2025-11-21T01:00:00,CHI,SEA,2,3,0,,,,,,,,,"{""indoor"": true}"
NHL-20251120-NYR-COL-21,NHL,2025-11-21T02:00:00,COL,NYR,6,3,0,,,,,,,,,"{""indoor"": true}"
NHL-20251120-VGK-UTAH-21,NHL,2025-11-21T02:00:00,UTAH,VGK,1,4,0,,,,,,,,,"{""indoor"": true}"
NHL-20251120-DAL-VAN-22,NHL,2025-11-21T03:00:00,VAN,DAL,2,4,0,,,,,,,,,"{""indoor"": true}"
NHL-20251120-OTT-ANA-22,NHL,2025-11-21T03:00:00,ANA,OTT,2,3,0,,,,,,,,,"{""indoor"": true}"
NHL-20251120-LA-SJ-22,NHL,2025-11-21T03:00:00,SJ,LA,4,3,0,,,,,,,,,"{""indoor"": true}"
NHL-20251121-CHI-BUF-19,NHL,2025-11-22T00:00:00,BUF,CHI,9,3,0,,,,,,,,,"{""indoor"": true}"
NHL-20251121-MIN-PIT-19,NHL,2025-11-22T00:00:00,PIT,MIN,0,5,0,,,,,,,,,"{""indoor"": true}"
NHL-20251121-CAR-WPG-20,NHL,2025-11-22T01:00:00,WPG,CAR,3,4,0,,,,,,,,,"{""indoor"": true}"
NHL-20251121-BOS-LA-22,NHL,2025-11-22T03:30:00,LA,BOS,1,2,0,,,,,,,,,"{""indoor"": true}"
NHL-20251122-CBJ-DET-13,NHL,2025-11-22T18:00:00,DET,CBJ,4,3,0,,,,,,,,,"{""indoor"": true}"
NHL-20251122-STL-NYI-15,NHL,2025-11-22T20:30:00,NYI,STL,1,2,0,,,,,,,,,"{""indoor"": true}"
NHL-20251122-TOR-MTL-19,NHL,2025-11-23T00:00:00,MTL,TOR,5,2,0,,,,,,,,,"{""indoor"": true}"
NHL-20251122-EDM-FLA-19,NHL,2025-11-23T00:00:00,FLA,EDM,3,6,0,,,,,,,,,"{""indoor"": true}"
NHL-20251122-NJ-PHI-19,NHL,2025-11-23T00:00:00,PHI,NJ,6,3,0,,,,,,,,,"{""indoor"": true}"
NHL-20251122-SEA-PIT-19,NHL,2025-11-23T00:00:00,PIT,SEA,2,3,0,,,,,,,,,"{""indoor"": true}"
NHL-20251122-TB-WSH-19,NHL,2025-11-23T00:00:00,WSH,TB,3,5,0,,,,,,,,,"{""indoor"": true}"
NHL-20251122-OTT-SJ-19,NHL,2025-11-23T00:00:00,SJ,OTT,2,3,0,,,,,,,,,"{""indoor"": true}"
NHL-20251122-COL-NSH-20,NHL,2025-11-23T01:00:00,NSH,COL,0,3,0,,,,,,,,,"{""indoor"": true}"
NHL-20251122-NYR-UTAH-21,NHL,2025-11-23T02:00:00,UTAH,NYR,3,2,0,,,,,,,,,"{""indoor"": true}"
NHL-20251122-DAL-CGY-22,NHL,2025-11-23T03:00:00,CGY,DAL,3,2,0,,,,,,,,,"{""indoor"": true}"
NHL-20251122-VGK-ANA-22,NHL,2025-11-23T03:00:00,ANA,VGK,4,3,0,,,,,,,,,"{""indoor"": true}"
NHL-20251123-CAR-BUF-13,NHL,2025-11-23T18:00:00,BUF,CAR,4,1,0,,,,,,,,,"{""indoor"": true}"
NHL-20251123-MIN-WPG-16,NHL,2025-11-23T21:00:00,WPG,MIN,0,3,0,,,,,,,,,"{""indoor"": true}"
NHL-20251123-SEA-NYI-17,NHL,2025-11-23T22:00:00,NYI,SEA,1,0,0,,,,,,,,,"{""indoor"": true}"
NHL-20251123-COL-CHI-19,NHL,2025-11-24T00:00:00,CHI,COL,0,1,0,,,,,,,,,"{""indoor"": true}"
NHL-20251123-BOS-SJ-20,NHL,2025-11-24T01:00:00,SJ,BOS,3,1,0,,,,,,,,,"{""indoor"": true}"
NHL-20251123-CGY-VAN-21,NHL,2025-11-24T02:00:00,VAN,CGY,2,5,0,,,,,,,,,"{""indoor"": true}"
NHL-20251124-PHI-TB-19,NHL,2025-11-25T00:00:00,TB,PHI,3,0,0,,,,,,,,,"{""indoor"": true}"
NHL-20251124-DET-NJ-19,NHL,2025-11-25T00:00:00,NJ,DET,4,3,0,,,,,,,,,"{""indoor"": true}"
NHL-20251124-STL-NYR-19,NHL,2025-11-25T00:00:00,NYR,STL,3,2,0,,,,,,,,,"{""indoor"": true}"
NHL-20251124-CBJ-WSH-19,NHL,2025-11-25T00:00:00,WSH,CBJ,5,1,0,,,,,,,,,"{""indoor"": true}"
NHL-20251124-FLA-NSH-20,NHL,2025-11-25T01:00:00,NSH,FLA,3,8,0,,,,,,,,,"{""indoor"": true}"
NHL-20251124-VGK-UTAH-21,NHL,2025-11-25T02:00:00,UTAH,VGK,5,1,0,,,,,,,,,"{""indoor"": true}"
NHL-20251124-OTT-LA-21,NHL,2025-11-25T02:00:00,LA,OTT,2,1,0,,,,,,,,,"{""indoor"": true}"
NHL-20251125-DAL-EDM-21,NHL,2025-11-26T02:00:00,EDM,DAL,3,8,0,,,,,,,,,"{""indoor"": true}"
NHL-20251126-NSH-DET-19,NHL,2025-11-27T00:00:00,DET,NSH,3,6,0,,,,,,,,,"{""indoor"": true}"
NHL-20251126-CGY-TB-19,NHL,2025-11-27T00:00:00,TB,CGY,5,1,0,,,,,,,,,"{""indoor"": true}"
NHL-20251126-PHI-FLA-19,NHL,2025-11-27T00:00:00,FLA,PHI,2,4,0,,,,,,,,,"{""indoor"": true}"
NHL-20251126-STL-NJ-19,NHL,2025-11-27T00:00:00,NJ,STL,3,2,0,,,,,,,,,"{""indoor"": true}"
NHL-20251126-BOS-NYI-19,NHL,2025-11-27T00:00:00,NYI,BOS,1,3,0,,,,,,,,,"{""indoor"": true}"
NHL-20251126-BUF-PIT-19,NHL,2025-11-27T00:00:00,PIT,BUF,4,2,0,,,,,,,,,"{""indoor"": true}"
NHL-20251126-WPG-WSH-19,NHL,2025-11-27T00:00:00,WSH,WPG,4,3,0,,,,,,,,,"{""indoor"": true}"
NHL-20251126-NYR-CAR-19,NHL,2025-11-27T00:00:00,CAR,NYR,2,4,0,,,,,,,,,"{""indoor"": true}"
NHL-20251126-TOR-CBJ-19,NHL,2025-11-27T00:00:00,CBJ,TOR,1,2,0,,,,,,,,,"{""indoor"": true}"
NHL-20251126-MIN-CHI-20,NHL,2025-11-27T01:30:00,CHI,MIN,3,4,0,,,,,,,,,"{""indoor"": true}"
NHL-20251126-SJ-COL-21,NHL,2025-11-27T02:00:00,COL,SJ,6,0,0,,,,,,,,,"{""indoor"": true}"
NHL-20251126-MTL-UTAH-21,NHL,2025-11-27T02:30:00,UTAH,MTL,3,4,0,,,,,,,,,"{""indoor"": true}"
NHL-20251126-OTT-VGK-22,NHL,2025-11-27T03:00:00,VGK,OTT,3,4,0,,,,,,,,,"{""indoor"": true}"
NHL-20251126-VAN-ANA-22,NHL,2025-11-27T03:00:00,ANA,VAN,4,5,0,,,,,,,,,"{""indoor"": true}"
NHL-20251126-DAL-SEA-22,NHL,2025-11-27T03:00:00,SEA,DAL,2,3,0,,,,,,,,,"{""indoor"": true}"
NHL-20251128-TB-DET-12,NHL,2025-11-28T17:00:00,DET,TB,3,6,0,,,,,,,,,"{""indoor"": true}"
NHL-20251128-NYR-BOS-13,NHL,2025-11-28T18:00:00,BOS,NYR,2,6,0,,,,,,,,,"{""indoor"": true}"
NHL-20251128-COL-MIN-15,NHL,2025-11-28T20:30:00,MIN,COL,3,2,0,,,,,,,,,"{""indoor"": true}"
NHL-20251128-NJ-BUF-16,NHL,2025-11-28T21:00:00,BUF,NJ,0,5,0,,,,,,,,,"{""indoor"": true}"
NHL-20251128-CGY-FLA-16,NHL,2025-11-28T21:00:00,FLA,CGY,3,5,0,,,,,,,,,"{""indoor"": true}"
NHL-20251128-PHI-NYI-16,NHL,2025-11-28T21:00:00,NYI,PHI,3,4,0,,,,,,,,,"{""indoor"": true}"
NHL-20251128-OTT-STL-16,NHL,2025-11-28T21:00:00,STL,OTT,4,3,0,,,,,,,,,"{""indoor"": true}"
NHL-20251128-MTL-VGK-16,NHL,2025-11-28T21:00:00,VGK,MTL,1,4,0,,,,,,,,,"{""indoor"": true}"
NHL-20251128-LA-ANA-16,NHL,2025-11-28T21:00:00,ANA,LA,5,4,0,,,,,,,,,"{""indoor"": true}"
NHL-20251128-VAN-SJ-16,NHL,2025-11-28T21:00:00,SJ,VAN,3,2,0,,,,,,,,,"{""indoor"": true}"
NHL-20251128-TOR-WSH-17,NHL,2025-11-28T22:00:00,WSH,TOR,4,2,0,,,,,,,,,"{""indoor"": true}"
NHL-20251128-WPG-CAR-17,NHL,2025-11-28T22:00:00,CAR,WPG,5,1,0,,,,,,,,,"{""indoor"": true}"
NHL-20251128-PIT-CBJ-19,NHL,2025-11-29T00:00:00,CBJ,PIT,3,4,0,,,,,,,,,"{""indoor"": true}"
NHL-20251128-NSH-CHI-20,NHL,2025-11-29T01:00:00,CHI,NSH,3,4,0,,,,,,,,,"{""indoor"": true}"
NHL-20251128-UTAH-DAL-20,NHL,2025-11-29T01:00:00,DAL,UTAH,4,3,0,,,,,,,,,"{""indoor"": true}"
NHL-20251129-TB-NYR-14,NHL,2025-11-29T19:00:00,NYR,TB,1,4,0,,,,,,,,,"{""indoor"": true}"
NHL-20251129-MTL-COL-15,NHL,2025-11-29T20:00:00,COL,MTL,7,2,0,,,,,,,,,"{""indoor"": true}"
NHL-20251129-EDM-SEA-16,NHL,2025-11-29T21:00:00,SEA,EDM,0,4,0,,,,,,,,,"{""indoor"": true}"
NHL-20251129-DET-BOS-19,NHL,2025-11-30T00:00:00,BOS,DET,3,2,0,,,,,,,,,"{""indoor"": true}"
NHL-20251129-PHI-NJ-19,NHL,2025-11-30T00:00:00,NJ,PHI,3,5,0,,,,,,,,,"{""indoor"": true}"
NHL-20251129-TOR-PIT-19,NHL,2025-11-30T00:00:00,PIT,TOR,2,7,0,,,,,,,,,"{""indoor"": true}"
NHL-20251129-WPG-NSH-19,NHL,2025-11-30T00:00:00,NSH,WPG,2,5,0,,,,,,,,,"{""indoor"": true}"
NHL-20251129-UTAH-STL-20,NHL,2025-11-30T01:00:00,STL,UTAH,1,0,0,,,,,,,,,"{""indoor"": true}"
NHL-20251129-BUF-MIN-20,NHL,2025-11-30T01:00:00,MIN,BUF,2,3,0,,,,,,,,,"{""indoor"": true}"
NHL-20251129-SJ-VGK-22,NHL,2025-11-30T03:00:00,VGK,SJ,4,3,0,,,,,,,,,"{""indoor"": true}"
NHL-20251129-VAN-LA-22,NHL,2025-11-30T03:00:00,LA,VAN,2,1,0,,,,,,,,,"{""indoor"": true}"
NHL-20251130-WSH-NYI-13,NHL,2025-11-30T18:00:00,NYI,WSH,1,4,0,,,,,,,,,"{""indoor"": true}"
NHL-20251130-ANA-CHI-15,NHL,2025-11-30T20:30:00,CHI,ANA,5,3,0,,,,,,,,,"{""indoor"": true}"
NHL-20251130-CGY-CAR-17,NHL,2025-11-30T22:00:00,CAR,CGY,1,0,0,,,,,,,,,"{""indoor"": true}"
NHL-20251130-OTT-DAL-18,NHL,2025-11-30T23:00:00,DAL,OTT,6,1,0,,,,,,,,,"{""indoor"": true}"
NHL-20251201-CBJ-NJ-19,NHL,2025-12-02T00:00:00,NJ,CBJ,3,5,0,,,,,,,,,"{""indoor"": true}"
NHL-20251201-PIT-PHI-19,NHL,2025-12-02T00:00:00,PHI,PIT,1,5,0,,,,,,,,,"{""indoor"": true}"
NHL-20251201-WPG-BUF-19,NHL,2025-12-02T00:30:00,BUF,WPG,5,1,0,,,,,,,,,"{""indoor"": true}"
NHL-20251201-ANA-STL-20,NHL,2025-12-02T01:00:00,STL,ANA,1,4,0,,,,,,,,,"{""indoor"": true}"
NHL-20251201-UTAH-SJ-22,NHL,2025-12-02T03:00:00,SJ,UTAH,6,3,0,,,,,,,,,"{""indoor"": true}"
NHL-20251202-OTT-MTL-19,NHL,2025-12-03T00:00:00,MTL,OTT,2,5,0,,,,,,,,,"{""indoor"": true}"
NHL-20251202-BOS-DET-19,NHL,2025-12-03T00:00:00,DET,BOS,5,4,0,,,,,,,,,"{""indoor"": true}"
NHL-20251202-TB-NYI-19,NHL,2025-12-03T00:00:00,NYI,TB,2,1,0,,,,,,,,,"{""indoor"": true}"
NHL-20251202-DAL-NYR-19,NHL,2025-12-03T00:00:00,NYR,DAL,3,2,0,,,,,,,,,"{""indoor"": true}"
NHL-20251202-TOR-FLA-19,NHL,2025-12-03T00:30:00,FLA,TOR,1,4,0,,,,,,,,,"{""indoor"": true}"
NHL-20251202-CGY-NSH-20,NHL,2025-12-03T01:00:00,NSH,CGY,5,1,0,,,,,,,,,"{""indoor"": true}"
NHL-20251202-VAN-COL-21,NHL,2025-12-03T02:00:00,COL,VAN,3,1,0,,,,,,,,,"{""indoor"": true}"
NHL-20251202-MIN-EDM-21,NHL,2025-12-03T02:00:00,EDM,MIN,0,1,0,,,,,,,,,"{""indoor"": true}"
NHL-20251202-CHI-VGK-22,NHL,2025-12-03T03:00:00,VGK,CHI,4,3,0,,,,,,,,,"{""indoor"": true}"
NHL-20251202-WSH-LA-22,NHL,2025-12-03T03:30:00,LA,WSH,1,3,0,,,,,,,,,"{""indoor"": true}"
NHL-20251203-DAL-NJ-19,NHL,2025-12-04T00:00:00,NJ,DAL,0,3,0,,,,,,,,,"{""indoor"": true}"
NHL-20251203-WPG-MTL-19,NHL,2025-12-04T00:30:00,MTL,WPG,3,2,0,,,,,,,,,"{""indoor"": true}"
NHL-20251203-BUF-PHI-19,NHL,2025-12-04T00:30:00,PHI,BUF,5,2,0,,,,,,,,,"{""indoor"": true}"
NHL-20251203-UTAH-ANA-22,NHL,2025-12-04T03:00:00,ANA,UTAH,0,7,0,,,,,,,,,"{""indoor"": true}"
NHL-20251203-WSH-SJ-22,NHL,2025-12-04T03:00:00,SJ,WSH,1,7,0,,,,,,,,,"{""indoor"": true}"
NHL-20251204-STL-BOS-19,NHL,2025-12-05T00:00:00,BOS,STL,5,2,0,,,,,,,,,"{""indoor"": true}"
NHL-20251204-NYR-OTT-19,NHL,2025-12-05T00:00:00,OTT,NYR,2,4,0,,,,,,,,,"{""indoor"": true}"
NHL-20251204-PIT-TB-19,NHL,2025-12-05T00:00:00,TB,PIT,3,4,0,,,,,,,,,"{""indoor"": true}"
NHL-20251204-NSH-FLA-19,NHL,2025-12-05T00:00:00,FLA,NSH,1,2,0,,,,,,,,,"{""indoor"": true}"
NHL-20251204-COL-NYI-19,NHL,2025-12-05T00:00:00,NYI,COL,6,3,0,,,,,,,,,"{""indoor"": true}"
NHL-20251204-TOR-CAR-19,NHL,2025-12-05T00:00:00,CAR,TOR,1,5,0,,,,,,,,,"{""indoor"": true}"
NHL-20251204-DET-CBJ-19,NHL,2025-12-05T00:30:00,CBJ,DET,6,5,0,,,,,,,,,"{""indoor"": true}"
NHL-20251204-MIN-CGY-21,NHL,2025-12-05T02:00:00,CGY,MIN,4,1,0,,,,,,,,,"{""indoor"": true}"
NHL-20251204-SEA-EDM-21,NHL,2025-12-05T02:00:00,EDM,SEA,9,4,0,,,,,,,,,"{""indoor"": true}"
NHL-20251204-CHI-LA-22,NHL,2025-12-05T03:00:00,LA,CHI,1,2,0,,,,,,,,,"{""indoor"": true}"
NHL-20251205-VGK-NJ-19,NHL,2025-12-06T00:00:00,NJ,VGK,0,3,0,,,,,,,,,"{""indoor"": true}"
NHL-20251205-BUF-WPG-19,NHL,2025-12-06T00:00:00,WPG,BUF,4,1,0,,,,,,,,,"{""indoor"": true}"
NHL-20251205-SJ-DAL-20,NHL,2025-12-06T01:00:00,DAL,SJ,4,1,0,,,,,,,,,"{""indoor"": true}"
NHL-20251205-UTAH-VAN-21,NHL,2025-12-06T02:00:00,VAN,UTAH,1,4,0,,,,,,,,,"{""indoor"": true}"
NHL-20251205-WSH-ANA-22,NHL,2025-12-06T03:00:00,ANA,WSH,4,3,0,,,,,,,,,"{""indoor"": true}"
NHL-20251206-COL-NYR-12,NHL,2025-12-06T17:30:00,NYR,COL,2,3,0,,,,,,,,,"{""indoor"": true}"
NHL-20251206-CBJ-FLA-15,NHL,2025-12-06T20:30:00,FLA,CBJ,7,6,0,,,,,,,,,"{""indoor"": true}"
NHL-20251206-NJ-BOS-19,NHL,2025-12-07T00:00:00,BOS,NJ,4,1,0,,,,,,,,,"{""indoor"": true}"
NHL-20251206-MTL-TOR-19,NHL,2025-12-07T00:00:00,TOR,MTL,1,2,0,,,,,,,,,"{""indoor"": true}"
NHL-20251206-STL-OTT-19,NHL,2025-12-07T00:00:00,OTT,STL,1,2,0,,,,,,,,,"{""indoor"": true}"
NHL-20251206-NYI-TB-19,NHL,2025-12-07T00:00:00,TB,NYI,0,2,0,,,,,,,,,"{""indoor"": true}"
NHL-20251206-NSH-CAR-19,NHL,2025-12-07T00:00:00,CAR,NSH,6,3,0,,,,,,,,,"{""indoor"": true}"
NHL-20251206-UTAH-CGY-19,NHL,2025-12-07T00:00:00,CGY,UTAH,2,0,0,,,,,,,,,"{""indoor"": true}"
NHL-20251206-CHI-LA-21,NHL,2025-12-07T02:00:00,LA,CHI,6,0,0,,,,,,,,,"{""indoor"": true}"
NHL-20251206-WPG-EDM-22,NHL,2025-12-07T03:00:00,EDM,WPG,6,2,0,,,,,,,,,"{""indoor"": true}"
NHL-20251206-MIN-VAN-22,NHL,2025-12-07T03:00:00,VAN,MIN,4,2,0,,,,,,,,,"{""indoor"": true}"
NHL-20251206-DET-SEA-22,NHL,2025-12-07T03:00:00,SEA,DET,3,4,0,,,,,,,,,"{""indoor"": true}"
NHL-20251207-COL-PHI-13,NHL,2025-12-07T18:00:00,PHI,COL,2,3,0,,,,,,,,,"{""indoor"": true}"
NHL-20251207-NYI-FLA-17,NHL,2025-12-07T22:00:00,FLA,NYI,4,1,0,,,,,,,,,"{""indoor"": true}"
NHL-20251207-SJ-CAR-17,NHL,2025-12-07T22:00:00,CAR,SJ,1,4,0,,,,,,,,,"{""indoor"": true}"
NHL-20251207-PIT-DAL-18,NHL,2025-12-07T23:00:00,DAL,PIT,3,2,0,,,,,,,,,"{""indoor"": true}"
NHL-20251207-STL-MTL-19,NHL,2025-12-08T00:00:00,MTL,STL,3,4,0,,,,,,,,,"{""indoor"": true}"
NHL-20251207-VGK-NYR-19,NHL,2025-12-08T00:00:00,NYR,VGK,2,3,0,,,,,,,,,"{""indoor"": true}"
NHL-20251207-CBJ-WSH-19,NHL,2025-12-08T00:00:00,WSH,CBJ,2,0,0,,,,,,,,,"{""indoor"": true}"
NHL-20251207-CHI-ANA-20,NHL,2025-12-08T01:00:00,ANA,CHI,7,1,0,,,,,,,,,"{""indoor"": true}"
NHL-20251208-TB-TOR-19,NHL,2025-12-09T00:30:00,TOR,TB,2,0,0,,,,,,,,,"{""indoor"": true}"
NHL-20251208-LA-UTAH-21,NHL,2025-12-09T02:00:00,UTAH,LA,2,4,0,,,,,,,,,"{""indoor"": true}"
NHL-20251208-BUF-CGY-21,NHL,2025-12-09T02:00:00,CGY,BUF,7,4,0,,,,,,,,,"{""indoor"": true}"
NHL-20251208-DET-VAN-22,NHL,2025-12-09T03:00:00,VAN,DET,0,4,0,,,,,,,,,"{""indoor"": true}"
NHL-20251208-MIN-SEA-22,NHL,2025-12-09T03:00:00,SEA,MIN,1,4,0,,,,,,,,,"{""indoor"": true}"
NHL-20251209-TB-MTL-19,NHL,2025-12-10T00:00:00,MTL,TB,1,6,0,,,,,,,,,"{""indoor"": true}"
NHL-20251209-NJ-OTT-19,NHL,2025-12-10T00:00:00,OTT,NJ,3,4,0,,,,,,,,,"{""indoor"": true}"
NHL-20251209-VGK-NYI-19,NHL,2025-12-10T00:00:00,NYI,VGK,5,4,0,,,,,,,,,"{""indoor"": true}"
NHL-20251209-SJ-PHI-19,NHL,2025-12-10T00:00:00,PHI,SJ,4,1,0,,,,,,,,,"{""indoor"": true}"
NHL-20251209-ANA-PIT-19,NHL,2025-12-10T00:00:00,PIT,ANA,3,4,0,,,,,,,,,"{""indoor"": true}"
NHL-20251209-CBJ-CAR-19,NHL,2025-12-10T00:30:00,CAR,CBJ,4,1,0,,,,,,,,,"{""indoor"": true}"
NHL-20251209-BOS-STL-20,NHL,2025-12-10T01:00:00,STL,BOS,2,5,0,,,,,,,,,"{""indoor"": true}"
NHL-20251209-DAL-WPG-20,NHL,2025-12-10T01:00:00,WPG,DAL,3,4,0,,,,,,,,,"{""indoor"": true}"
NHL-20251209-BUF-EDM-21,NHL,2025-12-10T02:00:00,EDM,BUF,3,4,0,,,,,,,,,"{""indoor"": true}"
NHL-20251209-COL-NSH-21,NHL,2025-12-10T02:30:00,NSH,COL,4,3,0,,,,,,,,,"{""indoor"": true}"
NHL-20251210-NYR-CHI-19,NHL,2025-12-11T00:30:00,CHI,NYR,3,0,0,,,,,,,,,"{""indoor"": true}"
NHL-20251210-DET-CGY-20,NHL,2025-12-11T01:30:00,CGY,DET,3,4,0,,,,,,,,,"{""indoor"": true}"
NHL-20251210-FLA-UTAH-21,NHL,2025-12-11T02:00:00,UTAH,FLA,3,4,0,,,,,,,,,"{""indoor"": true}"
NHL-20251210-LA-SEA-22,NHL,2025-12-11T03:00:00,SEA,LA,3,2,0,,,,,,,,,"{""indoor"": true}"
NHL-20251211-SJ-TOR-19,NHL,2025-12-12T00:00:00,TOR,SJ,2,3,0,,,,,,,,,"{""indoor"": true}"
NHL-20251211-TB-NJ-19,NHL,2025-12-12T00:00:00,NJ,TB,4,8,0,,,,,,,,,"{""indoor"": true}"
NHL-20251211-ANA-NYI-19,NHL,2025-12-12T00:00:00,NYI,ANA,5,2,0,,,,,,,,,"{""indoor"": true}"
NHL-20251211-VGK-PHI-19,NHL,2025-12-12T00:00:00,PHI,VGK,2,3,0,,,,,,,,,"{""indoor"": true}"
NHL-20251211-CAR-WSH-19,NHL,2025-12-12T00:00:00,WSH,CAR,2,3,0,,,,,,,,,"{""indoor"": true}"
NHL-20251211-OTT-CBJ-19,NHL,2025-12-12T00:00:00,CBJ,OTT,3,6,0,,,,,,,,,"{""indoor"": true}"
NHL-20251211-MTL-PIT-19,NHL,2025-12-12T00:30:00,PIT,MTL,2,4,0,,,,,,,,,"{""indoor"": true}"
NHL-20251211-STL-NSH-20,NHL,2025-12-12T01:00:00,NSH,STL,7,2,0,,,,,,,,,"{""indoor"": true}"
NHL-20251211-DAL-MIN-20,NHL,2025-12-12T01:00:00,MIN,DAL,5,2,0,,,,,,,,,"{""indoor"": true}"
NHL-20251211-BOS-WPG-20,NHL,2025-12-12T01:00:00,WPG,BOS,3,6,0,,,,,,,,,"{""indoor"": true}"
NHL-20251211-DET-EDM-21,NHL,2025-12-12T02:00:00,EDM,DET,4,1,0,,,,,,,,,"{""indoor"": true}"
NHL-20251211-FLA-COL-21,NHL,2025-12-12T02:30:00,COL,FLA,6,2,0,,,,,,,,,"{""indoor"": true}"
NHL-20251211-BUF-VAN-22,NHL,2025-12-12T03:00:00,VAN,BUF,2,3,0,,,,,,,,,"{""indoor"": true}"
NHL-20251212-CHI-STL-20,NHL,2025-12-13T01:00:00,STL,CHI,3,2,0,,,,,,,,,"{""indoor"": true}"
NHL-20251212-SEA-UTAH-21,NHL,2025-12-13T02:00:00,UTAH,SEA,5,3,0,,,,,,,,,"{""indoor"": true}"
NHL-20251213-ANA-NJ-12,NHL,2025-12-13T17:30:00,NJ,ANA,4,1,0,,,,,,,,,"{""indoor"": true}"
NHL-20251213-OTT-MIN-14,NHL,2025-12-13T19:00:00,MIN,OTT,3,2,0,,,,,,,,,"{""indoor"": true}"
NHL-20251213-SJ-PIT-15,NHL,2025-12-13T20:00:00,PIT,SJ,5,6,0,,,,,,,,,"{""indoor"": true}"
NHL-20251213-TB-NYI-15,NHL,2025-12-13T20:30:00,NYI,TB,3,2,0,,,,,,,,,"{""indoor"": true}"
NHL-20251213-EDM-TOR-19,NHL,2025-12-14T00:00:00,TOR,EDM,3,6,0,,,,,,,,,"{""indoor"": true}"
NHL-20251213-MTL-NYR-19,NHL,2025-12-14T00:00:00,NYR,MTL,5,4,0,,,,,,,,,"{""indoor"": true}"
NHL-20251213-CAR-PHI-19,NHL,2025-12-14T00:00:00,PHI,CAR,3,4,0,,,,,,,,,"{""indoor"": true}"
NHL-20251213-VGK-CBJ-19,NHL,2025-12-14T00:00:00,CBJ,VGK,2,3,0,,,,,,,,,"{""indoor"": true}"
NHL-20251213-WSH-WPG-19,NHL,2025-12-14T00:00:00,WPG,WSH,5,1,0,,,,,,,,,"{""indoor"": true}"
NHL-20251213-DET-CHI-20,NHL,2025-12-14T01:00:00,CHI,DET,0,4,0,,,,,,,,,"{""indoor"": true}"
NHL-20251213-FLA-DAL-20,NHL,2025-12-14T01:00:00,DAL,FLA,0,4,0,,,,,,,,,"{""indoor"": true}"
NHL-20251213-NSH-COL-21,NHL,2025-12-14T02:00:00,COL,NSH,4,2,0,,,,,,,,,"{""indoor"": true}"
NHL-20251213-CGY-LA-22,NHL,2025-12-14T03:00:00,LA,CGY,1,2,0,,,,,,,,,"{""indoor"": true}"
NHL-20251214-VAN-NJ-12,NHL,2025-12-14T17:30:00,NJ,VAN,1,2,0,,,,,,,,,"{""indoor"": true}"
NHL-20251214-UTAH-PIT-15,NHL,2025-12-14T20:00:00,PIT,UTAH,4,5,0,,,,,,,,,"{""indoor"": true}"
NHL-20251214-PHI-CAR-17,NHL,2025-12-14T22:00:00,CAR,PHI,3,2,0,,,,,,,,,"{""indoor"": true}"
NHL-20251214-BOS-MIN-18,NHL,2025-12-14T23:00:00,MIN,BOS,6,2,0,,,,,,,,,"{""indoor"": true}"
NHL-20251214-EDM-MTL-19,NHL,2025-12-15T00:00:00,MTL,EDM,4,1,0,,,,,,,,,"{""indoor"": true}"
NHL-20251214-BUF-SEA-20,NHL,2025-12-15T01:00:00,SEA,BUF,1,3,0,,,,,,,,,"{""indoor"": true}"
NHL-20251215-FLA-TB-19,NHL,2025-12-16T00:00:00,TB,FLA,2,5,0,,,,,,,,,"{""indoor"": true}"
NHL-20251215-ANA-NYR-19,NHL,2025-12-16T00:00:00,NYR,ANA,1,4,0,,,,,,,,,"{""indoor"": true}"
NHL-20251215-OTT-WPG-19,NHL,2025-12-16T00:30:00,WPG,OTT,2,3,0,,,,,,,,,"{""indoor"": true}"
NHL-20251215-NSH-STL-20,NHL,2025-12-16T01:00:00,STL,NSH,2,5,0,,,,,,,,,"{""indoor"": true}"
NHL-20251215-LA-DAL-20,NHL,2025-12-16T01:00:00,DAL,LA,4,1,0,,,,,,,,,"{""indoor"": true}"
NHL-20251216-UTAH-BOS-19,NHL,2025-12-17T00:00:00,BOS,UTAH,4,1,0,,,,,,,,,"{""indoor"": true}"
NHL-20251216-CHI-TOR-19,NHL,2025-12-17T00:00:00,TOR,CHI,3,2,0,,,,,,,,,"{""indoor"": true}"
NHL-20251216-PHI-MTL-19,NHL,2025-12-17T00:00:00,MTL,PHI,1,4,0,,,,,,,,,"{""indoor"": true}"
NHL-20251216-NYI-DET-19,NHL,2025-12-17T00:00:00,DET,NYI,3,2,0,,,,,,,,,"{""indoor"": true}"
NHL-20251216-VAN-NYR-19,NHL,2025-12-17T00:00:00,NYR,VAN,0,3,0,,,,,,,,,"{""indoor"": true}"
NHL-20251216-ANA-CBJ-19,NHL,2025-12-17T00:00:00,CBJ,ANA,4,3,0,,,,,,,,,"{""indoor"": true}"
NHL-20251216-EDM-PIT-19,NHL,2025-12-17T00:30:00,PIT,EDM,4,6,0,,,,,,,,,"{""indoor"": true}"
NHL-20251216-WSH-MIN-20,NHL,2025-12-17T01:00:00,MIN,WSH,5,0,0,,,,,,,,,"{""indoor"": true}"
NHL-20251216-CGY-SJ-22,NHL,2025-12-17T03:00:00,SJ,CGY,6,3,0,,,,,,,,,"{""indoor"": true}"
NHL-20251216-COL-SEA-22,NHL,2025-12-17T03:00:00,SEA,COL,3,5,0,,,,,,,,,"{""indoor"": true}"
NHL-20251217-LA-FLA-19,NHL,2025-12-18T00:00:00,FLA,LA,3,2,0,,,,,,,,,"{""indoor"": true}"
NHL-20251217-UTAH-DET-19,NHL,2025-12-18T00:30:00,DET,UTAH,1,4,0,,,,,,,,,"{""indoor"": true}"
NHL-20251217-WPG-STL-20,NHL,2025-12-18T01:00:00,STL,WPG,1,0,0,,,,,,,,,"{""indoor"": true}"
NHL-20251217-CAR-NSH-20,NHL,2025-12-18T01:00:00,NSH,CAR,1,4,0,,,,,,,,,"{""indoor"": true}"
NHL-20251217-NJ-VGK-22,NHL,2025-12-18T03:00:00,VGK,NJ,1,2,0,,,,,,,,,"{""indoor"": true}"
NHL-20251218-EDM-BOS-19,NHL,2025-12-19T00:00:00,BOS,EDM,1,3,0,,,,,,,,,"{""indoor"": true}"
NHL-20251218-CHI-MTL-19,NHL,2025-12-19T00:00:00,MTL,CHI,4,1,0,,,,,,,,,"{""indoor"": true}"
NHL-20251218-PIT-OTT-19,NHL,2025-12-19T00:00:00,OTT,PIT,4,0,0,,,,,,,,,"{""indoor"": true}"
NHL-20251218-LA-TB-19,NHL,2025-12-19T00:00:00,TB,LA,1,2,0,,,,,,,,,"{""indoor"": true}"
NHL-20251218-TOR-WSH-19,NHL,2025-12-19T00:00:00,WSH,TOR,4,0,0,,,,,,,,,"{""indoor"": true}"
NHL-20251218-MIN-CBJ-19,NHL,2025-12-19T00:00:00,CBJ,MIN,2,5,0,,,,,,,,,"{""indoor"": true}"
NHL-20251218-PHI-BUF-19,NHL,2025-12-19T00:30:00,BUF,PHI,5,3,0,,,,,,,,,"{""indoor"": true}"
NHL-20251218-NYR-STL-20,NHL,2025-12-19T01:00:00,STL,NYR,1,2,0,,,,,,,,,"{""indoor"": true}"
NHL-20251218-SEA-CGY-21,NHL,2025-12-19T02:00:00,CGY,SEA,4,2,0,,,,,,,,,"{""indoor"": true}"
NHL-20251218-DAL-SJ-22,NHL,2025-12-19T03:00:00,SJ,DAL,3,5,0,,,,,,,,,"{""indoor"": true}"
NHL-20251219-CAR-FLA-19,NHL,2025-12-20T00:00:00,FLA,CAR,4,3,0,,,,,,,,,"{""indoor"": true}"
NHL-20251219-VAN-NYI-19,NHL,2025-12-20T00:00:00,NYI,VAN,1,4,0,,,,,,,,,"{""indoor"": true}"
NHL-20251219-WPG-COL-21,NHL,2025-12-20T02:00:00,COL,WPG,3,2,0,,,,,,,,,"{""indoor"": true}"
NHL-20251219-NJ-UTAH-21,NHL,2025-12-20T02:00:00,UTAH,NJ,1,2,0,,,,,,,,,"{""indoor"": true}"
NHL-20251219-DAL-ANA-22,NHL,2025-12-20T03:00:00,ANA,DAL,3,8,0,,,,,,,,,"{""indoor"": true}"
NHL-20251220-PHI-NYR-12,NHL,2025-12-20T17:30:00,NYR,PHI,5,4,0,,,,,,,,,"{""indoor"": true}"
NHL-20251220-DET-WSH-12,NHL,2025-12-20T17:30:00,WSH,DET,2,5,0,,,,,,,,,"{""indoor"": true}"
NHL-20251220-CHI-OTT-15,NHL,2025-12-20T20:00:00,OTT,CHI,6,4,0,,,,,,,,,"{""indoor"": true}"
NHL-20251220-EDM-MIN-15,NHL,2025-12-20T20:00:00,MIN,EDM,5,2,0,,,,,,,,,"{""indoor"": true}"
NHL-20251220-NYI-BUF-17,NHL,2025-12-20T22:00:00,BUF,NYI,3,2,0,,,,,,,,,"{""indoor"": true}"
NHL-20251220-STL-FLA-18,NHL,2025-12-20T23:00:00,FLA,STL,2,6,0,,,,,,,,,"{""indoor"": true}"
NHL-20251220-VAN-BOS-19,NHL,2025-12-21T00:00:00,BOS,VAN,4,5,0,,,,,,,,,"{""indoor"": true}"
NHL-20251220-PIT-MTL-19,NHL,2025-12-21T00:00:00,MTL,PIT,4,0,0,,,,,,,,,"{""indoor"": true}"
NHL-20251220-CAR-TB-19,NHL,2025-12-21T00:00:00,TB,CAR,6,4,0,,,,,,,,,"{""indoor"": true}"
NHL-20251220-TOR-NSH-19,NHL,2025-12-21T00:00:00,NSH,TOR,5,3,0,,,,,,,,,"{""indoor"": true}"
NHL-20251220-VGK-CGY-22,NHL,2025-12-21T03:00:00,CGY,VGK,6,3,0,,,,,,,,,"{""indoor"": true}"
NHL-20251220-CBJ-ANA-22,NHL,2025-12-21T03:00:00,ANA,CBJ,4,3,0,,,,,,,,,"{""indoor"": true}"
NHL-20251220-SEA-SJ-22,NHL,2025-12-21T03:00:00,SJ,SEA,2,4,0,,,,,,,,,"{""indoor"": true}"
NHL-20251221-WSH-DET-13,NHL,2025-12-21T18:00:00,DET,WSH,3,2,0,,,,,,,,,"{""indoor"": true}"
NHL-20251221-COL-MIN-18,NHL,2025-12-21T23:00:00,MIN,COL,1,5,0,,,,,,,,,"{""indoor"": true}"
NHL-20251221-OTT-BOS-19,NHL,2025-12-22T00:00:00,BOS,OTT,2,6,0,,,,,,,,,"{""indoor"": true}"
NHL-20251221-BUF-NJ-19,NHL,2025-12-22T00:00:00,NJ,BUF,1,3,0,,,,,,,,,"{""indoor"": true}"
NHL-20251221-MTL-PIT-19,NHL,2025-12-22T00:00:00,PIT,MTL,4,3,0,,,,,,,,,"{""indoor"": true}"
NHL-20251221-NYR-NSH-19,NHL,2025-12-22T00:00:00,NSH,NYR,2,1,0,,,,,,,,,"{""indoor"": true}"
NHL-20251221-TOR-DAL-19,NHL,2025-12-22T00:00:00,DAL,TOR,5,1,0,,,,,,,,,"{""indoor"": true}"
NHL-20251221-WPG-UTAH-19,NHL,2025-12-22T00:00:00,UTAH,WPG,4,3,0,,,,,,,,,"{""indoor"": true}"
NHL-20251221-VGK-EDM-20,NHL,2025-12-22T01:00:00,EDM,VGK,4,3,0,,,,,,,,,"{""indoor"": true}"
NHL-20251222-STL-TB-19,NHL,2025-12-23T00:00:00,TB,STL,4,1,0,,,,,,,,,"{""indoor"": true}"
NHL-20251222-VAN-PHI-19,NHL,2025-12-23T00:30:00,PHI,VAN,5,2,0,,,,,,,,,"{""indoor"": true}"
NHL-20251222-SEA-ANA-22,NHL,2025-12-23T03:00:00,ANA,SEA,1,3,0,,,,,,,,,"{""indoor"": true}"
NHL-20251222-CBJ-LA-22,NHL,2025-12-23T03:00:00,LA,CBJ,1,3,0,,,,,,,,,"{""indoor"": true}"
NHL-20251223-PIT-TOR-16,NHL,2025-12-23T21:00:00,TOR,PIT,6,3,0,,,,,,,,,"{""indoor"": true}"
NHL-20251223-DAL-DET-18,NHL,2025-12-23T23:30:00,DET,DAL,4,3,0,,,,,,,,,"{""indoor"": true}"
NHL-20251223-NYR-WSH-19,NHL,2025-12-24T00:00:00,WSH,NYR,3,7,0,,,,,,,,,"{""indoor"": true}"
NHL-20251223-MTL-BOS-19,NHL,2025-12-24T00:00:00,BOS,MTL,2,6,0,,,,,,,,,"{""indoor"": true}"
NHL-20251223-BUF-OTT-19,NHL,2025-12-24T00:00:00,OTT,BUF,2,3,0,,,,,,,,,"{""indoor"": true}"
NHL-20251223-NJ-NYI-19,NHL,2025-12-24T00:00:00,NYI,NJ,2,1,0,,,,,,,,,"{""indoor"": true}"
NHL-20251223-FLA-CAR-19,NHL,2025-12-24T00:00:00,CAR,FLA,2,5,0,,,,,,,,,"{""indoor"": true}"
NHL-20251223-NSH-MIN-20,NHL,2025-12-24T01:00:00,MIN,NSH,2,3,0,,,,,,,,,"{""indoor"": true}"
NHL-20251223-PHI-CHI-21,NHL,2025-12-24T02:00:00,CHI,PHI,1,3,0,,,,,,,,,"{""indoor"": true}"
NHL-20251223-UTAH-COL-21,NHL,2025-12-24T02:00:00,COL,UTAH,1,0,0,,,,,,,,,"{""indoor"": true}"
NHL-20251223-CGY-EDM-21,NHL,2025-12-24T02:00:00,EDM,CGY,5,1,0,,,,,,,,,"{""indoor"": true}"
NHL-20251223-SJ-VGK-22,NHL,2025-12-24T03:00:00,VGK,SJ,7,2,0,,,,,,,,,"{""indoor"": true}"
NHL-20251223-SEA-LA-22,NHL,2025-12-24T03:00:00,LA,SEA,2,3,0,,,,,,,,,"{""indoor"": true}"
NHL-20251227-NYR-NYI-18,NHL,2025-12-27T23:00:00,NYI,NYR,2,0,0,,,,,,,,,"{""indoor"": true}"
NHL-20251227-BOS-BUF-19,NHL,2025-12-28T00:00:00,BUF,BOS,4,1,0,,,,,,,,,"{""indoor"": true}"
NHL-20251227-OTT-TOR-19,NHL,2025-12-28T00:00:00,TOR,OTT,7,5,0,,,,,,,,,"{""indoor"": true}"
NHL-20251227-TB-FLA-19,NHL,2025-12-28T00:00:00,FLA,TB,2,4,0,,,,,,,,,"{""indoor"": true}"
NHL-20251227-WSH-NJ-19,NHL,2025-12-28T00:00:00,NJ,WSH,3,4,0,,,,,,,,,"{""indoor"": true}"
NHL-20251227-DET-CAR-19,NHL,2025-12-28T00:00:00,CAR,DET,5,2,0,,,,,,,,,"{""indoor"": true}"
NHL-20251227-MIN-WPG-19,NHL,2025-12-28T00:00:00,WPG,MIN,3,4,0,,,,,,,,,"{""indoor"": true}"
NHL-20251227-NSH-STL-20,NHL,2025-12-28T01:00:00,STL,NSH,3,2,0,,,,,,,,,"{""indoor"": true}"
NHL-20251227-CHI-DAL-20,NHL,2025-12-28T01:00:00,DAL,CHI,3,4,0,,,,,,,,,"{""indoor"": true}"
NHL-20251227-ANA-LA-21,NHL,2025-12-28T02:00:00,LA,ANA,6,1,0,,,,,,,,,"{""indoor"": true}"
NHL-20251227-EDM-CGY-22,NHL,2025-12-28T03:00:00,CGY,EDM,3,2,0,,,,,,,,,"{""indoor"": true}"
NHL-20251227-SJ-VAN-22,NHL,2025-12-28T03:00:00,VAN,SJ,3,6,0,,,,,,,,,"{""indoor"": true}"
NHL-20251227-COL-VGK-22,NHL,2025-12-28T03:00:00,VGK,COL,5,6,0,,,,,,,,,"{""indoor"": true}"
NHL-20251228-MTL-TB-17,NHL,2025-12-28T22:00:00,TB,MTL,5,4,0,,,,,,,,,"{""indoor"": true}"
NHL-20251228-NYI-CBJ-17,NHL,2025-12-28T22:00:00,CBJ,NYI,4,2,0,,,,,,,,,"{""indoor"": true}"
NHL-20251228-TOR-DET-19,NHL,2025-12-29T00:00:00,DET,TOR,3,2,0,,,,,,,,,"{""indoor"": true}"
NHL-20251228-PIT-CHI-19,NHL,2025-12-29T00:00:00,CHI,PIT,3,7,0,,,,,,,,,"{""indoor"": true}"
NHL-20251228-PHI-SEA-20,NHL,2025-12-29T01:00:00,SEA,PHI,4,1,0,,,,,,,,,"{""indoor"": true}"
NHL-20251229-WSH-FLA-19,NHL,2025-12-30T00:00:00,FLA,WSH,5,3,0,,,,,,,,,"{""indoor"": true}"
NHL-20251229-NYR-CAR-19,NHL,2025-12-30T00:00:00,CAR,NYR,3,2,0,,,,,,,,,"{""indoor"": true}"
NHL-20251229-CBJ-OTT-19,NHL,2025-12-30T00:30:00,OTT,CBJ,1,4,0,,,,,,,,,"{""indoor"": true}"
NHL-20251229-EDM-WPG-19,NHL,2025-12-30T00:30:00,WPG,EDM,1,3,0,,,,,,,,,"{""indoor"": true}"
NHL-20251229-BUF-STL-20,NHL,2025-12-30T01:00:00,STL,BUF,2,4,0,,,,,,,,,"{""indoor"": true}"
NHL-20251229-LA-COL-21,NHL,2025-12-30T02:00:00,COL,LA,5,2,0,,,,,,,,,"{""indoor"": true}"
NHL-20251229-NSH-UTAH-21,NHL,2025-12-30T02:00:00,UTAH,NSH,3,4,0,,,,,,,,,"{""indoor"": true}"
NHL-20251229-BOS-CGY-21,NHL,2025-12-30T02:00:00,CGY,BOS,2,1,0,,,,,,,,,"{""indoor"": true}"
NHL-20251229-MIN-VGK-22,NHL,2025-12-30T03:00:00,VGK,MIN,2,5,0,,,,,,,,,"{""indoor"": true}"
NHL-20251229-SJ-ANA-22,NHL,2025-12-30T03:00:00,ANA,SJ,4,5,0,,,,,,,,,"{""indoor"": true}"
NHL-20251229-VAN-SEA-22,NHL,2025-12-30T03:00:00,SEA,VAN,2,3,0,,,,,,,,,"{""indoor"": true}"
NHL-20251230-NJ-TOR-19,NHL,2025-12-31T00:00:00,TOR,NJ,4,0,0,,,,,,,,,"{""indoor"": true}"
NHL-20251230-MTL-FLA-19,NHL,2025-12-31T00:00:00,FLA,MTL,2,3,0,,,,,,,,,"{""indoor"": true}"
NHL-20251230-CAR-PIT-19,NHL,2025-12-31T00:00:00,PIT,CAR,5,1,0,,,,,,,,,"{""indoor"": true}"
NHL-20251230-NYI-CHI-20,NHL,2025-12-31T01:30:00,CHI,NYI,2,3,0,,,,,,,,,"{""indoor"": true}"
NHL-20251230-PHI-VAN-22,NHL,2025-12-31T03:00:00,VAN,PHI,3,6,0,,,,,,,,,"{""indoor"": true}"
NHL-20251231-NYR-WSH-12,NHL,2025-12-31T17:30:00,WSH,NYR,6,3,0,,,,,,,,,"{""indoor"": true}"
NHL-20251231-NSH-VGK-15,NHL,2025-12-31T20:00:00,VGK,NSH,2,4,0,,,,,,,,,"{""indoor"": true}"
NHL-20251231-TB-ANA-16,NHL,2025-12-31T21:00:00,ANA,TB,3,4,0,,,,,,,,,"{""indoor"": true}"
NHL-20251231-MIN-SJ-16,NHL,2025-12-31T21:00:00,SJ,MIN,4,3,0,,,,,,,,,"{""indoor"": true}"
NHL-20251231-WPG-DET-18,NHL,2025-12-31T23:30:00,DET,WPG,2,1,0,,,,,,,,,"{""indoor"": true}"
NHL-20251231-NJ-CBJ-19,NHL,2026-01-01T00:00:00,CBJ,NJ,2,3,0,,,,,,,,,"{""indoor"": true}"
NHL-20251231-BUF-DAL-20,NHL,2026-01-01T01:00:00,DAL,BUF,1,4,0,,,,,,,,,"{""indoor"": true}"
NHL-20251231-STL-COL-21,NHL,2026-01-01T02:00:00,COL,STL,6,1,0,,,,,,,,,"{""indoor"": true}"
NHL-20251231-PHI-CGY-21,NHL,2026-01-01T02:30:00,CGY,PHI,5,1,0,,,,,,,,,"{""indoor"": true}"
NHL-20251231-BOS-EDM-21,NHL,2026-01-01T02:30:00,EDM,BOS,2,6,0,,,,,,,,,"{""indoor"": true}"
NHL-20260101-WSH-OTT-13,NHL,2026-01-01T18:00:00,OTT,WSH,4,3,0,,,,,,,,,"{""indoor"": true}"
NHL-20260101-UTAH-NYI-15,NHL,2026-01-01T20:00:00,NYI,UTAH,2,7,0,,,,,,,,,"{""indoor"": true}"
NHL-20260101-WPG-TOR-19,NHL,2026-01-02T00:00:00,TOR,WPG,6,5,0,,,,,,,,,"{""indoor"": true}"
NHL-20260101-DET-PIT-19,NHL,2026-01-02T00:00:00,PIT,DET,4,3,0,,,,,,,,,"{""indoor"": true}"
NHL-20260101-MTL-CAR-19,NHL,2026-01-02T00:00:00,CAR,MTL,5,7,0,,,,,,,,,"{""indoor"": true}"
NHL-20260101-TB-LA-19,NHL,2026-01-02T00:00:00,LA,TB,3,5,0,,,,,,,,,"{""indoor"": true}"
NHL-20260101-DAL-CHI-20,NHL,2026-01-02T01:30:00,CHI,DAL,4,3,0,,,,,,,,,"{""indoor"": true}"
NHL-20260101-NSH-SEA-22,NHL,2026-01-02T03:00:00,SEA,NSH,4,1,0,,,,,,,,,"{""indoor"": true}"
NHL-20260102-VGK-STL-15,NHL,2026-01-02T20:00:00,STL,VGK,4,3,0,,,,,,,,,"{""indoor"": true}"
NHL-20260102-NYR-FLA-20,NHL,2026-01-03T01:00:00,FLA,NYR,1,5,1,,,,,,,,,"{""indoor"": true}"
NHL-20260102-SEA-VAN-22,NHL,2026-01-03T03:30:00,VAN,SEA,3,4,0,,,,,,,,,"{""indoor"": true}"
NHL-20260102-MIN-ANA-22,NHL,2026-01-03T03:30:00,ANA,MIN,2,5,0,,,,,,,,,"{""indoor"": true}"
NHL-20260103-PIT-DET-12,NHL,2026-01-03T17:00:00,DET,PIT,1,4,0,,,,,,,,,"{""indoor"": true}"
NHL-20260103-UTAH-NJ-15,NHL,2026-01-03T20:00:00,NJ,UTAH,4,1,0,,,,,,,,,"{""indoor"": true}"
NHL-20260103-BUF-CBJ-15,NHL,2026-01-03T20:00:00,CBJ,BUF,5,1,0,,,,,,,,,"{""indoor"": true}"
NHL-20260103-PHI-EDM-15,NHL,2026-01-03T20:30:00,EDM,PHI,2,5,0,,,,,,,,,"{""indoor"": true}"
NHL-20260103-MTL-STL-16,NHL,2026-01-03T21:00:00,STL,MTL,2,0,0,,,,,,,,,"{""indoor"": true}"
NHL-20260103-TB-SJ-16,NHL,2026-01-03T21:00:00,SJ,TB,3,7,0,,,,,,,,,"{""indoor"": true}"
NHL-20260103-WPG-OTT-19,NHL,2026-01-04T00:00:00,OTT,WPG,4,2,0,,,,,,,,,"{""indoor"": true}"
NHL-20260103-TOR-NYI-19,NHL,2026-01-04T00:00:00,NYI,TOR,4,3,0,,,,,,,,,"{""indoor"": true}"
NHL-20260103-CHI-WSH-19,NHL,2026-01-04T00:00:00,WSH,CHI,2,3,0,,,,,,,,,"{""indoor"": true}"
NHL-20260103-COL-CAR-19,NHL,2026-01-04T00:00:00,CAR,COL,3,5,0,,,,,,,,,"{""indoor"": true}"
NHL-20260103-NSH-CGY-19,NHL,2026-01-04T00:00:00,CGY,NSH,3,4,0,,,,,,,,,"{""indoor"": true}"
NHL-20260103-MIN-LA-21,NHL,2026-01-04T02:00:00,LA,MIN,5,4,0,,,,,,,,,"{""indoor"": true}"
NHL-20260103-BOS-VAN-22,NHL,2026-01-04T03:00:00,VAN,BOS,2,3,0,,,,,,,,,"{""indoor"": true}"
NHL-20260104-MTL-DAL-14,NHL,2026-01-04T19:00:00,DAL,MTL,3,4,0,,,,,,,,,"{""indoor"": true}"
NHL-20260104-PIT-CBJ-15,NHL,2026-01-04T20:00:00,CBJ,PIT,4,5,0,,,,,,,,,"{""indoor"": true}"
NHL-20260104-COL-FLA-17,NHL,2026-01-04T22:00:00,FLA,COL,2,1,0,,,,,,,,,"{""indoor"": true}"
NHL-20260104-CAR-NJ-19,NHL,2026-01-05T00:00:00,NJ,CAR,1,3,0,,,,,,,,,"{""indoor"": true}"
NHL-20260104-VGK-CHI-19,NHL,2026-01-05T00:00:00,CHI,VGK,3,2,0,,,,,,,,,"{""indoor"": true}"
NHL-20260105-UTAH-NYR-19,NHL,2026-01-06T00:00:00,NYR,UTAH,2,3,0,,,,,,,,,"{""indoor"": true}"
NHL-20260105-ANA-WSH-19,NHL,2026-01-06T00:00:00,WSH,ANA,7,4,0,,,,,,,,,"{""indoor"": true}"
NHL-20260105-DET-OTT-19,NHL,2026-01-06T00:30:00,OTT,DET,3,5,0,,,,,,,,,"{""indoor"": true}"
NHL-20260105-SEA-CGY-21,NHL,2026-01-06T02:30:00,CGY,SEA,1,5,0,,,,,,,,,"{""indoor"": true}"
NHL-20260105-MIN-LA-22,NHL,2026-01-06T03:30:00,LA,MIN,4,2,0,,,,,,,,,"{""indoor"": true}"
NHL-20260106-VAN-BUF-19,NHL,2026-01-07T00:00:00,BUF,VAN,5,3,0,,,,,,,,,"{""indoor"": true}"
NHL-20260106-COL-TB-19,NHL,2026-01-07T00:00:00,TB,COL,4,2,0,,,,,,,,,"{""indoor"": true}"
NHL-20260106-ANA-PHI-19,NHL,2026-01-07T00:00:00,PHI,ANA,5,2,0,,,,,,,,,"{""indoor"": true}"
NHL-20260106-DAL-CAR-19,NHL,2026-01-07T00:00:00,CAR,DAL,6,3,0,,,,,,,,,"{""indoor"": true}"
NHL-20260106-NJ-NYI-19,NHL,2026-01-07T00:30:00,NYI,NJ,9,0,0,,,,,,,,,"{""indoor"": true}"
NHL-20260106-FLA-TOR-19,NHL,2026-01-07T00:30:00,TOR,FLA,4,1,0,,,,,,,,,"{""indoor"": true}"
NHL-20260106-VGK-WPG-20,NHL,2026-01-07T01:00:00,WPG,VGK,3,4,0,,,,,,,,,"{""indoor"": true}"
NHL-20260106-NSH-EDM-21,NHL,2026-01-07T02:00:00,EDM,NSH,6,2,0,,,,,,,,,"{""indoor"": true}"
NHL-20260106-CBJ-SJ-22,NHL,2026-01-07T03:00:00,SJ,CBJ,5,2,0,,,,,,,,,"{""indoor"": true}"
NHL-20260106-BOS-SEA-22,NHL,2026-01-07T03:00:00,SEA,BOS,7,4,0,,,,,,,,,"{""indoor"": true}"
NHL-20260107-DAL-WSH-19,NHL,2026-01-08T00:00:00,WSH,DAL,1,4,0,,,,,,,,,"{""indoor"": true}"
NHL-20260107-CGY-MTL-19,NHL,2026-01-08T00:30:00,MTL,CGY,4,1,0,,,,,,,,,"{""indoor"": true}"
NHL-20260107-STL-CHI-21,NHL,2026-01-08T02:30:00,CHI,STL,7,3,0,,,,,,,,,"{""indoor"": true}"
NHL-20260107-OTT-UTAH-21,NHL,2026-01-08T02:30:00,UTAH,OTT,3,1,0,,,,,,,,,"{""indoor"": true}"
NHL-20260107-SJ-LA-22,NHL,2026-01-08T03:30:00,LA,SJ,3,4,0,,,,,,,,,"{""indoor"": true}"
NHL-20260108-CGY-BOS-19,NHL,2026-01-09T00:00:00,BOS,CGY,4,1,0,,,,,,,,,"{""indoor"": true}"
NHL-20260108-FLA-MTL-19,NHL,2026-01-09T00:00:00,MTL,FLA,6,2,0,,,,,,,,,"{""indoor"": true}"
NHL-20260108-VAN-DET-19,NHL,2026-01-09T00:00:00,DET,VAN,5,1,0,,,,,,,,,"{""indoor"": true}"
NHL-20260108-BUF-NYR-19,NHL,2026-01-09T00:00:00,NYR,BUF,2,5,0,,,,,,,,,"{""indoor"": true}"
NHL-20260108-TOR-PHI-19,NHL,2026-01-09T00:00:00,PHI,TOR,1,2,0,,,,,,,,,"{""indoor"": true}"
NHL-20260108-NJ-PIT-19,NHL,2026-01-09T00:00:00,PIT,NJ,4,1,0,,,,,,,,,"{""indoor"": true}"
NHL-20260108-ANA-CAR-19,NHL,2026-01-09T00:00:00,CAR,ANA,5,2,0,,,,,,,,,"{""indoor"": true}"
NHL-20260108-NYI-NSH-20,NHL,2026-01-09T01:00:00,NSH,NYI,2,1,0,,,,,,,,,"{""indoor"": true}"
NHL-20260108-EDM-WPG-20,NHL,2026-01-09T01:00:00,WPG,EDM,3,4,0,,,,,,,,,"{""indoor"": true}"
NHL-20260108-OTT-COL-21,NHL,2026-01-09T02:00:00,COL,OTT,8,2,0,,,,,,,,,"{""indoor"": true}"
NHL-20260108-CBJ-VGK-22,NHL,2026-01-09T03:00:00,VGK,CBJ,5,3,0,,,,,,,,,"{""indoor"": true}"
NHL-20260108-MIN-SEA-22,NHL,2026-01-09T03:00:00,SEA,MIN,2,3,0,,,,,,,,,"{""indoor"": true}"
NHL-20260109-WSH-CHI-20,NHL,2026-01-10T01:00:00,CHI,WSH,1,5,0,,,,,,,,,"{""indoor"": true}"
NHL-20260109-LA-WPG-20,NHL,2026-01-10T01:00:00,WPG,LA,5,1,0,,,,,,,,,"{""indoor"": true}"
NHL-20260109-STL-UTAH-21,NHL,2026-01-10T02:00:00,UTAH,STL,4,2,0,,,,,,,,,"{""indoor"": true}"
NHL-20260110-NYR-BOS-13,NHL,2026-01-10T18:00:00,BOS,NYR,10,2,0,,,,,,,,,"{""indoor"": true}"
NHL-20260110-CGY-PIT-15,NHL,2026-01-10T20:30:00,PIT,CGY,1,2,0,,,,,,,,,"{""indoor"": true}"
NHL-20260110-CBJ-COL-16,NHL,2026-01-10T21:00:00,COL,CBJ,4,0,0,,,,,,,,,"{""indoor"": true}"
NHL-20260110-DAL-SJ-16,NHL,2026-01-10T21:00:00,SJ,DAL,5,4,0,,,,,,,,,"{""indoor"": true}"
NHL-20260110-ANA-BUF-19,NHL,2026-01-11T00:00:00,BUF,ANA,5,3,0,,,,,,,,,"{""indoor"": true}"
NHL-20260110-VAN-TOR-19,NHL,2026-01-11T00:00:00,TOR,VAN,5,0,0,,,,,,,,,"{""indoor"": true}"
NHL-20260110-DET-MTL-19,NHL,2026-01-11T00:00:00,MTL,DET,0,4,0,,,,,,,,,"{""indoor"": true}"
NHL-20260110-FLA-OTT-19,NHL,2026-01-11T00:00:00,OTT,FLA,2,3,0,,,,,,,,,"{""indoor"": true}"
NHL-20260110-TB-PHI-19,NHL,2026-01-11T00:00:00,PHI,TB,2,7,0,,,,,,,,,"{""indoor"": true}"
NHL-20260110-SEA-CAR-19,NHL,2026-01-11T00:00:00,CAR,SEA,3,2,0,,,,,,,,,"{""indoor"": true}"
NHL-20260110-CHI-NSH-20,NHL,2026-01-11T01:00:00,NSH,CHI,0,3,0,,,,,,,,,"{""indoor"": true}"
NHL-20260110-NYI-MIN-20,NHL,2026-01-11T01:00:00,MIN,NYI,3,4,0,,,,,,,,,"{""indoor"": true}"
NHL-20260110-LA-EDM-22,NHL,2026-01-11T03:00:00,EDM,LA,3,4,0,,,,,,,,,"{""indoor"": true}"
NHL-20260110-STL-VGK-22,NHL,2026-01-11T03:00:00,VGK,STL,4,2,0,,,,,,,,,"{""indoor"": true}"
NHL-20260111-NJ-WPG-14,NHL,2026-01-11T19:00:00,WPG,NJ,4,3,0,,,,,,,,,"{""indoor"": true}"
NHL-20260111-PIT-BOS-17,NHL,2026-01-11T22:00:00,BOS,PIT,1,0,0,,,,,,,,,"{""indoor"": true}"
NHL-20260111-WSH-NSH-19,NHL,2026-01-12T00:00:00,NSH,WSH,3,2,0,,,,,,,,,"{""indoor"": true}"
NHL-20260111-CBJ-UTAH-19,NHL,2026-01-12T00:00:00,UTAH,CBJ,2,3,0,,,,,,,,,"{""indoor"": true}"
NHL-20260111-VGK-SJ-20,NHL,2026-01-12T01:00:00,SJ,VGK,2,7,0,,,,,,,,,"{""indoor"": true}"
NHL-20260112-FLA-BUF-19,NHL,2026-01-13T00:00:00,BUF,FLA,3,4,0,,,,,,,,,"{""indoor"": true}"
NHL-20260112-CAR-DET-19,NHL,2026-01-13T00:00:00,DET,CAR,4,3,0,,,,,,,,,"{""indoor"": true}"
NHL-20260112-SEA-NYR-19,NHL,2026-01-13T00:00:00,NYR,SEA,2,4,0,,,,,,,,,"{""indoor"": true}"
NHL-20260112-TB-PHI-19,NHL,2026-01-13T00:00:00,PHI,TB,1,5,0,,,,,,,,,"{""indoor"": true}"
NHL-20260112-VAN-MTL-19,NHL,2026-01-13T00:30:00,MTL,VAN,6,3,0,,,,,,,,,"{""indoor"": true}"
NHL-20260112-NJ-MIN-20,NHL,2026-01-13T01:00:00,MIN,NJ,2,5,0,,,,,,,,,"{""indoor"": true}"
NHL-20260112-EDM-CHI-20,NHL,2026-01-13T01:30:00,CHI,EDM,1,4,0,,,,,,,,,"{""indoor"": true}"
NHL-20260112-TOR-COL-22,NHL,2026-01-13T03:00:00,COL,TOR,3,4,0,,,,,,,,,"{""indoor"": true}"
NHL-20260112-DAL-LA-22,NHL,2026-01-13T03:00:00,LA,DAL,1,3,0,,,,,,,,,"{""indoor"": true}"
NHL-20260113-VAN-OTT-19,NHL,2026-01-14T00:00:00,OTT,VAN,2,1,0,,,,,,,,,"{""indoor"": true}"
NHL-20260113-TB-PIT-19,NHL,2026-01-14T00:00:00,PIT,TB,1,2,0,,,,,,,,,"{""indoor"": true}"
NHL-20260113-MTL-WSH-19,NHL,2026-01-14T00:00:00,WSH,MTL,3,2,0,,,,,,,,,"{""indoor"": true}"
NHL-20260113-CGY-CBJ-19,NHL,2026-01-14T00:00:00,CBJ,CGY,5,3,0,,,,,,,,,"{""indoor"": true}"
NHL-20260113-DET-BOS-19,NHL,2026-01-14T00:30:00,BOS,DET,3,0,0,,,,,,,,,"{""indoor"": true}"
NHL-20260113-CAR-STL-19,NHL,2026-01-14T00:30:00,STL,CAR,3,0,0,,,,,,,,,"{""indoor"": true}"
NHL-20260113-EDM-NSH-20,NHL,2026-01-14T01:00:00,NSH,EDM,4,3,0,,,,,,,,,"{""indoor"": true}"
NHL-20260113-NYI-WPG-20,NHL,2026-01-14T01:00:00,WPG,NYI,5,4,0,,,,,,,,,"{""indoor"": true}"
NHL-20260113-TOR-UTAH-22,NHL,2026-01-14T03:00:00,UTAH,TOR,6,1,0,,,,,,,,,"{""indoor"": true}"
NHL-20260113-DAL-ANA-22,NHL,2026-01-14T03:00:00,ANA,DAL,3,1,0,,,,,,,,,"{""indoor"": true}"
NHL-20260114-SEA-NJ-19,NHL,2026-01-15T00:00:00,NJ,SEA,3,2,0,,,,,,,,,"{""indoor"": true}"
NHL-20260114-PHI-BUF-19,NHL,2026-01-15T00:30:00,BUF,PHI,5,2,0,,,,,,,,,"{""indoor"": true}"
NHL-20260114-OTT-NYR-19,NHL,2026-01-15T00:30:00,NYR,OTT,4,8,0,,,,,,,,,"{""indoor"": true}"
NHL-20260114-VGK-LA-22,NHL,2026-01-15T03:00:00,LA,VGK,2,3,0,,,,,,,,,"{""indoor"": true}"
NHL-20260115-MTL-BUF-19,NHL,2026-01-16T00:00:00,BUF,MTL,5,3,0,,,,,,,,,"{""indoor"": true}"
NHL-20260115-PHI-PIT-19,NHL,2026-01-16T00:00:00,PIT,PHI,6,3,0,,,,,,,,,"{""indoor"": true}"
NHL-20260115-SJ-WSH-19,NHL,2026-01-16T00:00:00,WSH,SJ,2,3,0,,,,,,,,,"{""indoor"": true}"
NHL-20260115-VAN-CBJ-19,NHL,2026-01-16T00:00:00,CBJ,VAN,4,1,0,,,,,,,,,"{""indoor"": true}"
NHL-20260115-SEA-BOS-20,NHL,2026-01-16T01:00:00,BOS,SEA,4,2,0,,,,,,,,,"{""indoor"": true}"
NHL-20260115-WPG-MIN-20,NHL,2026-01-16T01:00:00,MIN,WPG,2,6,0,,,,,,,,,"{""indoor"": true}"
NHL-20260115-CGY-CHI-20,NHL,2026-01-16T01:30:00,CHI,CGY,1,3,0,,,,,,,,,"{""indoor"": true}"
NHL-20260115-DAL-UTAH-21,NHL,2026-01-16T02:00:00,UTAH,DAL,2,1,0,,,,,,,,,"{""indoor"": true}"
NHL-20260115-NYI-EDM-21,NHL,2026-01-16T02:00:00,EDM,NYI,0,1,0,,,,,,,,,"{""indoor"": true}"
NHL-20260115-TOR-VGK-21,NHL,2026-01-16T02:30:00,VGK,TOR,6,5,0,,,,,,,,,"{""indoor"": true}"
NHL-20260116-SJ-DET-19,NHL,2026-01-17T00:00:00,DET,SJ,4,2,0,,,,,,,,,"{""indoor"": true}"
NHL-20260116-FLA-CAR-19,NHL,2026-01-17T00:00:00,CAR,FLA,9,1,0,,,,,,,,,"{""indoor"": true}"
NHL-20260116-TB-STL-20,NHL,2026-01-17T01:00:00,STL,TB,3,2,0,,,,,,,,,"{""indoor"": true}"
NHL-20260116-NSH-COL-21,NHL,2026-01-17T02:00:00,COL,NSH,3,7,0,,,,,,,,,"{""indoor"": true}"
NHL-20260116-ANA-LA-22,NHL,2026-01-17T03:30:00,LA,ANA,2,3,0,,,,,,,,,"{""indoor"": true}"
NHL-20260117-MIN-BUF-12,NHL,2026-01-17T17:30:00,BUF,MIN,4,5,0,,,,,,,,,"{""indoor"": true}"
NHL-20260117-NYR-PHI-13,NHL,2026-01-17T18:00:00,PHI,NYR,3,6,0,,,,,,,,,"{""indoor"": true}"
NHL-20260117-NYI-CGY-15,NHL,2026-01-17T20:00:00,CGY,NYI,4,2,0,,,,,,,,,"{""indoor"": true}"
NHL-20260117-SEA-UTAH-17,NHL,2026-01-17T22:00:00,UTAH,SEA,6,3,0,,,,,,,,,"{""indoor"": true}"
NHL-20260117-MTL-OTT-19,NHL,2026-01-18T00:00:00,OTT,MTL,5,6,0,,,,,,,,,"{""indoor"": true}"
NHL-20260117-CAR-NJ-19,NHL,2026-01-18T00:00:00,NJ,CAR,1,4,0,,,,,,,,,"{""indoor"": true}"
NHL-20260117-CBJ-PIT-19,NHL,2026-01-18T00:00:00,PIT,CBJ,3,4,0,,,,,,,,,"{""indoor"": true}"
NHL-20260117-FLA-WSH-19,NHL,2026-01-18T00:00:00,WSH,FLA,2,5,0,,,,,,,,,"{""indoor"": true}"
NHL-20260117-TOR-WPG-19,NHL,2026-01-18T00:00:00,WPG,TOR,3,4,0,,,,,,,,,"{""indoor"": true}"
NHL-20260117-BOS-CHI-20,NHL,2026-01-18T01:00:00,CHI,BOS,2,5,0,,,,,,,,,"{""indoor"": true}"
NHL-20260117-EDM-VAN-22,NHL,2026-01-18T03:00:00,VAN,EDM,0,6,0,,,,,,,,,"{""indoor"": true}"
NHL-20260117-NSH-VGK-22,NHL,2026-01-18T03:00:00,VGK,NSH,7,2,0,,,,,,,,,"{""indoor"": true}"
NHL-20260117-LA-ANA-22,NHL,2026-01-18T03:00:00,ANA,LA,2,1,0,,,,,,,,,"{""indoor"": true}"
NHL-20260118-TB-DAL-14,NHL,2026-01-18T19:00:00,DAL,TB,1,4,0,,,,,,,,,"{""indoor"": true}"
NHL-20260118-OTT-DET-17,NHL,2026-01-18T22:00:00,DET,OTT,4,3,0,,,,,,,,,"{""indoor"": true}"
NHL-20260118-STL-EDM-20,NHL,2026-01-19T01:00:00,EDM,STL,5,0,0,,,,,,,,,"{""indoor"": true}"
NHL-20260119-BUF-CAR-13,NHL,2026-01-19T18:30:00,CAR,BUF,2,1,0,,,,,,,,,"{""indoor"": true}"
NHL-20260119-WSH-COL-16,NHL,2026-01-19T21:00:00,COL,WSH,5,2,0,,,,,,,,,"{""indoor"": true}"
NHL-20260119-PIT-SEA-17,NHL,2026-01-19T22:00:00,SEA,PIT,3,6,0,,,,,,,,,"{""indoor"": true}"
NHL-20260119-SJ-FLA-18,NHL,2026-01-19T23:00:00,FLA,SJ,1,4,0,,,,,,,,,"{""indoor"": true}"
NHL-20260119-MIN-TOR-19,NHL,2026-01-20T00:30:00,TOR,MIN,3,6,0,,,,,,,,,"{""indoor"": true}"
NHL-20260119-PHI-VGK-20,NHL,2026-01-20T01:00:00,VGK,PHI,1,2,0,,,,,,,,,"{""indoor"": true}"
NHL-20260119-WPG-CHI-20,NHL,2026-01-20T01:30:00,CHI,WPG,2,0,0,,,,,,,,,"{""indoor"": true}"
NHL-20260119-NJ-CGY-21,NHL,2026-01-20T02:00:00,CGY,NJ,1,2,0,,,,,,,,,"{""indoor"": true}"
NHL-20260119-NYI-VAN-22,NHL,2026-01-20T03:00:00,VAN,NYI,3,4,0,,,,,,,,,"{""indoor"": true}"
NHL-20260119-NYR-ANA-22,NHL,2026-01-20T03:00:00,ANA,NYR,5,3,0,,,,,,,,,"{""indoor"": true}"
NHL-20260120-MIN-MTL-19,NHL,2026-01-21T00:00:00,MTL,MIN,4,3,0,,,,,,,,,"{""indoor"": true}"
NHL-20260120-SJ-TB-19,NHL,2026-01-21T00:00:00,TB,SJ,4,1,0,,,,,,,,,"{""indoor"": true}"
NHL-20260120-OTT-CBJ-19,NHL,2026-01-21T00:00:00,CBJ,OTT,1,4,0,,,,,,,,,"{""indoor"": true}"
NHL-20260120-BOS-DAL-19,NHL,2026-01-21T00:30:00,DAL,BOS,6,2,0,,,,,,,,,"{""indoor"": true}"
NHL-20260120-BUF-NSH-20,NHL,2026-01-21T01:00:00,NSH,BUF,3,5,0,,,,,,,,,"{""indoor"": true}"
NHL-20260120-STL-WPG-20,NHL,2026-01-21T01:00:00,WPG,STL,3,1,0,,,,,,,,,"{""indoor"": true}"
NHL-20260120-NJ-EDM-22,NHL,2026-01-21T03:00:00,EDM,NJ,1,2,0,,,,,,,,,"{""indoor"": true}"
NHL-20260120-NYR-LA-22,NHL,2026-01-21T03:00:00,LA,NYR,4,3,0,,,,,,,,,"{""indoor"": true}"
NHL-20260121-DET-TOR-19,NHL,2026-01-22T00:00:00,TOR,DET,1,2,0,,,,,,,,,"{""indoor"": true}"
NHL-20260121-ANA-COL-21,NHL,2026-01-22T02:00:00,COL,ANA,1,2,0,,,,,,,,,"{""indoor"": true}"
NHL-20260121-PHI-UTAH-21,NHL,2026-01-22T02:00:00,UTAH,PHI,5,4,0,,,,,,,,,"{""indoor"": true}"
NHL-20260121-PIT-CGY-21,NHL,2026-01-22T02:30:00,CGY,PIT,1,4,0,,,,,,,,,"{""indoor"": true}"
NHL-20260121-NYI-SEA-21,NHL,2026-01-22T02:30:00,SEA,NYI,4,1,0,,,,,,,,,"{""indoor"": true}"
NHL-20260121-WSH-VAN-22,NHL,2026-01-22T03:00:00,VAN,WSH,4,3,0,,,,,,,,,"{""indoor"": true}"
NHL-20260122-VGK-BOS-19,NHL,2026-01-23T00:00:00,BOS,VGK,4,3,0,,,,,,,,,"{""indoor"": true}"
NHL-20260122-BUF-MTL-19,NHL,2026-01-23T00:00:00,MTL,BUF,2,4,0,,,,,,,,,"{""indoor"": true}"
NHL-20260122-CHI-CAR-19,NHL,2026-01-23T00:00:00,CAR,CHI,3,4,0,,,,,,,,,"{""indoor"": true}"
NHL-20260122-DAL-CBJ-19,NHL,2026-01-23T00:00:00,CBJ,DAL,1,0,0,,,,,,,,,"{""indoor"": true}"
NHL-20260122-OTT-NSH-20,NHL,2026-01-23T01:00:00,NSH,OTT,5,3,0,,,,,,,,,"{""indoor"": true}"
NHL-20260122-FLA-WPG-20,NHL,2026-01-23T01:00:00,WPG,FLA,1,2,0,,,,,,,,,"{""indoor"": true}"
NHL-20260122-PIT-EDM-21,NHL,2026-01-23T02:00:00,EDM,PIT,2,6,0,,,,,,,,,"{""indoor"": true}"
NHL-20260122-DET-MIN-21,NHL,2026-01-23T02:30:00,MIN,DET,4,3,0,,,,,,,,,"{""indoor"": true}"
NHL-20260123-VGK-TOR-19,NHL,2026-01-24T00:00:00,TOR,VGK,3,6,0,,,,,,,,,"{""indoor"": true}"
NHL-20260123-TB-CHI-19,NHL,2026-01-24T00:00:00,CHI,TB,1,2,0,,,,,,,,,"{""indoor"": true}"
NHL-20260123-STL-DAL-20,NHL,2026-01-24T01:00:00,DAL,STL,3,2,0,,,,,,,,,"{""indoor"": true}"
NHL-20260123-PHI-COL-21,NHL,2026-01-24T02:00:00,COL,PHI,3,7,0,,,,,,,,,"{""indoor"": true}"
NHL-20260123-WSH-CGY-21,NHL,2026-01-24T02:00:00,CGY,WSH,1,3,0,,,,,,,,,"{""indoor"": true}"
NHL-20260123-NJ-VAN-22,NHL,2026-01-24T03:00:00,VAN,NJ,4,5,0,,,,,,,,,"{""indoor"": true}"
NHL-20260123-NYR-SJ-22,NHL,2026-01-24T03:00:00,SJ,NYR,3,1,0,,,,,,,,,"{""indoor"": true}"
NHL-20260123-ANA-SEA-22,NHL,2026-01-24T03:00:00,SEA,ANA,2,4,0,,,,,,,,,"{""indoor"": true}"
NHL-20260124-BUF-NYI-13,NHL,2026-01-24T18:00:00,NYI,BUF,0,5,0,,,,,,,,,"{""indoor"": true}"
NHL-20260124-UTAH-NSH-13,NHL,2026-01-24T18:30:00,NSH,UTAH,2,5,0,,,,,,,,,"{""indoor"": true}"
NHL-20260124-MTL-BOS-19,NHL,2026-01-25T00:00:00,BOS,MTL,4,3,0,,,,,,,,,"{""indoor"": true}"
NHL-20260124-CAR-OTT-19,NHL,2026-01-25T00:00:00,OTT,CAR,1,4,0,,,,,,,,,"{""indoor"": true}"
NHL-20260124-TB-CBJ-19,NHL,2026-01-25T00:00:00,CBJ,TB,8,5,0,,,,,,,,,"{""indoor"": true}"
NHL-20260124-DET-WPG-19,NHL,2026-01-25T00:00:00,WPG,DET,1,5,0,,,,,,,,,"{""indoor"": true}"
NHL-20260124-LA-STL-20,NHL,2026-01-25T01:00:00,STL,LA,4,5,0,,,,,,,,,"{""indoor"": true}"
NHL-20260124-FLA-MIN-21,NHL,2026-01-25T02:00:00,MIN,FLA,3,4,0,,,,,,,,,"{""indoor"": true}"
NHL-20260124-WSH-EDM-22,NHL,2026-01-25T03:00:00,EDM,WSH,6,5,0,,,,,,,,,"{""indoor"": true}"
NHL-20260125-COL-TOR-13,NHL,2026-01-25T18:30:00,TOR,COL,1,4,0,,,,,,,,,"{""indoor"": true}"
NHL-20260125-NJ-SEA-15,NHL,2026-01-25T20:00:00,SEA,NJ,4,2,0,,,,,,,,,"{""indoor"": true}"
NHL-20260125-VGK-OTT-17,NHL,2026-01-25T22:00:00,OTT,VGK,7,1,0,,,,,,,,,"{""indoor"": true}"
NHL-20260125-PIT-VAN-18,NHL,2026-01-25T23:00:00,VAN,PIT,2,3,0,,,,,,,,,"{""indoor"": true}"
NHL-20260125-FLA-CHI-19,NHL,2026-01-26T00:00:00,CHI,FLA,1,5,0,,,,,,,,,"{""indoor"": true}"
NHL-20260125-ANA-CGY-20,NHL,2026-01-26T01:00:00,CGY,ANA,3,4,0,,,,,,,,,"{""indoor"": true}"
NHL-20260126-UTAH-TB-19,NHL,2026-01-27T00:00:00,TB,UTAH,2,0,0,,,,,,,,,"{""indoor"": true}"
NHL-20260126-BOS-NYR-19,NHL,2026-01-27T00:00:00,NYR,BOS,4,3,0,,,,,,,,,"{""indoor"": true}"
NHL-20260126-NYI-PHI-19,NHL,2026-01-27T00:00:00,PHI,NYI,0,4,0,,,,,,,,,"{""indoor"": true}"
NHL-20260126-ANA-EDM-20,NHL,2026-01-27T01:30:00,EDM,ANA,7,4,0,,,,,,,,,"{""indoor"": true}"
NHL-20260127-NSH-BOS-19,NHL,2026-01-28T00:00:00,BOS,NSH,3,2,0,,,,,,,,,"{""indoor"": true}"
NHL-20260127-BUF-TOR-19,NHL,2026-01-28T00:00:00,TOR,BUF,4,7,0,,,,,,,,,"{""indoor"": true}"
NHL-20260127-VGK-MTL-19,NHL,2026-01-28T00:00:00,MTL,VGK,3,2,0,,,,,,,,,"{""indoor"": true}"
NHL-20260127-LA-DET-19,NHL,2026-01-28T00:00:00,DET,LA,1,3,0,,,,,,,,,"{""indoor"": true}"
NHL-20260127-UTAH-FLA-19,NHL,2026-01-28T00:00:00,FLA,UTAH,3,4,0,,,,,,,,,"{""indoor"": true}"
NHL-20260127-WPG-NJ-19,NHL,2026-01-28T00:00:00,NJ,WPG,3,4,0,,,,,,,,,"{""indoor"": true}"
NHL-20260127-DAL-STL-20,NHL,2026-01-28T01:00:00,STL,DAL,3,4,0,,,,,,,,,"{""indoor"": true}"
NHL-20260127-CHI-MIN-20,NHL,2026-01-28T01:00:00,MIN,CHI,4,3,0,,,,,,,,,"{""indoor"": true}"
NHL-20260127-SJ-VAN-22,NHL,2026-01-28T03:00:00,VAN,SJ,2,5,0,,,,,,,,,"{""indoor"": true}"
NHL-20260127-WSH-SEA-22,NHL,2026-01-28T03:00:00,SEA,WSH,5,1,0,,,,,,,,,"{""indoor"": true}"
NHL-20260128-NYR-NYI-19,NHL,2026-01-29T00:00:00,NYI,NYR,5,2,0,,,,,,,,,"{""indoor"": true}"
NHL-20260128-PHI-CBJ-19,NHL,2026-01-29T00:30:00,CBJ,PHI,5,3,0,,,,,,,,,"{""indoor"": true}"
NHL-20260128-COL-OTT-19,NHL,2026-01-29T00:30:00,OTT,COL,5,2,0,,,,,,,,,"{""indoor"": true}"
NHL-20260129-PHI-BOS-19,NHL,2026-01-30T00:00:00,BOS,PHI,6,3,0,,,,,,,,,"{""indoor"": true}"
NHL-20260129-LA-BUF-19,NHL,2026-01-30T00:00:00,BUF,LA,4,1,0,,,,,,,,,"{""indoor"": true}"
NHL-20260129-COL-MTL-19,NHL,2026-01-30T00:00:00,MTL,COL,7,3,0,,,,,,,,,"{""indoor"": true}"
NHL-20260129-WPG-TB-19,NHL,2026-01-30T00:00:00,TB,WPG,4,1,0,,,,,,,,,"{""indoor"": true}"
NHL-20260129-NSH-NJ-19,NHL,2026-01-30T00:00:00,NJ,NSH,3,2,0,,,,,,,,,"{""indoor"": true}"
NHL-20260129-NYI-NYR-19,NHL,2026-01-30T00:00:00,NYR,NYI,1,2,0,,,,,,,,,"{""indoor"": true}"
NHL-20260129-CHI-PIT-19,NHL,2026-01-30T00:00:00,PIT,CHI,6,2,0,,,,,,,,,"{""indoor"": true}"
NHL-20260129-UTAH-CAR-19,NHL,2026-01-30T00:00:00,CAR,UTAH,5,4,0,,,,,,,,,"{""indoor"": true}"
NHL-20260129-WSH-DET-19,NHL,2026-01-30T00:30:00,DET,WSH,3,4,0,,,,,,,,,"{""indoor"": true}"
NHL-20260129-FLA-STL-20,NHL,2026-01-30T01:00:00,STL,FLA,5,4,0,,,,,,,,,"{""indoor"": true}"
NHL-20260129-CGY-MIN-20,NHL,2026-01-30T01:00:00,MIN,CGY,4,1,0,,,,,,,,,"{""indoor"": true}"
NHL-20260129-SJ-EDM-21,NHL,2026-01-30T02:00:00,EDM,SJ,4,3,0,,,,,,,,,"{""indoor"": true}"
NHL-20260129-ANA-VAN-22,NHL,2026-01-30T03:00:00,VAN,ANA,2,0,0,,,,,,,,,"{""indoor"": true}"
NHL-20260129-DAL-VGK-22,NHL,2026-01-30T03:00:00,VGK,DAL,4,5,0,,,,,,,,,"{""indoor"": true}"
NHL-20260129-TOR-SEA-22,NHL,2026-01-30T03:00:00,SEA,TOR,5,2,0,,,,,,,,,"{""indoor"": true}"
NHL-20260130-CBJ-CHI-20,NHL,2026-01-31T01:30:00,CHI,CBJ,2,4,0,,,,,,,,,"{""indoor"": true}"
NHL-20260131-LA-PHI-12,NHL,2026-01-31T17:30:00,PHI,LA,2,3,0,,,,,,,,,"{""indoor"": true}"
NHL-20260131-COL-DET-13,NHL,2026-01-31T18:00:00,DET,COL,0,5,0,,,,,,,,,"{""indoor"": true}"
NHL-20260131-NYR-PIT-15,NHL,2026-01-31T20:30:00,PIT,NYR,6,5,0,,,,,,,,,"{""indoor"": true}"
NHL-20260131-WPG-FLA-16,NHL,2026-01-31T21:00:00,FLA,WPG,1,2,0,,,,,,,,,"{""indoor"": true}"
NHL-20260131-SJ-CGY-16,NHL,2026-01-31T21:00:00,CGY,SJ,3,2,0,,,,,,,,,"{""indoor"": true}"
NHL-20260131-CAR-WSH-17,NHL,2026-01-31T22:00:00,WSH,CAR,4,3,0,,,,,,,,,"{""indoor"": true}"
NHL-20260131-MTL-BUF-19,NHL,2026-02-01T00:00:00,BUF,MTL,2,4,0,,,,,,,,,"{""indoor"": true}"
NHL-20260131-NJ-OTT-19,NHL,2026-02-01T00:00:00,OTT,NJ,4,1,0,,,,,,,,,"{""indoor"": true}"
NHL-20260131-NSH-NYI-19,NHL,2026-02-01T00:00:00,NYI,NSH,3,4,0,,,,,,,,,"{""indoor"": true}"
NHL-20260131-CBJ-STL-19,NHL,2026-02-01T00:00:00,STL,CBJ,3,5,0,,,,,,,,,"{""indoor"": true}"
NHL-20260131-TOR-VAN-19,NHL,2026-02-01T00:00:00,VAN,TOR,2,3,0,,,,,,,,,"{""indoor"": true}"
NHL-20260131-DAL-UTAH-21,NHL,2026-02-01T02:00:00,UTAH,DAL,2,3,0,,,,,,,,,"{""indoor"": true}"
NHL-20260131-MIN-EDM-22,NHL,2026-02-01T03:00:00,EDM,MIN,3,7,0,,,,,,,,,"{""indoor"": true}"
NHL-20260131-SEA-VGK-22,NHL,2026-02-01T03:00:00,VGK,SEA,2,3,0,,,,,,,,,"{""indoor"": true}"
NHL-20260201-LA-CAR-15,NHL,2026-02-01T20:00:00,CAR,LA,3,2,0,,,,,,,,,"{""indoor"": true}"
NHL-20260201-BOS-TB-18,NHL,2026-02-01T23:30:00,TB,BOS,6,5,1,,,,,,,,,
NHL-20260201-VGK-ANA-21,NHL,2026-02-02T02:30:00,ANA,VGK,4,3,0,,,,,,,,,"{""indoor"": true}"
NHL-20260202-BUF-FLA-19,NHL,2026-02-03T00:00:00,FLA,BUF,3,5,0,,,,,,,,,"{""indoor"": true}"
NHL-20260202-OTT-PIT-19,NHL,2026-02-03T00:00:00,PIT,OTT,2,3,0,,,,,,,,,"{""indoor"": true}"
NHL-20260202-NYI-WSH-19,NHL,2026-02-03T00:00:00,WSH,NYI,4,1,0,,,,,,,,,"{""indoor"": true}"
NHL-20260202-MTL-MIN-19,NHL,2026-02-03T00:30:00,MIN,MTL,4,3,0,,,,,,,,,"{""indoor"": true}"
NHL-20260202-STL-NSH-20,NHL,2026-02-03T01:00:00,NSH,STL,6,5,0,,,,,,,,,"{""indoor"": true}"
NHL-20260202-SJ-CHI-20,NHL,2026-02-03T01:30:00,CHI,SJ,6,3,0,,,,,,,,,"{""indoor"": true}"
NHL-20260202-WPG-DAL-20,NHL,2026-02-03T01:30:00,DAL,WPG,4,3,0,,,,,,,,,"{""indoor"": true}"
NHL-20260202-DET-COL-21,NHL,2026-02-03T02:00:00,COL,DET,0,2,0,,,,,,,,,"{""indoor"": true}"
NHL-20260202-VAN-UTAH-21,NHL,2026-02-03T02:30:00,UTAH,VAN,6,2,0,,,,,,,,,"{""indoor"": true}"
NHL-20260202-TOR-CGY-22,NHL,2026-02-03T03:00:00,CGY,TOR,2,4,0,,,,,,,,,"{""indoor"": true}"
NHL-20260203-CBJ-NJ-19,NHL,2026-02-04T00:00:00,NJ,CBJ,0,3,0,,,,,,,,,"{""indoor"": true}"
NHL-20260203-WSH-PHI-19,NHL,2026-02-04T00:00:00,PHI,WSH,4,2,0,,,,,,,,,"{""indoor"": true}"
NHL-20260203-OTT-CAR-19,NHL,2026-02-04T00:00:00,CAR,OTT,4,3,0,,,,,,,,,"{""indoor"": true}"
NHL-20260203-BUF-TB-19,NHL,2026-02-04T00:30:00,TB,BUF,4,3,0,,,,,,,,,"{""indoor"": true}"
NHL-20260203-PIT-NYI-19,NHL,2026-02-04T00:30:00,NYI,PIT,5,4,0,,,,,,,,,"{""indoor"": true}"
NHL-20260203-TOR-EDM-20,NHL,2026-02-04T01:30:00,EDM,TOR,2,5,0,,,,,,,,,"{""indoor"": true}"
NHL-20260203-SEA-ANA-22,NHL,2026-02-04T03:00:00,ANA,SEA,4,2,0,,,,,,,,,"{""indoor"": true}"
NHL-20260204-BOS-FLA-19,NHL,2026-02-05T00:00:00,FLA,BOS,5,4,0,,,,,,,,,"{""indoor"": true}"
NHL-20260204-CHI-CBJ-19,NHL,2026-02-05T00:00:00,CBJ,CHI,4,0,0,,,,,,,,,"{""indoor"": true}"
NHL-20260204-MTL-WPG-19,NHL,2026-02-05T00:00:00,WPG,MTL,1,5,0,,,,,,,,,"{""indoor"": true}"
NHL-20260204-MIN-NSH-20,NHL,2026-02-05T01:00:00,NSH,MIN,5,6,0,,,,,,,,,"{""indoor"": true}"
NHL-20260204-SJ-COL-21,NHL,2026-02-05T02:00:00,COL,SJ,4,2,0,,,,,,,,,"{""indoor"": true}"
NHL-20260204-DET-UTAH-21,NHL,2026-02-05T02:00:00,UTAH,DET,4,1,0,,,,,,,,,"{""indoor"": true}"
NHL-20260204-STL-DAL-21,NHL,2026-02-05T02:30:00,DAL,STL,5,4,0,,,,,,,,,"{""indoor"": true}"
NHL-20260204-EDM-CGY-22,NHL,2026-02-05T03:00:00,CGY,EDM,4,3,0,,,,,,,,,"{""indoor"": true}"
NHL-20260204-VAN-VGK-22,NHL,2026-02-05T03:00:00,VGK,VAN,5,2,0,,,,,,,,,"{""indoor"": true}"
NHL-20260204-SEA-LA-22,NHL,2026-02-05T03:00:00,LA,SEA,2,4,0,,,,,,,,,"{""indoor"": true}"
NHL-20260205-PIT-BUF-19,NHL,2026-02-06T00:00:00,BUF,PIT,2,5,0,,,,,,,,,"{""indoor"": true}"
NHL-20260205-NYI-NJ-19,NHL,2026-02-06T00:00:00,NJ,NYI,1,3,0,,,,,,,,,"{""indoor"": true}"
NHL-20260205-CAR-NYR-19,NHL,2026-02-06T00:00:00,NYR,CAR,0,2,0,,,,,,,,,"{""indoor"": true}"
NHL-20260205-OTT-PHI-19,NHL,2026-02-06T00:00:00,PHI,OTT,1,2,0,,,,,,,,,"{""indoor"": true}"
NHL-20260205-NSH-WSH-19,NHL,2026-02-06T00:00:00,WSH,NSH,4,2,0,,,,,,,,,"{""indoor"": true}"
NHL-20260205-FLA-TB-19,NHL,2026-02-06T00:30:00,TB,FLA,6,1,0,,,,,,,,,"{""indoor"": true}"
NHL-20260205-LA-VGK-22,NHL,2026-02-06T03:00:00,VGK,LA,4,1,0,,,,,,,,,"{""indoor"": true}"
NHL-20260225-BUF-NJ-19,NHL,2026-02-26T00:00:00,NJ,BUF,1,2,0,,,,,,,,,"{""indoor"": true}"
NHL-20260225-PHI-WSH-19,NHL,2026-02-26T00:00:00,WSH,PHI,3,1,0,,,,,,,,,"{""indoor"": true}"
NHL-20260225-TOR-TB-19,NHL,2026-02-26T00:30:00,TB,TOR,4,2,0,,,,,,,,,"{""indoor"": true}"
NHL-20260225-SEA-DAL-20,NHL,2026-02-26T01:00:00,DAL,SEA,4,1,0,,,,,,,,,"{""indoor"": true}"
NHL-20260225-COL-UTAH-21,NHL,2026-02-26T02:00:00,UTAH,COL,2,4,0,,,,,,,,,"{""indoor"": true}"
NHL-20260225-WPG-VAN-22,NHL,2026-02-26T03:00:00,VAN,WPG,2,3,0,,,,,,,,,"{""indoor"": true}"
NHL-20260225-VGK-LA-22,NHL,2026-02-26T03:20:00,LA,VGK,4,6,0,,,,,,,,,"{""indoor"": true}"
NHL-20260225-EDM-ANA-22,NHL,2026-02-26T03:30:00,ANA,EDM,6,5,0,,,,,,,,,"{""indoor"": true}"
NHL-20260226-CBJ-BOS-19,NHL,2026-02-27T00:00:00,BOS,CBJ,4,2,0,,,,,,,,,"{""indoor"": true}"
NHL-20260226-NYI-MTL-19,NHL,2026-02-27T00:00:00,MTL,NYI,3,4,0,,,,,,,,,"{""indoor"": true}"
NHL-20260226-DET-OTT-19,NHL,2026-02-27T00:00:00,OTT,DET,1,2,0,,,,,,,,,"{""indoor"": true}"
NHL-20260226-TOR-FLA-19,NHL,2026-02-27T00:00:00,FLA,TOR,5,1,0,,,,,,,,,"{""indoor"": true}"
NHL-20260226-NJ-PIT-19,NHL,2026-02-27T00:00:00,PIT,NJ,4,1,0,,,,,,,,,"{""indoor"": true}"
NHL-20260226-TB-CAR-19,NHL,2026-02-27T00:00:00,CAR,TB,5,4,0,,,,,,,,,"{""indoor"": true}"
NHL-20260226-PHI-NYR-20,NHL,2026-02-27T01:00:00,NYR,PHI,2,3,0,,,,,,,,,"{""indoor"": true}"
NHL-20260226-SEA-STL-20,NHL,2026-02-27T01:00:00,STL,SEA,5,1,0,,,,,,,,,"{""indoor"": true}"
NHL-20260226-CHI-NSH-20,NHL,2026-02-27T01:00:00,NSH,CHI,4,2,0,,,,,,,,,"{""indoor"": true}"
NHL-20260226-MIN-COL-21,NHL,2026-02-27T02:00:00,COL,MIN,2,5,0,,,,,,,,,"{""indoor"": true}"
NHL-20260226-CGY-SJ-22,NHL,2026-02-27T03:00:00,SJ,CGY,1,4,0,,,,,,,,,"{""indoor"": true}"
NHL-20260226-EDM-LA-22,NHL,2026-02-27T03:30:00,LA,EDM,1,8,0,,,,,,,,,"{""indoor"": true}"
NHL-20260227-BUF-FLA-19,NHL,2026-02-28T00:00:00,FLA,BUF,2,3,0,,,,,,,,,"{""indoor"": true}"
NHL-20260227-VGK-WSH-19,NHL,2026-02-28T00:00:00,WSH,VGK,3,2,0,,,,,,,,,"{""indoor"": true}"
NHL-20260227-MIN-UTAH-21,NHL,2026-02-28T02:00:00,UTAH,MIN,5,2,0,,,,,,,,,"{""indoor"": true}"
NHL-20260227-WPG-ANA-22,NHL,2026-02-28T03:00:00,ANA,WPG,5,4,0,,,,,,,,,"{""indoor"": true}"
NHL-20260228-PIT-NYR-12,NHL,2026-02-28T17:30:00,NYR,PIT,3,2,0,,,,,,,,,"{""indoor"": true}"
NHL-20260228-BOS-PHI-15,NHL,2026-02-28T20:20:00,PHI,BOS,3,1,0,,,,,,,,,"{""indoor"": true}"
NHL-20260228-EDM-SJ-16,NHL,2026-02-28T21:00:00,SJ,EDM,5,4,0,,,,,,,,,"{""indoor"": true}"
NHL-20260228-NJ-STL-17,NHL,2026-02-28T22:00:00,STL,NJ,1,3,0,,,,,,,,,"{""indoor"": true}"
NHL-20260228-NYI-CBJ-18,NHL,2026-02-28T23:00:00,CBJ,NYI,3,4,0,,,,,,,,,"{""indoor"": true}"
NHL-20260228-CHI-COL-18,NHL,2026-02-28T23:00:00,COL,CHI,3,1,0,,,,,,,,,"{""indoor"": true}"
NHL-20260228-OTT-TOR-19,NHL,2026-03-01T00:00:00,TOR,OTT,2,5,0,,,,,,,,,"{""indoor"": true}"
NHL-20260228-WSH-MTL-19,NHL,2026-03-01T00:00:00,MTL,WSH,6,2,0,,,,,,,,,"{""indoor"": true}"
NHL-20260228-BUF-TB-19,NHL,2026-03-01T00:00:00,TB,BUF,2,6,0,,,,,,,,,"{""indoor"": true}"
NHL-20260228-DET-CAR-19,NHL,2026-03-01T00:00:00,CAR,DET,5,2,0,,,,,,,,,"{""indoor"": true}"
NHL-20260228-CGY-LA-19,NHL,2026-03-01T00:00:00,LA,CGY,2,0,0,,,,,,,,,"{""indoor"": true}"
NHL-20260228-NSH-DAL-20,NHL,2026-03-01T01:00:00,DAL,NSH,3,2,0,,,,,,,,,"{""indoor"": true}"
NHL-20260228-VAN-SEA-22,NHL,2026-03-01T03:00:00,SEA,VAN,5,1,0,,,,,,,,,"{""indoor"": true}"
NHL-20260301-VGK-PIT-13,NHL,2026-03-01T18:00:00,PIT,VGK,5,0,0,,,,,,,,,"{""indoor"": true}"
NHL-20260301-CHI-UTAH-16,NHL,2026-03-01T21:00:00,UTAH,CHI,0,4,0,,,,,,,,,"{""indoor"": true}"
NHL-20260301-WPG-SJ-16,NHL,2026-03-01T21:00:00,SJ,WPG,2,1,0,,,,,,,,,"{""indoor"": true}"
NHL-20260301-STL-MIN-17,NHL,2026-03-01T22:00:00,MIN,STL,1,3,0,,,,,,,,,"{""indoor"": true}"
NHL-20260301-FLA-NYI-18,NHL,2026-03-01T23:30:00,NYI,FLA,5,4,0,,,,,,,,,"{""indoor"": true}"
NHL-20260301-CGY-ANA-20,NHL,2026-03-02T01:00:00,ANA,CGY,3,2,0,,,,,,,,,"{""indoor"": true}"
NHL-20260302-DET-NSH-14,NHL,2026-03-02T19:00:00,NSH,DET,2,4,0,,,,,,,,,"{""indoor"": true}"
NHL-20260302-CBJ-NYR-19,NHL,2026-03-03T00:00:00,NYR,CBJ,4,5,0,,,,,,,,,"{""indoor"": true}"
NHL-20260302-PHI-TOR-19,NHL,2026-03-03T00:30:00,TOR,PHI,2,3,0,,,,,,,,,"{""indoor"": true}"
NHL-20260302-DAL-VAN-22,NHL,2026-03-03T03:00:00,VAN,DAL,1,6,0,,,,,,,,,"{""indoor"": true}"
NHL-20260302-CAR-SEA-22,NHL,2026-03-03T03:00:00,SEA,CAR,2,1,0,,,,,,,,,"{""indoor"": true}"
NHL-20260302-COL-LA-22,NHL,2026-03-03T03:30:00,LA,COL,2,4,0,,,,,,,,,"{""indoor"": true}"
NHL-20260303-PIT-BOS-19,NHL,2026-03-04T00:00:00,BOS,PIT,2,1,0,,,,,,,,,"{""indoor"": true}"
NHL-20260303-VGK-BUF-19,NHL,2026-03-04T00:00:00,BUF,VGK,3,2,0,,,,,,,,,"{""indoor"": true}"
NHL-20260303-FLA-NJ-19,NHL,2026-03-04T00:00:00,NJ,FLA,5,1,0,,,,,,,,,"{""indoor"": true}"
NHL-20260303-UTAH-WSH-19,NHL,2026-03-04T00:00:00,WSH,UTAH,2,3,0,,,,,,,,,"{""indoor"": true}"
NHL-20260303-NSH-CBJ-19,NHL,2026-03-04T00:00:00,CBJ,NSH,3,2,0,,,,,,,,,"{""indoor"": true}"
NHL-20260303-CHI-WPG-20,NHL,2026-03-04T01:00:00,WPG,CHI,3,2,0,,,,,,,,,"{""indoor"": true}"
NHL-20260303-DAL-CGY-21,NHL,2026-03-04T02:00:00,CGY,DAL,1,6,0,,,,,,,,,"{""indoor"": true}"
NHL-20260303-OTT-EDM-21,NHL,2026-03-04T02:00:00,EDM,OTT,5,4,0,,,,,,,,,"{""indoor"": true}"
NHL-20260303-TB-MIN-21,NHL,2026-03-04T02:30:00,MIN,TB,5,1,0,,,,,,,,,"{""indoor"": true}"
NHL-20260303-COL-ANA-22,NHL,2026-03-04T03:00:00,ANA,COL,1,5,0,,,,,,,,,"{""indoor"": true}"
NHL-20260303-MTL-SJ-22,NHL,2026-03-04T03:00:00,SJ,MTL,7,5,0,,,,,,,,,"{""indoor"": true}"
NHL-20260304-VGK-DET-19,NHL,2026-03-05T00:00:00,DET,VGK,3,4,0,,,,,,,,,"{""indoor"": true}"
NHL-20260304-TOR-NJ-19,NHL,2026-03-05T00:00:00,NJ,TOR,4,3,0,,,,,,,,,"{""indoor"": true}"
NHL-20260304-CAR-VAN-22,NHL,2026-03-05T03:00:00,VAN,CAR,4,6,0,,,,,,,,,"{""indoor"": true}"
NHL-20260304-NYI-ANA-22,NHL,2026-03-05T03:00:00,ANA,NYI,5,1,0,,,,,,,,,"{""indoor"": true}"
NHL-20260304-STL-SEA-22,NHL,2026-03-05T03:00:00,SEA,STL,2,3,0,,,,,,,,,"{""indoor"": true}"
NHL-20260305-TOR-NYR-19,NHL,2026-03-06T00:00:00,NYR,TOR,6,2,0,,,,,,,,,"{""indoor"": true}"
NHL-20260305-UTAH-PHI-19,NHL,2026-03-06T00:00:00,PHI,UTAH,0,3,0,,,,,,,,,"{""indoor"": true}"
NHL-20260305-BUF-PIT-19,NHL,2026-03-06T00:00:00,PIT,BUF,1,5,0,,,,,,,,,"{""indoor"": true}"
NHL-20260305-FLA-CBJ-19,NHL,2026-03-06T00:00:00,CBJ,FLA,4,2,0,,,,,,,,,"{""indoor"": true}"
NHL-20260305-BOS-NSH-20,NHL,2026-03-06T01:00:00,NSH,BOS,6,3,0,,,,,,,,,"{""indoor"": true}"
NHL-20260305-TB-WPG-20,NHL,2026-03-06T01:00:00,WPG,TB,4,1,0,,,,,,,,,"{""indoor"": true}"
NHL-20260305-OTT-CGY-21,NHL,2026-03-06T02:00:00,CGY,OTT,1,4,0,,,,,,,,,"{""indoor"": true}"
NHL-20260305-NYI-LA-21,NHL,2026-03-06T02:30:00,LA,NYI,5,3,0,,,,,,,,,"{""indoor"": true}"
NHL-20260306-FLA-DET-19,NHL,2026-03-07T00:00:00,DET,FLA,1,3,0,,,,,,,,,"{""indoor"": true}"
NHL-20260306-COL-DAL-20,NHL,2026-03-07T01:00:00,DAL,COL,4,5,0,,,,,,,,,"{""indoor"": true}"
NHL-20260306-VAN-CHI-20,NHL,2026-03-07T01:30:00,CHI,VAN,3,6,0,,,,,,,,,"{""indoor"": true}"
NHL-20260306-CAR-EDM-21,NHL,2026-03-07T02:00:00,EDM,CAR,3,6,0,,,,,,,,,"{""indoor"": true}"
NHL-20260306-MTL-ANA-21,NHL,2026-03-07T02:00:00,ANA,MTL,6,5,0,,,,,,,,,"{""indoor"": true}"
NHL-20260306-MIN-VGK-22,NHL,2026-03-07T03:00:00,VGK,MIN,2,4,0,,,,,,,,,"{""indoor"": true}"
NHL-20260306-STL-SJ-22,NHL,2026-03-07T03:00:00,SJ,STL,2,3,0,,,,,,,,,"{""indoor"": true}"
NHL-20260307-WSH-BOS-12,NHL,2026-03-07T17:30:00,BOS,WSH,3,1,0,,,,,,,,,"{""indoor"": true}"
NHL-20260307-NYR-NJ-15,NHL,2026-03-07T20:00:00,NJ,NYR,6,3,0,,,,,,,,,"{""indoor"": true}"
NHL-20260307-NSH-BUF-17,NHL,2026-03-07T22:30:00,BUF,NSH,3,2,0,,,,,,,,,"{""indoor"": true}"
NHL-20260307-PHI-PIT-17,NHL,2026-03-07T22:30:00,PIT,PHI,3,4,0,,,,,,,,,"{""indoor"": true}"
NHL-20260307-TB-TOR-19,NHL,2026-03-08T00:00:00,TOR,TB,2,5,0,,,,,,,,,"{""indoor"": true}"
NHL-20260307-UTAH-CBJ-19,NHL,2026-03-08T00:00:00,CBJ,UTAH,4,5,0,,,,,,,,,"{""indoor"": true}"
NHL-20260307-VAN-WPG-19,NHL,2026-03-08T00:00:00,WPG,VAN,3,2,0,,,,,,,,,"{""indoor"": true}"
NHL-20260307-MTL-LA-19,NHL,2026-03-08T00:00:00,LA,MTL,3,4,0,,,,,,,,,"{""indoor"": true}"
NHL-20260307-CAR-CGY-22,NHL,2026-03-08T03:00:00,CGY,CAR,5,4,0,,,,,,,,,"{""indoor"": true}"
NHL-20260307-NYI-SJ-22,NHL,2026-03-08T03:00:00,SJ,NYI,1,2,0,,,,,,,,,"{""indoor"": true}"
NHL-20260307-OTT-SEA-22,NHL,2026-03-08T03:00:00,SEA,OTT,4,7,0,,,,,,,,,"{""indoor"": true}"
NHL-20260308-MIN-COL-14,NHL,2026-03-08T18:00:00,COL,MIN,3,2,0,,,,,,,,,"{""indoor"": true}"
NHL-20260308-BOS-PIT-16,NHL,2026-03-08T20:30:00,PIT,BOS,5,4,0,,,,,,,,,"{""indoor"": true}"
NHL-20260308-TB-BUF-18,NHL,2026-03-08T22:00:00,BUF,TB,8,7,0,,,,,,,,,"{""indoor"": true}"
NHL-20260308-CHI-DAL-18,NHL,2026-03-08T22:00:00,DAL,CHI,4,3,0,,,,,,,,,"{""indoor"": true}"
NHL-20260308-DET-NJ-19,NHL,2026-03-08T23:00:00,NJ,DET,0,3,0,,,,,,,,,"{""indoor"": true}"
NHL-20260308-STL-ANA-21,NHL,2026-03-09T01:00:00,ANA,STL,0,4,0,,,,,,,,,"{""indoor"": true}"
NHL-20260308-EDM-VGK-21,NHL,2026-03-09T01:45:00,VGK,EDM,2,4,0,,,,,,,,,"{""indoor"": true}"
NHL-20260309-LA-CBJ-16,NHL,2026-03-09T20:00:00,CBJ,LA,4,5,0,,,,,,,,,"{""indoor"": true}"
NHL-20260309-NYR-PHI-19,NHL,2026-03-09T23:00:00,PHI,NYR,2,6,0,,,,,,,,,"{""indoor"": true}"
NHL-20260309-CGY-WSH-19,NHL,2026-03-09T23:00:00,WSH,CGY,7,3,0,,,,,,,,,"{""indoor"": true}"
NHL-20260309-UTAH-CHI-20,NHL,2026-03-10T00:30:00,CHI,UTAH,3,2,0,,,,,,,,,"{""indoor"": true}"
NHL-20260309-OTT-VAN-21,NHL,2026-03-10T01:00:00,VAN,OTT,0,2,0,,,,,,,,,"{""indoor"": true}"
NHL-20260310-LA-BOS-19,NHL,2026-03-10T23:00:00,BOS,LA,2,1,0,,,,,,,,,"{""indoor"": true}"
NHL-20260310-SJ-BUF-19,NHL,2026-03-10T23:00:00,BUF,SJ,6,3,0,,,,,,,,,"{""indoor"": true}"
NHL-20260310-TOR-MTL-19,NHL,2026-03-10T23:00:00,MTL,TOR,3,1,0,,,,,,,,,"{""indoor"": true}"
NHL-20260310-CBJ-TB-19,NHL,2026-03-10T23:00:00,TB,CBJ,2,5,0,,,,,,,,,"{""indoor"": true}"
NHL-20260310-DET-FLA-19,NHL,2026-03-10T23:00:00,FLA,DET,4,3,0,,,,,,,,,"{""indoor"": true}"
NHL-20260310-CGY-NYR-19,NHL,2026-03-10T23:00:00,NYR,CGY,4,0,0,,,,,,,,,"{""indoor"": true}"
NHL-20260310-PIT-CAR-19,NHL,2026-03-10T23:00:00,CAR,PIT,5,4,0,,,,,,,,,"{""indoor"": true}"
NHL-20260310-NYI-STL-19,NHL,2026-03-10T23:30:00,STL,NYI,3,4,0,,,,,,,,,"{""indoor"": true}"
NHL-20260310-VGK-DAL-20,NHL,2026-03-11T00:00:00,DAL,VGK,2,1,0,,,,,,,,,"{""indoor"": true}"
NHL-20260310-UTAH-MIN-20,NHL,2026-03-11T00:00:00,MIN,UTAH,5,0,0,,,,,,,,,"{""indoor"": true}"
NHL-20260310-ANA-WPG-20,NHL,2026-03-11T00:30:00,WPG,ANA,1,4,0,,,,,,,,,"{""indoor"": true}"
NHL-20260310-EDM-COL-22,NHL,2026-03-11T02:00:00,COL,EDM,3,4,0,,,,,,,,,"{""indoor"": true}"
NHL-20260310-NSH-SEA-22,NHL,2026-03-11T02:00:00,SEA,NSH,2,4,0,,,,,,,,,"{""indoor"": true}"
NHL-20260311-MTL-OTT-19,NHL,2026-03-11T23:30:00,OTT,MTL,2,3,0,,,,,,,,,"{""indoor"": true}"
NHL-20260311-WSH-PHI-19,NHL,2026-03-11T23:30:00,PHI,WSH,4,1,0,,,,,,,,,"{""indoor"": true}"
NHL-20260312-SJ-BOS-19,NHL,2026-03-12T23:00:00,BOS,SJ,2,4,0,,,,,,,,,"{""indoor"": true}"
NHL-20260312-WSH-BUF-19,NHL,2026-03-12T23:00:00,BUF,WSH,1,2,0,,,,,,,,,"{""indoor"": true}"
NHL-20260312-ANA-TOR-19,NHL,2026-03-12T23:00:00,TOR,ANA,6,4,0,,,,,,,,,"{""indoor"": true}"
NHL-20260312-DET-TB-19,NHL,2026-03-12T23:00:00,TB,DET,4,1,0,,,,,,,,,"{""indoor"": true}"
NHL-20260312-CBJ-FLA-19,NHL,2026-03-12T23:00:00,FLA,CBJ,2,1,0,,,,,,,,,"{""indoor"": true}"
NHL-20260312-CGY-NJ-19,NHL,2026-03-12T23:00:00,NJ,CGY,4,5,0,,,,,,,,,"{""indoor"": true}"
NHL-20260312-STL-CAR-19,NHL,2026-03-12T23:00:00,CAR,STL,1,3,0,,,,,,,,,"{""indoor"": true}"
NHL-20260312-EDM-DAL-20,NHL,2026-03-13T00:00:00,DAL,EDM,7,2,0,,,,,,,,,"{""indoor"": true}"
NHL-20260312-PHI-MIN-20,NHL,2026-03-13T00:00:00,MIN,PHI,2,3,0,,,,,,,,,"{""indoor"": true}"
NHL-20260312-NYR-WPG-20,NHL,2026-03-13T00:00:00,WPG,NYR,3,6,0,,,,,,,,,"{""indoor"": true}"
NHL-20260312-CHI-UTAH-21,NHL,2026-03-13T01:00:00,UTAH,CHI,2,3,0,,,,,,,,,"{""indoor"": true}"
NHL-20260312-NSH-VAN-22,NHL,2026-03-13T02:00:00,VAN,NSH,4,3,0,,,,,,,,,"{""indoor"": true}"
NHL-20260312-PIT-VGK-22,NHL,2026-03-13T02:00:00,VGK,PIT,6,2,0,,,,,,,,,"{""indoor"": true}"
NHL-20260312-COL-SEA-22,NHL,2026-03-13T02:00:00,SEA,COL,1,5,0,,,,,,,,,"{""indoor"": true}"
NHL-20260313-LA-NYI-19,NHL,2026-03-13T23:00:00,NYI,LA,2,3,0,,,,,,,,,"{""indoor"": true}"
NHL-20260313-EDM-STL-20,NHL,2026-03-14T00:00:00,STL,EDM,3,2,0,,,,,,,,,"{""indoor"": true}"
NHL-20260314-ANA-OTT-13,NHL,2026-03-14T17:00:00,OTT,ANA,2,0,0,,,,,,,,,"{""indoor"": true}"
NHL-20260314-BOS-WSH-15,NHL,2026-03-14T19:00:00,WSH,BOS,2,3,0,,,,,,,,,"{""indoor"": true}"
NHL-20260314-COL-WPG-16,NHL,2026-03-14T20:00:00,WPG,COL,3,1,0,,,,,,,,,"{""indoor"": true}"
NHL-20260314-NYR-MIN-18,NHL,2026-03-14T22:00:00,MIN,NYR,2,4,0,,,,,,,,,"{""indoor"": true}"
NHL-20260314-TOR-BUF-19,NHL,2026-03-14T23:00:00,BUF,TOR,3,2,0,,,,,,,,,"{""indoor"": true}"
NHL-20260314-SJ-MTL-19,NHL,2026-03-14T23:00:00,MTL,SJ,2,4,0,,,,,,,,,"{""indoor"": true}"
NHL-20260314-CAR-TB-19,NHL,2026-03-14T23:00:00,TB,CAR,2,4,0,,,,,,,,,"{""indoor"": true}"
NHL-20260314-LA-NJ-19,NHL,2026-03-14T23:00:00,NJ,LA,6,4,0,,,,,,,,,"{""indoor"": true}"
NHL-20260314-CGY-NYI-19,NHL,2026-03-14T23:00:00,NYI,CGY,3,2,0,,,,,,,,,"{""indoor"": true}"
NHL-20260314-CBJ-PHI-19,NHL,2026-03-14T23:30:00,PHI,CBJ,1,2,0,,,,,,,,,"{""indoor"": true}"
NHL-20260314-DET-DAL-20,NHL,2026-03-15T00:00:00,DAL,DET,3,2,0,,,,,,,,,"{""indoor"": true}"
NHL-20260314-PIT-UTAH-21,NHL,2026-03-15T01:00:00,UTAH,PIT,3,4,0,,,,,,,,,"{""indoor"": true}"
NHL-20260314-SEA-VAN-22,NHL,2026-03-15T02:00:00,VAN,SEA,2,5,0,,,,,,,,,"{""indoor"": true}"
NHL-20260314-CHI-VGK-22,NHL,2026-03-15T02:00:00,VGK,CHI,4,0,0,,,,,,,,,"{""indoor"": true}"
NHL-20260315-STL-WPG-15,NHL,2026-03-15T19:00:00,WPG,STL,3,2,0,,,,,,,,,"{""indoor"": true}"
NHL-20260315-SJ-OTT-17,NHL,2026-03-15T21:00:00,OTT,SJ,7,4,0,,,,,,,,,"{""indoor"": true}"
NHL-20260315-ANA-MTL-19,NHL,2026-03-15T23:00:00,MTL,ANA,3,4,0,,,,,,,,,"{""indoor"": true}"
NHL-20260315-TOR-MIN-19,NHL,2026-03-15T23:30:00,MIN,TOR,2,4,0,,,,,,,,,"{""indoor"": true}"
NHL-20260315-NSH-EDM-20,NHL,2026-03-16T00:00:00,EDM,NSH,3,1,0,,,,,,,,,"{""indoor"": true}"
NHL-20260315-FLA-SEA-20,NHL,2026-03-16T00:00:00,SEA,FLA,6,2,0,,,,,,,,,"{""indoor"": true}"
NHL-20260316-CGY-DET-19,NHL,2026-03-16T23:00:00,DET,CGY,5,2,0,,,,,,,,,"{""indoor"": true}"
NHL-20260316-BOS-NJ-19,NHL,2026-03-16T23:00:00,NJ,BOS,4,3,0,,,,,,,,,"{""indoor"": true}"
NHL-20260316-LA-NYR-19,NHL,2026-03-16T23:00:00,NYR,LA,1,4,0,,,,,,,,,"{""indoor"": true}"
NHL-20260316-UTAH-DAL-20,NHL,2026-03-17T00:00:00,DAL,UTAH,3,6,0,,,,,,,,,"{""indoor"": true}"
NHL-20260316-PIT-COL-21,NHL,2026-03-17T01:50:00,COL,PIT,2,7,0,,,,,,,,,"{""indoor"": true}"
NHL-20260317-NYI-TOR-19,NHL,2026-03-17T23:00:00,TOR,NYI,1,3,0,,,,,,,,,"{""indoor"": true}"
NHL-20260317-BOS-MTL-19,NHL,2026-03-17T23:00:00,MTL,BOS,3,2,0,,,,,,,,,"{""indoor"": true}"
NHL-20260317-CAR-CBJ-19,NHL,2026-03-17T23:00:00,CBJ,CAR,5,1,0,,,,,,,,,"{""indoor"": true}"
NHL-20260317-MIN-CHI-19,NHL,2026-03-17T23:30:00,CHI,MIN,3,4,0,,,,,,,,,"{""indoor"": true}"
NHL-20260317-NSH-WPG-20,NHL,2026-03-18T00:00:00,WPG,NSH,3,4,0,,,,,,,,,"{""indoor"": true}"
NHL-20260317-SJ-EDM-21,NHL,2026-03-18T01:00:00,EDM,SJ,5,3,0,,,,,,,,,"{""indoor"": true}"
NHL-20260317-FLA-VAN-22,NHL,2026-03-18T02:00:00,VAN,FLA,5,2,0,,,,,,,,,"{""indoor"": true}"
NHL-20260317-BUF-VGK-22,NHL,2026-03-18T02:00:00,VGK,BUF,0,2,0,,,,,,,,,"{""indoor"": true}"
NHL-20260317-TB-SEA-22,NHL,2026-03-18T02:00:00,SEA,TB,2,6,0,,,,,,,,,"{""indoor"": true}"
NHL-20260318-NJ-NYR-19,NHL,2026-03-18T23:00:00,NYR,NJ,3,6,0,,,,,,,,,"{""indoor"": true}"
NHL-20260318-PIT-CAR-19,NHL,2026-03-18T23:00:00,CAR,PIT,6,5,0,,,,,,,,,"{""indoor"": true}"
NHL-20260318-OTT-WSH-19,NHL,2026-03-18T23:30:00,WSH,OTT,4,1,0,,,,,,,,,"{""indoor"": true}"
NHL-20260318-DAL-COL-21,NHL,2026-03-19T01:30:00,COL,DAL,1,2,0,,,,,,,,,"{""indoor"": true}"
NHL-20260318-STL-CGY-21,NHL,2026-03-19T01:30:00,CGY,STL,2,1,0,,,,,,,,,"{""indoor"": true}"
NHL-20260318-PHI-ANA-22,NHL,2026-03-19T02:00:00,ANA,PHI,2,3,0,,,,,,,,,"{""indoor"": true}"
NHL-20260319-WPG-BOS-19,NHL,2026-03-19T23:00:00,BOS,WPG,6,1,0,,,,,,,,,"{""indoor"": true}"
NHL-20260319-NYI-OTT-19,NHL,2026-03-19T23:00:00,OTT,NYI,3,2,0,,,,,,,,,"{""indoor"": true}"
NHL-20260319-MTL-DET-19,NHL,2026-03-19T23:00:00,DET,MTL,3,1,0,,,,,,,,,"{""indoor"": true}"
NHL-20260319-NYR-CBJ-19,NHL,2026-03-19T23:00:00,CBJ,NYR,6,3,0,,,,,,,,,"{""indoor"": true}"
NHL-20260319-CHI-MIN-19,NHL,2026-03-19T23:30:00,MIN,CHI,1,2,0,,,,,,,,,"{""indoor"": true}"
NHL-20260319-SEA-NSH-20,NHL,2026-03-20T00:00:00,NSH,SEA,3,1,0,,,,,,,,,"{""indoor"": true}"
NHL-20260319-FLA-EDM-21,NHL,2026-03-20T01:00:00,EDM,FLA,0,4,0,,,,,,,,,"{""indoor"": true}"
NHL-20260319-TB-VAN-22,NHL,2026-03-20T02:00:00,VAN,TB,2,6,0,,,,,,,,,"{""indoor"": true}"
NHL-20260319-UTAH-VGK-22,NHL,2026-03-20T02:00:00,VGK,UTAH,0,4,0,,,,,,,,,"{""indoor"": true}"
NHL-20260319-BUF-SJ-22,NHL,2026-03-20T02:00:00,SJ,BUF,0,5,0,,,,,,,,,"{""indoor"": true}"
NHL-20260319-PHI-LA-22,NHL,2026-03-20T02:30:00,LA,PHI,3,4,0,,,,,,,,,"{""indoor"": true}"
NHL-20260320-CAR-TOR-19,NHL,2026-03-20T23:00:00,TOR,CAR,3,4,0,,,,,,,,,"{""indoor"": true}"
NHL-20260320-NJ-WSH-19,NHL,2026-03-20T23:00:00,WSH,NJ,2,1,0,,,,,,,,,"{""indoor"": true}"
NHL-20260320-COL-CHI-20,NHL,2026-03-21T00:30:00,CHI,COL,1,4,0,,,,,,,,,"{""indoor"": true}"
NHL-20260320-FLA-CGY-21,NHL,2026-03-21T01:00:00,CGY,FLA,4,1,0,,,,,,,,,"{""indoor"": true}"
NHL-20260320-ANA-UTAH-22,NHL,2026-03-21T02:00:00,UTAH,ANA,1,4,0,,,,,,,,,"{""indoor"": true}"
NHL-20260321-WPG-PIT-13,NHL,2026-03-21T17:00:00,PIT,WPG,5,4,0,,,,,,,,,"{""indoor"": true}"
NHL-20260321-VGK-NSH-14,NHL,2026-03-21T18:00:00,NSH,VGK,4,1,0,,,,,,,,,"{""indoor"": true}"
NHL-20260321-DAL-MIN-16,NHL,2026-03-21T20:00:00,MIN,DAL,2,1,0,,,,,,,,,"{""indoor"": true}"
NHL-20260321-BUF-LA-16,NHL,2026-03-21T20:00:00,LA,BUF,1,4,0,,,,,,,,,"{""indoor"": true}"
NHL-20260321-PHI-SJ-16,NHL,2026-03-21T20:00:00,SJ,PHI,1,4,0,,,,,,,,,"{""indoor"": true}"
NHL-20260321-SEA-CBJ-17,NHL,2026-03-21T21:00:00,CBJ,SEA,5,2,0,,,,,,,,,"{""indoor"": true}"
NHL-20260321-NYI-MTL-19,NHL,2026-03-21T23:00:00,MTL,NYI,7,3,0,,,,,,,,,"{""indoor"": true}"
NHL-20260321-TOR-OTT-19,NHL,2026-03-21T23:00:00,OTT,TOR,5,2,0,,,,,,,,,"{""indoor"": true}"
NHL-20260321-STL-VAN-19,NHL,2026-03-21T23:00:00,VAN,STL,1,3,0,,,,,,,,,"{""indoor"": true}"
NHL-20260321-BOS-DET-20,NHL,2026-03-22T00:00:00,DET,BOS,2,4,0,,,,,,,,,"{""indoor"": true}"
NHL-20260321-TB-EDM-22,NHL,2026-03-22T02:00:00,EDM,TB,2,5,0,,,,,,,,,"{""indoor"": true}"
NHL-20260322-WPG-NYR-12,NHL,2026-03-22T16:00:00,NYR,WPG,2,3,0,,,,,,,,,"{""indoor"": true}"
NHL-20260322-COL-WSH-12,NHL,2026-03-22T16:30:00,WSH,COL,2,3,0,,,,,,,,,"{""indoor"": true}"
NHL-20260322-CAR-PIT-15,NHL,2026-03-22T19:00:00,PIT,CAR,1,5,0,,,,,,,,,"{""indoor"": true}"
NHL-20260322-NSH-CHI-15,NHL,2026-03-22T19:00:00,CHI,NSH,2,3,0,,,,,,,,,"{""indoor"": true}"
NHL-20260322-CBJ-NYI-19,NHL,2026-03-22T23:00:00,NYI,CBJ,1,0,0,,,,,,,,,"{""indoor"": true}"
NHL-20260322-VGK-DAL-19,NHL,2026-03-22T23:00:00,DAL,VGK,2,3,0,,,,,,,,,"{""indoor"": true}"
NHL-20260322-TB-CGY-20,NHL,2026-03-23T00:00:00,CGY,TB,4,3,0,,,,,,,,,"{""indoor"": true}"
NHL-20260322-BUF-ANA-20,NHL,2026-03-23T00:00:00,ANA,BUF,6,5,0,,,,,,,,,"{""indoor"": true}"
NHL-20260322-LA-UTAH-21,NHL,2026-03-23T01:00:00,UTAH,LA,4,3,0,,,,,,,,,"{""indoor"": true}"
NHL-20260323-OTT-NYR-19,NHL,2026-03-23T23:30:00,NYR,OTT,1,2,0,,,,,,,,,"{""indoor"": true}"
NHL-20260324-TOR-BOS-19,NHL,2026-03-24T23:00:00,BOS,TOR,2,4,0,,,,,,,,,"{""indoor"": true}"
NHL-20260324-CAR-MTL-19,NHL,2026-03-24T23:00:00,MTL,CAR,5,2,0,,,,,,,,,"{""indoor"": true}"
NHL-20260324-OTT-DET-19,NHL,2026-03-24T23:00:00,DET,OTT,2,3,0,,,,,,,,,"{""indoor"": true}"
NHL-20260324-SEA-FLA-19,NHL,2026-03-24T23:00:00,FLA,SEA,5,4,0,,,,,,,,,"{""indoor"": true}"
NHL-20260324-CHI-NYI-19,NHL,2026-03-24T23:00:00,NYI,CHI,3,4,0,,,,,,,,,"{""indoor"": true}"
NHL-20260324-CBJ-PHI-19,NHL,2026-03-24T23:00:00,PHI,CBJ,2,3,0,,,,,,,,,"{""indoor"": true}"
NHL-20260324-COL-PIT-19,NHL,2026-03-24T23:00:00,PIT,COL,2,6,0,,,,,,,,,"{""indoor"": true}"
NHL-20260324-MIN-TB-19,NHL,2026-03-24T23:30:00,TB,MIN,6,3,0,,,,,,,,,"{""indoor"": true}"
NHL-20260324-WSH-STL-20,NHL,2026-03-25T00:00:00,STL,WSH,3,0,0,,,,,,,,,"{""indoor"": true}"
NHL-20260324-SJ-NSH-20,NHL,2026-03-25T00:00:00,NSH,SJ,6,3,0,,,,,,,,,"{""indoor"": true}"
NHL-20260324-NJ-DAL-20,NHL,2026-03-25T00:00:00,DAL,NJ,4,6,0,,,,,,,,,"{""indoor"": true}"
NHL-20260324-VGK-WPG-20,NHL,2026-03-25T00:00:00,WPG,VGK,4,1,0,,,,,,,,,"{""indoor"": true}"
NHL-20260324-LA-CGY-21,NHL,2026-03-25T01:00:00,CGY,LA,3,2,0,,,,,,,,,"{""indoor"": true}"
NHL-20260324-EDM-UTAH-21,NHL,2026-03-25T01:30:00,UTAH,EDM,2,5,0,,,,,,,,,"{""indoor"": true}"
NHL-20260324-ANA-VAN-22,NHL,2026-03-25T02:00:00,VAN,ANA,3,5,0,,,,,,,,,"{""indoor"": true}"
NHL-20260325-BOS-BUF-19,NHL,2026-03-25T23:30:00,BUF,BOS,3,4,0,,,,,,,,,"{""indoor"": true}"
NHL-20260325-NYR-TOR-19,NHL,2026-03-25T23:30:00,TOR,NYR,4,3,0,,,,,,,,,"{""indoor"": true}"
NHL-20260326-CBJ-MTL-19,NHL,2026-03-26T23:00:00,MTL,CBJ,2,1,0,,,,,,,,,"{""indoor"": true}"
NHL-20260326-PIT-OTT-19,NHL,2026-03-26T23:00:00,OTT,PIT,3,4,0,,,,,,,,,"{""indoor"": true}"
NHL-20260326-SEA-TB-19,NHL,2026-03-26T23:00:00,TB,SEA,3,4,0,,,,,,,,,"{""indoor"": true}"
NHL-20260326-MIN-FLA-19,NHL,2026-03-26T23:00:00,FLA,MIN,2,3,0,,,,,,,,,"{""indoor"": true}"
NHL-20260326-DAL-NYI-19,NHL,2026-03-26T23:00:00,NYI,DAL,2,1,0,,,,,,,,,"{""indoor"": true}"
NHL-20260326-CHI-PHI-19,NHL,2026-03-26T23:00:00,PHI,CHI,5,1,0,,,,,,,,,"{""indoor"": true}"
NHL-20260326-SJ-STL-20,NHL,2026-03-27T00:00:00,STL,SJ,2,1,0,,,,,,,,,"{""indoor"": true}"
NHL-20260326-NJ-NSH-20,NHL,2026-03-27T00:00:00,NSH,NJ,2,4,0,,,,,,,,,"{""indoor"": true}"
NHL-20260326-COL-WPG-20,NHL,2026-03-27T00:00:00,WPG,COL,2,3,0,,,,,,,,,"{""indoor"": true}"
NHL-20260326-WSH-UTAH-21,NHL,2026-03-27T01:00:00,UTAH,WSH,4,7,0,,,,,,,,,"{""indoor"": true}"
NHL-20260326-ANA-CGY-21,NHL,2026-03-27T01:00:00,CGY,ANA,2,3,0,,,,,,,,,"{""indoor"": true}"
NHL-20260326-EDM-VGK-21,NHL,2026-03-27T01:30:00,VGK,EDM,3,4,0,,,,,,,,,"{""indoor"": true}"
NHL-20260326-LA-VAN-22,NHL,2026-03-27T02:00:00,VAN,LA,0,4,0,,,,,,,,,"{""indoor"": true}"
NHL-20260327-DET-BUF-19,NHL,2026-03-27T23:00:00,BUF,DET,2,5,0,,,,,,,,,"{""indoor"": true}"
NHL-20260327-CHI-NYR-19,NHL,2026-03-27T23:00:00,NYR,CHI,6,1,0,,,,,,,,,"{""indoor"": true}"
NHL-20260328-OTT-TB-13,NHL,2026-03-28T17:00:00,TB,OTT,4,2,0,,,,,,,,,"{""indoor"": true}"
NHL-20260328-FLA-NYI-13,NHL,2026-03-28T17:00:00,NYI,FLA,5,2,0,,,,,,,,,"{""indoor"": true}"
NHL-20260328-ANA-EDM-15,NHL,2026-03-28T19:30:00,EDM,ANA,4,2,0,,,,,,,,,"{""indoor"": true}"
NHL-20260328-MIN-BOS-17,NHL,2026-03-28T21:00:00,BOS,MIN,6,3,0,,,,,,,,,"{""indoor"": true}"
NHL-20260328-DAL-PIT-17,NHL,2026-03-28T21:00:00,PIT,DAL,3,6,0,,,,,,,,,"{""indoor"": true}"
NHL-20260328-NJ-CAR-17,NHL,2026-03-28T21:00:00,CAR,NJ,5,2,0,,,,,,,,,"{""indoor"": true}"
NHL-20260328-SJ-CBJ-17,NHL,2026-03-28T21:00:00,CBJ,SJ,2,3,0,,,,,,,,,"{""indoor"": true}"
NHL-20260328-SEA-BUF-17,NHL,2026-03-28T21:30:00,BUF,SEA,3,2,0,,,,,,,,,"{""indoor"": true}"
NHL-20260328-TOR-STL-19,NHL,2026-03-28T23:00:00,STL,TOR,5,1,0,,,,,,,,,"{""indoor"": true}"
NHL-20260328-MTL-NSH-19,NHL,2026-03-28T23:00:00,NSH,MTL,1,4,0,,,,,,,,,"{""indoor"": true}"
NHL-20260328-WPG-COL-19,NHL,2026-03-28T23:00:00,COL,WPG,2,4,0,,,,,,,,,"{""indoor"": true}"
NHL-20260328-PHI-DET-20,NHL,2026-03-29T00:00:00,DET,PHI,3,5,0,,,,,,,,,"{""indoor"": true}"
NHL-20260328-UTAH-LA-21,NHL,2026-03-29T01:00:00,LA,UTAH,2,6,0,,,,,,,,,"{""indoor"": true}"
NHL-20260328-VAN-CGY-22,NHL,2026-03-29T02:00:00,CGY,VAN,7,3,0,,,,,,,,,"{""indoor"": true}"
NHL-20260328-WSH-VGK-22,NHL,2026-03-29T02:30:00,VGK,WSH,4,5,0,,,,,,,,,"{""indoor"": true}"
NHL-20260329-FLA-NYR-13,NHL,2026-03-29T17:00:00,NYR,FLA,3,1,0,,,,,,,,,"{""indoor"": true}"
NHL-20260329-NSH-TB-17,NHL,2026-03-29T21:00:00,TB,NSH,3,2,0,,,,,,,,,"{""indoor"": true}"
NHL-20260329-MTL-CAR-17,NHL,2026-03-29T21:00:00,CAR,MTL,1,3,0,,,,,,,,,"{""indoor"": true}"
NHL-20260329-BOS-CBJ-17,NHL,2026-03-29T21:00:00,CBJ,BOS,3,4,0,,,,,,,,,"{""indoor"": true}"
NHL-20260329-CHI-NJ-19,NHL,2026-03-29T23:00:00,NJ,CHI,5,3,0,,,,,,,,,"{""indoor"": true}"
NHL-20260329-DAL-PHI-19,NHL,2026-03-29T23:00:00,PHI,DAL,2,1,0,,,,,,,,,"{""indoor"": true}"
NHL-20260330-PIT-NYI-19,NHL,2026-03-30T23:00:00,NYI,PIT,3,8,0,,,,,,,,,"{""indoor"": true}"
NHL-20260330-CGY-COL-20,NHL,2026-03-31T00:30:00,COL,CGY,9,2,0,,,,,,,,,"{""indoor"": true}"
NHL-20260330-VAN-VGK-22,NHL,2026-03-31T02:00:00,VGK,VAN,4,2,0,,,,,,,,,"{""indoor"": true}"
NHL-20260330-TOR-ANA-22,NHL,2026-03-31T02:00:00,ANA,TOR,4,5,0,,,,,,,,,"{""indoor"": true}"
NHL-20260330-STL-SJ-22,NHL,2026-03-31T02:00:00,SJ,STL,5,4,0,,,,,,,,,"{""indoor"": true}"
NHL-20260331-DAL-BOS-19,NHL,2026-03-31T23:00:00,BOS,DAL,6,3,0,,,,,,,,,"{""indoor"": true}"
NHL-20260331-NYI-BUF-19,NHL,2026-03-31T23:00:00,BUF,NYI,4,3,0,,,,,,,,,"{""indoor"": true}"
NHL-20260331-MTL-TB-19,NHL,2026-03-31T23:00:00,TB,MTL,1,4,0,,,,,,,,,"{""indoor"": true}"
NHL-20260331-OTT-FLA-19,NHL,2026-03-31T23:00:00,FLA,OTT,6,3,0,,,,,,,,,"{""indoor"": true}"
NHL-20260331-NJ-NYR-19,NHL,2026-03-31T23:00:00,NYR,NJ,4,1,0,,,,,,,,,"{""indoor"": true}"
NHL-20260331-DET-PIT-19,NHL,2026-03-31T23:00:00,PIT,DET,5,1,0,,,,,,,,,"{""indoor"": true}"
NHL-20260331-PHI-WSH-19,NHL,2026-03-31T23:00:00,WSH,PHI,6,4,0,,,,,,,,,"{""indoor"": true}"
NHL-20260331-CAR-CBJ-19,NHL,2026-03-31T23:30:00,CBJ,CAR,2,5,0,,,,,,,,,"{""indoor"": true}"
NHL-20260331-WPG-CHI-20,NHL,2026-04-01T00:30:00,CHI,WPG,3,4,0,,,,,,,,,"{""indoor"": true}"
NHL-20260331-SEA-EDM-21,NHL,2026-04-01T01:00:00,EDM,SEA,3,0,0,,,,,,,,,"{""indoor"": true}"
NHL-20260401-VAN-COL-20,NHL,2026-04-02T00:30:00,COL,VAN,6,8,0,,,,,,,,,"{""indoor"": true}"
NHL-20260401-STL-LA-21,NHL,2026-04-02T01:00:00,LA,STL,2,1,0,,,,,,,,,"{""indoor"": true}"
NHL-20260401-ANA-SJ-21,NHL,2026-04-02T01:00:00,SJ,ANA,4,3,0,,,,,,,,,"{""indoor"": true}"
NHL-20260402-BUF-OTT-19,NHL,2026-04-02T23:00:00,OTT,BUF,4,1,0,,,,,,,,,"{""indoor"": true}"
NHL-20260402-PIT-TB-19,NHL,2026-04-02T23:00:00,TB,PIT,6,3,0,,,,,,,,,"{""indoor"": true}"
NHL-20260402-BOS-FLA-19,NHL,2026-04-02T23:00:00,FLA,BOS,2,1,0,,,,,,,,,"{""indoor"": true}"
NHL-20260402-MTL-NYR-19,NHL,2026-04-02T23:00:00,NYR,MTL,2,3,0,,,,,,,,,"{""indoor"": true}"
NHL-20260402-DET-PHI-19,NHL,2026-04-02T23:00:00,PHI,DET,2,4,0,,,,,,,,,"{""indoor"": true}"
NHL-20260402-CBJ-CAR-19,NHL,2026-04-02T23:00:00,CAR,CBJ,5,1,0,,,,,,,,,"{""indoor"": true}"
NHL-20260402-WSH-NJ-19,NHL,2026-04-02T23:30:00,NJ,WSH,7,3,0,,,,,,,,,"{""indoor"": true}"
NHL-20260402-WPG-DAL-20,NHL,2026-04-03T00:00:00,DAL,WPG,3,0,0,,,,,,,,,"{""indoor"": true}"
NHL-20260402-VAN-MIN-20,NHL,2026-04-03T00:00:00,MIN,VAN,5,2,0,,,,,,,,,"{""indoor"": true}"
NHL-20260402-CHI-EDM-21,NHL,2026-04-03T01:00:00,EDM,CHI,3,1,0,,,,,,,,,"{""indoor"": true}"
NHL-20260402-CGY-VGK-22,NHL,2026-04-03T02:00:00,VGK,CGY,6,3,0,,,,,,,,,"{""indoor"": true}"
NHL-20260402-TOR-SJ-22,NHL,2026-04-03T02:00:00,SJ,TOR,4,1,0,,,,,,,,,"{""indoor"": true}"
NHL-20260402-UTAH-SEA-22,NHL,2026-04-03T02:00:00,SEA,UTAH,2,6,0,,,,,,,,,"{""indoor"": true}"
NHL-20260402-NSH-LA-22,NHL,2026-04-03T02:30:00,LA,NSH,4,5,0,,,,,,,,,"{""indoor"": true}"
NHL-20260403-PHI-NYI-19,NHL,2026-04-03T23:00:00,NYI,PHI,1,4,0,,,,,,,,,"{""indoor"": true}"
NHL-20260403-STL-ANA-22,NHL,2026-04-04T02:00:00,ANA,STL,2,6,0,,,,,,,,,"{""indoor"": true}"
NHL-20260404-DET-NYR-12,NHL,2026-04-04T16:30:00,NYR,DET,4,1,0,,,,,,,,,"{""indoor"": true}"
NHL-20260404-MIN-OTT-13,NHL,2026-04-04T17:00:00,OTT,MIN,1,4,0,,,,,,,,,"{""indoor"": true}"
NHL-20260404-COL-DAL-15,NHL,2026-04-04T19:00:00,DAL,COL,0,2,0,,,,,,,,,"{""indoor"": true}"
NHL-20260404-BOS-TB-17,NHL,2026-04-04T21:00:00,TB,BOS,3,1,0,,,,,,,,,"{""indoor"": true}"
NHL-20260404-FLA-PIT-17,NHL,2026-04-04T21:00:00,PIT,FLA,9,4,0,,,,,,,,,"{""indoor"": true}"
NHL-20260404-MTL-NJ-19,NHL,2026-04-04T23:00:00,NJ,MTL,3,4,0,,,,,,,,,"{""indoor"": true}"
NHL-20260404-BUF-WSH-19,NHL,2026-04-04T23:00:00,WSH,BUF,6,2,0,,,,,,,,,"{""indoor"": true}"
NHL-20260404-NYI-CAR-19,NHL,2026-04-04T23:00:00,CAR,NYI,4,3,0,,,,,,,,,"{""indoor"": true}"
NHL-20260404-WPG-CBJ-19,NHL,2026-04-04T23:00:00,CBJ,WPG,1,2,0,,,,,,,,,"{""indoor"": true}"
NHL-20260404-UTAH-VAN-19,NHL,2026-04-04T23:00:00,VAN,UTAH,4,7,0,,,,,,,,,"{""indoor"": true}"
NHL-20260404-TOR-LA-19,NHL,2026-04-04T23:00:00,LA,TOR,7,6,0,,,,,,,,,"{""indoor"": true}"
NHL-20260404-VGK-EDM-22,NHL,2026-04-05T02:00:00,EDM,VGK,1,5,0,,,,,,,,,"{""indoor"": true}"
NHL-20260404-CGY-ANA-22,NHL,2026-04-05T02:00:00,ANA,CGY,3,5,0,,,,,,,,,"{""indoor"": true}"
NHL-20260404-NSH-SJ-22,NHL,2026-04-05T02:00:00,SJ,NSH,3,6,0,,,,,,,,,"{""indoor"": true}"
NHL-20260404-CHI-SEA-22,NHL,2026-04-05T02:00:00,SEA,CHI,2,4,0,,,,,,,,,"{""indoor"": true}"
NHL-20260405-MIN-DET-13,NHL,2026-04-05T17:00:00,DET,MIN,4,5,0,,,,,,,,,"{""indoor"": true}"
NHL-20260405-FLA-PIT-15,NHL,2026-04-05T19:00:00,PIT,FLA,5,2,0,,,,,,,,,"{""indoor"": true}"
NHL-20260405-BOS-PHI-15,NHL,2026-04-05T19:30:00,PHI,BOS,2,1,0,,,,,,,,,"{""indoor"": true}"
NHL-20260405-CAR-OTT-17,NHL,2026-04-05T21:00:00,OTT,CAR,6,3,0,,,,,,,,,"{""indoor"": true}"
NHL-20260405-NJ-MTL-19,NHL,2026-04-05T23:00:00,MTL,NJ,0,3,0,,,,,,,,,"{""indoor"": true}"
NHL-20260405-WSH-NYR-19,NHL,2026-04-05T23:00:00,NYR,WSH,8,1,0,,,,,,,,,"{""indoor"": true}"
NHL-20260405-STL-COL-21,NHL,2026-04-06T01:45:00,COL,STL,2,3,0,,,,,,,,,"{""indoor"": true}"
NHL-20260406-TB-BUF-19,NHL,2026-04-06T23:00:00,BUF,TB,4,2,0,,,,,,,,,"{""indoor"": true}"
NHL-20260406-SEA-WPG-19,NHL,2026-04-06T23:30:00,WPG,SEA,6,2,0,,,,,,,,,"{""indoor"": true}"
NHL-20260406-CHI-SJ-22,NHL,2026-04-07T02:00:00,SJ,CHI,3,2,0,,,,,,,,,"{""indoor"": true}"
NHL-20260406-NSH-LA-22,NHL,2026-04-07T02:30:00,LA,NSH,3,2,0,,,,,,,,,"{""indoor"": true}"
NHL-20260407-FLA-MTL-19,NHL,2026-04-07T23:00:00,MTL,FLA,4,3,0,,,,,,,,,"{""indoor"": true}"
NHL-20260407-TB-OTT-19,NHL,2026-04-07T23:00:00,OTT,TB,6,2,0,,,,,,,,,"{""indoor"": true}"
NHL-20260407-CBJ-DET-19,NHL,2026-04-07T23:00:00,DET,CBJ,3,4,0,,,,,,,,,"{""indoor"": true}"
NHL-20260407-PHI-NJ-19,NHL,2026-04-07T23:00:00,NJ,PHI,1,5,0,,,,,,,,,"{""indoor"": true}"
NHL-20260407-BOS-CAR-19,NHL,2026-04-07T23:00:00,CAR,BOS,6,5,0,,,,,,,,,"{""indoor"": true}"
NHL-20260407-COL-STL-20,NHL,2026-04-08T00:00:00,STL,COL,1,3,0,,,,,,,,,"{""indoor"": true}"
NHL-20260407-CGY-DAL-20,NHL,2026-04-08T00:00:00,DAL,CGY,4,3,0,,,,,,,,,"{""indoor"": true}"
NHL-20260407-SEA-MIN-20,NHL,2026-04-08T00:00:00,MIN,SEA,5,2,0,,,,,,,,,"{""indoor"": true}"
NHL-20260407-EDM-UTAH-21,NHL,2026-04-08T01:30:00,UTAH,EDM,6,5,0,,,,,,,,,"{""indoor"": true}"
NHL-20260407-VGK-VAN-22,NHL,2026-04-08T02:00:00,VAN,VGK,1,2,0,,,,,,,,,"{""indoor"": true}"
NHL-20260407-NSH-ANA-22,NHL,2026-04-08T02:00:00,ANA,NSH,0,5,0,,,,,,,,,"{""indoor"": true}"
NHL-20260408-BUF-NYR-19,NHL,2026-04-08T23:00:00,NYR,BUF,3,5,0,,,,,,,,,"{""indoor"": true}"
NHL-20260408-WSH-TOR-19,NHL,2026-04-08T23:30:00,TOR,WSH,0,4,0,,,,,,,,,"{""indoor"": true}"
NHL-20260408-EDM-SJ-22,NHL,2026-04-09T02:00:00,SJ,EDM,2,5,0,,,,,,,,,"{""indoor"": true}"
NHL-20260409-TOR-NYI-18,NHL,2026-04-09T22:45:00,NYI,TOR,5,3,0,,,,,,,,,"{""indoor"": true}"
NHL-20260409-CBJ-BUF-19,NHL,2026-04-09T23:00:00,BUF,CBJ,5,0,0,,,,,,,,,"{""indoor"": true}"
NHL-20260409-TB-MTL-19,NHL,2026-04-09T23:00:00,MTL,TB,2,1,0,,,,,,,,,"{""indoor"": true}"
NHL-20260409-FLA-OTT-19,NHL,2026-04-09T23:00:00,OTT,FLA,5,1,0,,,,,,,,,"{""indoor"": true}"
NHL-20260409-PHI-DET-19,NHL,2026-04-09T23:00:00,DET,PHI,6,3,0,,,,,,,,,"{""indoor"": true}"
NHL-20260409-PIT-NJ-19,NHL,2026-04-09T23:00:00,NJ,PIT,2,5,0,,,,,,,,,"{""indoor"": true}"
NHL-20260409-WPG-STL-20,NHL,2026-04-10T00:00:00,STL,WPG,2,3,0,,,,,,,,,"{""indoor"": true}"
NHL-20260409-CAR-CHI-20,NHL,2026-04-10T00:30:00,CHI,CAR,2,7,0,,,,,,,,,"{""indoor"": true}"
NHL-20260409-MIN-DAL-21,NHL,2026-04-10T01:00:00,DAL,MIN,5,4,0,,,,,,,,,"{""indoor"": true}"
NHL-20260409-CGY-COL-21,NHL,2026-04-10T01:00:00,COL,CGY,3,1,0,,,,,,,,,"{""indoor"": true}"
NHL-20260409-NSH-UTAH-21,NHL,2026-04-10T01:00:00,UTAH,NSH,4,1,0,,,,,,,,,"{""indoor"": true}"
NHL-20260409-SJ-ANA-22,NHL,2026-04-10T02:00:00,ANA,SJ,6,1,0,,,,,,,,,"{""indoor"": true}"
NHL-20260409-VGK-SEA-22,NHL,2026-04-10T02:00:00,SEA,VGK,4,3,0,,,,,,,,,"{""indoor"": true}"
NHL-20260409-VAN-LA-22,NHL,2026-04-10T02:30:00,LA,VAN,4,1,0,,,,,,,,,"{""indoor"": true}"
NHL-20260411-TB-BOS-12,NHL,2026-04-11T16:30:00,BOS,TB,1,2,0,,,,,,,,,"{""indoor"": true}"
NHL-20260411-OTT-NYI-13,NHL,2026-04-11T17:00:00,NYI,OTT,0,3,0,,,,,,,,,"{""indoor"": true}"
NHL-20260411-WSH-PIT-15,NHL,2026-04-11T19:00:00,PIT,WSH,3,6,0,,,,,,,,,"{""indoor"": true}"
NHL-20260411-EDM-LA-16,NHL,2026-04-11T20:00:00,LA,EDM,1,0,0,,,,,,,,,"{""indoor"": true}"
NHL-20260411-NJ-DET-17,NHL,2026-04-11T21:00:00,DET,NJ,3,5,0,,,,,,,,,"{""indoor"": true}"
NHL-20260411-STL-CHI-17,NHL,2026-04-11T21:00:00,CHI,STL,3,5,0,,,,,,,,,"{""indoor"": true}"
NHL-20260411-MIN-NSH-17,NHL,2026-04-11T21:00:00,NSH,MIN,2,1,0,,,,,,,,,"{""indoor"": true}"
NHL-20260411-NYR-DAL-17,NHL,2026-04-11T21:00:00,DAL,NYR,2,0,0,,,,,,,,,"{""indoor"": true}"
NHL-20260411-CAR-UTAH-17,NHL,2026-04-11T21:00:00,UTAH,CAR,1,4,0,,,,,,,,,"{""indoor"": true}"
NHL-20260411-FLA-TOR-19,NHL,2026-04-11T23:00:00,TOR,FLA,2,6,0,,,,,,,,,"{""indoor"": true}"
NHL-20260411-CBJ-MTL-19,NHL,2026-04-11T23:00:00,MTL,CBJ,2,5,0,,,,,,,,,"{""indoor"": true}"
NHL-20260411-PHI-WPG-19,NHL,2026-04-11T23:00:00,WPG,PHI,1,7,0,,,,,,,,,"{""indoor"": true}"
NHL-20260411-CGY-SEA-19,NHL,2026-04-11T23:00:00,SEA,CGY,4,1,0,,,,,,,,,"{""indoor"": true}"
NHL-20260411-VGK-COL-20,NHL,2026-04-12T00:00:00,COL,VGK,2,3,0,,,,,,,,,"{""indoor"": true}"
NHL-20260411-VAN-SJ-22,NHL,2026-04-12T02:00:00,SJ,VAN,3,4,0,,,,,,,,,"{""indoor"": true}"
NHL-20260412-PIT-WSH-15,NHL,2026-04-12T19:00:00,WSH,PIT,3,0,0,,,,,,,,,"{""indoor"": true}"
NHL-20260412-MTL-NYI-18,NHL,2026-04-12T22:00:00,NYI,MTL,1,4,0,,,,,,,,,"{""indoor"": true}"
NHL-20260412-BOS-CBJ-18,NHL,2026-04-12T22:00:00,CBJ,BOS,2,3,0,,,,,,,,,"{""indoor"": true}"
NHL-20260412-OTT-NJ-19,NHL,2026-04-12T23:00:00,NJ,OTT,4,3,0,,,,,,,,,"{""indoor"": true}"
NHL-20260412-VAN-ANA-20,NHL,2026-04-13T00:00:00,ANA,VAN,3,4,0,,,,,,,,,"{""indoor"": true}"
NHL-20260412-UTAH-CGY-21,NHL,2026-04-13T01:00:00,CGY,UTAH,4,1,0,,,,,,,,,"{""indoor"": true}"
NHL-20260413-DET-TB-19,NHL,2026-04-13T23:00:00,TB,DET,4,3,0,,,,,,,,,"{""indoor"": true}"
NHL-20260413-NYR-FLA-19,NHL,2026-04-13T23:00:00,FLA,NYR,3,2,0,,,,,,,,,"{""indoor"": true}"
NHL-20260413-CAR-PHI-19,NHL,2026-04-13T23:00:00,PHI,CAR,3,2,0,,,,,,,,,"{""indoor"": true}"
NHL-20260413-DAL-TOR-19,NHL,2026-04-13T23:30:00,TOR,DAL,5,6,0,,,,,,,,,"{""indoor"": true}"
NHL-20260413-MIN-STL-20,NHL,2026-04-14T00:00:00,STL,MIN,6,3,0,,,,,,,,,"{""indoor"": true}"
NHL-20260413-SJ-NSH-20,NHL,2026-04-14T00:00:00,NSH,SJ,2,3,0,,,,,,,,,"{""indoor"": true}"
NHL-20260413-BUF-CHI-20,NHL,2026-04-14T00:30:00,CHI,BUF,1,5,0,,,,,,,,,"{""indoor"": true}"
NHL-20260413-COL-EDM-21,NHL,2026-04-14T01:30:00,EDM,COL,1,2,0,,,,,,,,,"{""indoor"": true}"
NHL-20260413-LA-SEA-21,NHL,2026-04-14T01:30:00,SEA,LA,3,5,0,,,,,,,,,"{""indoor"": true}"
NHL-20260413-WPG-VGK-22,NHL,2026-04-14T02:00:00,VGK,WPG,6,2,0,,,,,,,,,"{""indoor"": true}"
NHL-20260414-NJ-BOS-19,NHL,2026-04-14T23:00:00,BOS,NJ,4,0,0,,,,,,,,,"{""indoor"": true}"
NHL-20260414-CAR-NYI-19,NHL,2026-04-14T23:00:00,NYI,CAR,1,2,0,,,,,,,,,"{""indoor"": true}"
NHL-20260414-MTL-PHI-19,NHL,2026-04-14T23:00:00,PHI,MTL,4,2,0,,,,,,,,,"{""indoor"": true}"
NHL-20260414-WSH-CBJ-19,NHL,2026-04-14T23:00:00,CBJ,WSH,1,2,0,,,,,,,,,"{""indoor"": true}"
NHL-20260414-ANA-MIN-20,NHL,2026-04-15T00:00:00,MIN,ANA,3,2,0,,,,,,,,,"{""indoor"": true}"
NHL-20260414-WPG-UTAH-21,NHL,2026-04-15T01:00:00,UTAH,WPG,5,3,0,,,,,,,,,"{""indoor"": true}"
NHL-20260414-COL-CGY-21,NHL,2026-04-15T01:00:00,CGY,COL,1,3,0,,,,,,,,,"{""indoor"": true}"
NHL-20260414-PIT-STL-21,NHL,2026-04-15T01:30:00,STL,PIT,7,5,0,,,,,,,,,"{""indoor"": true}"
NHL-20260414-LA-VAN-22,NHL,2026-04-15T02:00:00,VAN,LA,4,3,0,,,,,,,,,"{""indoor"": true}"
NHL-20260415-DAL-BUF-19,NHL,2026-04-15T23:00:00,BUF,DAL,3,4,0,,,,,,,,,"{""indoor"": true}"
NHL-20260415-NYR-TB-19,NHL,2026-04-15T23:00:00,TB,NYR,2,4,0,,,,,,,,,"{""indoor"": true}"
NHL-20260415-DET-FLA-19,NHL,2026-04-15T23:00:00,FLA,DET,8,1,0,,,,,,,,,"{""indoor"": true}"
NHL-20260415-TOR-OTT-19,NHL,2026-04-15T23:30:00,OTT,TOR,3,1,0,,,,,,,,,"{""indoor"": true}"
NHL-20260415-SJ-CHI-20,NHL,2026-04-16T00:30:00,CHI,SJ,5,2,0,,,,,,,,,"{""indoor"": true}"
NHL-20260415-SEA-VGK-22,NHL,2026-04-16T02:00:00,VGK,SEA,4,1,0,,,,,,,,,"{""indoor"": true}"
NHL-20260416-STL-UTAH-19,NHL,2026-04-16T23:30:00,UTAH,STL,3,5,0,,,,,,,,,"{""indoor"": true}"
NHL-20260416-ANA-NSH-20,NHL,2026-04-17T00:00:00,NSH,ANA,4,5,0,,,,,,,,,"{""indoor"": true}"
NHL-20260416-SJ-WPG-20,NHL,2026-04-17T00:00:00,WPG,SJ,1,6,0,,,,,,,,,"{""indoor"": true}"
NHL-20260416-LA-CGY-21,NHL,2026-04-17T01:00:00,CGY,LA,3,1,0,,,,,,,,,"{""indoor"": true}"
NHL-20260416-VAN-EDM-21,NHL,2026-04-17T01:00:00,EDM,VAN,6,1,0,,,,,,,,,"{""indoor"": true}"
NHL-20260416-SEA-COL-22,NHL,2026-04-17T02:00:00,COL,SEA,2,0,0,,,,,,,,,"{""indoor"": true}"
NHL-20260418-OTT-CAR-15,NHL,2026-04-18T19:00:00,CAR,OTT,2,0,0,,,,,,,,,"{""indoor"": true}"
NHL-20260418-MIN-DAL-17,NHL,2026-04-18T21:30:00,DAL,MIN,1,6,0,,,,,,,,,"{""indoor"": true}"
NHL-20260418-PHI-PIT-20,NHL,2026-04-19T00:00:00,PIT,PHI,2,3,0,,,,,,,,,"{""indoor"": true}"
NHL-20260419-LA-COL-15,NHL,2026-04-19T19:00:00,COL,LA,2,1,0,,,,,,,,,"{""indoor"": true}"
NHL-20260419-MTL-TB-17,NHL,2026-04-19T21:45:00,TB,MTL,3,4,0,,,,,,,,,"{""indoor"": true}"
NHL-20260419-BOS-BUF-19,NHL,2026-04-19T23:30:00,BUF,BOS,4,3,0,,,,,,,,,"{""indoor"": true}"
NHL-20260419-UTAH-VGK-22,NHL,2026-04-20T02:22:00,VGK,UTAH,4,2,0,,,,,,,,,"{""indoor"": true}"
NHL-20260420-PHI-PIT-19,NHL,2026-04-20T23:00:00,PIT,PHI,0,3,0,,,,,,,,,"{""indoor"": true}"
NHL-20260420-OTT-CAR-19,NHL,2026-04-20T23:30:00,CAR,OTT,3,2,0,,,,,,,,,"{""indoor"": true}"
NHL-20260420-MIN-DAL-21,NHL,2026-04-21T01:50:00,DAL,MIN,4,2,0,,,,,,,,,"{""indoor"": true}"
NHL-20260420-ANA-EDM-22,NHL,2026-04-21T02:22:00,EDM,ANA,4,3,0,,,,,,,,,"{""indoor"": true}"
NHL-20260421-MTL-TB-19,NHL,2026-04-21T23:00:00,TB,MTL,3,2,0,,,,,,,,,"{""indoor"": true}"
NHL-20260421-BOS-BUF-19,NHL,2026-04-21T23:30:00,BUF,BOS,2,4,0,,,,,,,,,"{""indoor"": true}"
NHL-20260421-UTAH-VGK-21,NHL,2026-04-22T01:52:00,VGK,UTAH,2,3,0,,,,,,,,,"{""indoor"": true}"
NHL-20260421-LA-COL-22,NHL,2026-04-22T02:22:00,COL,LA,2,1,0,,,,,,,,,"{""indoor"": true}"
NHL-20260422-PIT-PHI-19,NHL,2026-04-22T23:00:00,PHI,PIT,5,2,0,,,,,,,,,"{""indoor"": true}"
NHL-20260422-DAL-MIN-21,NHL,2026-04-23T01:30:00,MIN,DAL,3,4,0,,,,,,,,,"{""indoor"": true}"
NHL-20260422-ANA-EDM-22,NHL,2026-04-23T02:00:00,EDM,ANA,4,6,0,,,,,,,,,"{""indoor"": true}"
NHL-20260423-BUF-BOS-19,NHL,2026-04-23T23:00:00,BOS,BUF,1,3,0,,,,,,,,,"{""indoor"": true}"
NHL-20260423-CAR-OTT-19,NHL,2026-04-23T23:30:00,OTT,CAR,1,2,0,,,,,,,,,"{""indoor"": true}"
NHL-20260423-COL-LA-22,NHL,2026-04-24T02:00:00,LA,COL,2,4,0,,,,,,,,,"{""indoor"": true}"
NHL-20260424-TB-MTL-19,NHL,2026-04-24T23:00:00,MTL,TB,3,2,0,,,,,,,,,"{""indoor"": true}"
NHL-20260424-VGK-UTAH-21,NHL,2026-04-25T01:30:00,UTAH,VGK,4,2,0,,,,,,,,,"{""indoor"": true}"
NHL-20260424-EDM-ANA-22,NHL,2026-04-25T02:00:00,ANA,EDM,6,4,0,,,,,,,,,"{""indoor"": true}"
NHL-20260425-CAR-OTT-15,NHL,2026-04-25T19:00:00,OTT,CAR,2,4,0,,,,,,,,,"{""indoor"": true}"
NHL-20260425-DAL-MIN-17,NHL,2026-04-25T21:30:00,MIN,DAL,3,2,0,,,,,,,,,"{""indoor"": true}"
NHL-20260425-PIT-PHI-20,NHL,2026-04-26T00:00:00,PHI,PIT,2,4,0,,,,,,,,,"{""indoor"": true}"
NHL-20260426-BUF-BOS-14,NHL,2026-04-26T18:00:00,BOS,BUF,1,6,0,,,,,,,,,"{""indoor"": true}"
NHL-20260426-COL-LA-16,NHL,2026-04-26T20:30:00,LA,COL,1,5,0,,,,,,,,,"{""indoor"": true}"
NHL-20260426-TB-MTL-19,NHL,2026-04-26T23:00:00,MTL,TB,2,3,0,,,,,,,,,"{""indoor"": true}"
NHL-20260426-EDM-ANA-21,NHL,2026-04-27T01:52:00,ANA,EDM,4,3,0,,,,,,,,,"{""indoor"": true}"
NHL-20260427-PHI-PIT-19,NHL,2026-04-27T23:00:00,PIT,PHI,3,2,0,,,,,,,,,"{""indoor"": true}"
NHL-20260427-VGK-UTAH-21,NHL,2026-04-28T01:50:00,UTAH,VGK,4,5,0,,,,,,,,,"{""indoor"": true}"
NHL-20260428-BOS-BUF-19,NHL,2026-04-28T23:30:00,BUF,BOS,1,2,0,,,,,,,,,"{""indoor"": true}"
NHL-20260428-MIN-DAL-20,NHL,2026-04-29T00:00:00,DAL,MIN,2,4,0,,,,,,,,,"{""indoor"": true}"
NHL-20260428-ANA-EDM-22,NHL,2026-04-29T02:00:00,EDM,ANA,4,1,0,,,,,,,,,"{""indoor"": true}"
NHL-20260429-MTL-TB-19,NHL,2026-04-29T23:00:00,TB,MTL,2,3,0,,,,,,,,,"{""indoor"": true}"
NHL-20260429-PIT-PHI-19,NHL,2026-04-29T23:30:00,PHI,PIT,1,0,0,,,,,,,,,"{""indoor"": true}"
NHL-20260429-UTAH-VGK-22,NHL,2026-04-30T02:00:00,VGK,UTAH,5,4,0,,,,,,,,,"{""indoor"": true}"
NHL-20260430-DAL-MIN-19,NHL,2026-04-30T23:30:00,MIN,DAL,5,2,0,,,,,,,,,"{""indoor"": true}"
NHL-20260430-EDM-ANA-22,NHL,2026-05-01T02:00:00,ANA,EDM,5,2,0,,,,,,,,,"{""indoor"": true}"
NHL-20260501-TB-MTL-19,NHL,2026-05-01T23:00:00,MTL,TB,0,1,0,,,,,,,,,"{""indoor"": true}"
NHL-20260501-BUF-BOS-19,NHL,2026-05-01T23:30:00,BOS,BUF,1,4,0,,,,,,,,,"{""indoor"": true}"
NHL-20260501-VGK-UTAH-22,NHL,2026-05-02T02:20:00,UTAH,VGK,1,5,0,,,,,,,,,"{""indoor"": true}"
NHL-20260502-PHI-CAR-20,NHL,2026-05-03T00:00:00,CAR,PHI,3,0,0,,,,,,,,,"{""indoor"": true}"
NHL-20260503-MTL-TB-18,NHL,2026-05-03T22:00:00,TB,MTL,1,2,0,,,,,,,,,"{""indoor"": true}"
NHL-20260503-MIN-COL-21,NHL,2026-05-04T01:00:00,COL,MIN,9,6,0,,,,,,,,,"{""indoor"": true}"
NHL-20260504-PHI-CAR-19,NHL,2026-05-04T23:00:00,CAR,PHI,3,2,0,,,,,,,,,"{""indoor"": true}"
NHL-20260504-ANA-VGK-21,NHL,2026-05-05T01:50:00,VGK,ANA,3,1,0,,,,,,,,,"{""indoor"": true}"
NHL-20260505-MIN-COL-20,NHL,2026-05-06T00:00:00,COL,MIN,5,2,0,,,,,,,,,"{""indoor"": true}"
NHL-20260506-MTL-BUF-19,NHL,2026-05-06T23:00:00,BUF,MTL,4,2,0,,,,,,,,,"{""indoor"": true}"
NHL-20260506-ANA-VGK-21,NHL,2026-05-07T01:30:00,VGK,ANA,1,3,0,,,,,,,,,"{""indoor"": true}"
NHL-20260507-CAR-PHI-20,NHL,2026-05-08T00:00:00,PHI,CAR,1,4,0,,,,,,,,,"{""indoor"": true}"
NHL-20260508-MTL-BUF-19,NHL,2026-05-08T23:00:00,BUF,MTL,1,5,0,,,,,,,,,"{""indoor"": true}"
NHL-20260508-VGK-ANA-21,NHL,2026-05-09T01:30:00,ANA,VGK,2,6,0,,,,,,,,,"{""indoor"": true}"
NHL-20260509-CAR-PHI-18,NHL,2026-05-09T22:00:00,PHI,CAR,2,3,0,,,,,,,,,"{""indoor"": true}"
NHL-20260509-COL-MIN-21,NHL,2026-05-10T01:00:00,MIN,COL,5,1,0,,,,,,,,,"{""indoor"": true}"
NHL-20260510-BUF-MTL-19,NHL,2026-05-10T23:00:00,MTL,BUF,6,2,0,,,,,,,,,"{""indoor"": true}"
NHL-20260510-VGK-ANA-21,NHL,2026-05-11T01:30:00,ANA,VGK,4,3,0,,,,,,,,,"{""indoor"": true}"
NHL-20260511-COL-MIN-20,NHL,2026-05-12T00:00:00,MIN,COL,2,5,0,,,,,,,,,"{""indoor"": true}"
NHL-20260512-BUF-MTL-19,NHL,2026-05-12T23:00:00,MTL,BUF,2,3,0,,,,,,,,,"{""indoor"": true}"
NHL-20260512-ANA-VGK-21,NHL,2026-05-13T01:52:00,VGK,ANA,3,2,0,,,,,,,,,"{""indoor"": true}"
NHL-20260513-MIN-COL-20,NHL,2026-05-14T00:00:00,COL,MIN,4,3,0,,,,,,,,,"{""indoor"": true}"
NHL-20260514-MTL-BUF-19,NHL,2026-05-14T23:00:00,BUF,MTL,3,6,0,,,,,,,,,"{""indoor"": true}"
NHL-20260514-VGK-ANA-21,NHL,2026-05-15T01:30:00,ANA,VGK,1,5,0,,,,,,,,,"{""indoor"": true}"
NHL-20260516-BUF-MTL-20,NHL,2026-05-17T00:00:00,MTL,BUF,3,8,0,,,,,,,,,"{""indoor"": true}"
NHL-20260518-MTL-BUF-19,NHL,2026-05-18T23:30:00,BUF,MTL,2,3,0,,,,,,,,,"{""indoor"": true}"
NHL-20260520-VGK-COL-20,NHL,2026-05-21T00:00:00,COL,VGK,2,4,0,,,,,,,,,"{""indoor"": true}"
NHL-20260521-MTL-CAR-20,NHL,2026-05-22T00:00:00,CAR,MTL,2,6,0,,,,,,,,,"{""indoor"": true}"
NHL-20260522-VGK-COL-20,NHL,2026-05-23T00:00:00,COL,VGK,1,3,0,,,,,,,,,"{""indoor"": true}"
NHL-20260523-MTL-CAR-19,NHL,2026-05-23T23:00:00,CAR,MTL,3,2,0,,,,,,,,,"{""indoor"": true}"
NHL-20260524-COL-VGK-20,NHL,2026-05-25T00:00:00,VGK,COL,5,3,0,,,,,,,,,"{""indoor"": true}"
NHL-20260525-CAR-MTL-20,NHL,2026-05-26T00:00:00,MTL,CAR,2,3,0,,,,,,,,,"{""indoor"": true}"
NHL-20260526-COL-VGK-21,NHL,2026-05-27T01:00:00,VGK,COL,2,1,0,,,,,,,,,"{""indoor"": true}"
NHL-20260527-CAR-MTL-20,NHL,2026-05-28T00:00:00,MTL,CAR,0,4,0,,,,,,,,,"{""indoor"": true}"
NHL-20260529-MTL-CAR-20,NHL,2026-05-30T00:00:00,CAR,MTL,6,1,0,,,,,,,,,"{""indoor"": true}"
NHL-20260602-VGK-CAR-20,NHL,2026-06-03T00:00:00,CAR,VGK,4,5,0,,,,,,,,,"{""indoor"": true}"
NHL-20260604-VGK-CAR-20,NHL,2026-06-05T00:00:00,CAR,VGK,4,3,0,,,,,,,,,"{""indoor"": true}"
NHL-20260606-CAR-VGK-20,NHL,2026-06-07T00:00:00,VGK,CAR,5,4,0,,,,,,,,,"{""indoor"": true}"
NHL-20260609-CAR-VGK-20,NHL,2026-06-10T00:00:00,VGK,CAR,3,5,0,,,,,,,,,"{""indoor"": true}"
NHL-20260611-VGK-CAR-20,NHL,2026-06-12T00:00:00,CAR,VGK,4,2,0,,,,,,,,,"{""indoor"": true}"
NHL-20260614-CAR-VGK-20,NHL,2026-06-15T00:00:00,VGK,CAR,0,3,0,,,,,,,,,"{""indoor"": true}"
